id,pcf_pointer,team_id,team_name,short_name,full_name,shirt_number,shirt_number_reliable,position_original,position_normalized,role_primary,overall,overall_derived,attr_velocidad,attr_resistencia,attr_agresividad,attr_calidad,attr_remate,attr_regate,attr_pase,attr_tiro,attr_entradas,attr_portero,birth_date,age,nationality,birth_country,birth_place,height,weight,preferred_foot,market_value,salary,slot,skin,hair,source_file,source_offset,data_confidence
river-2025-25631,25631,river-2025,River,Saccone,Alejandro SACCONE,32,True,Portero,GK,Portero,66,66,72,64,66,65,21,13,15,19,15,75,1974-03-25,24,Argentina,Argentina,Rosario,,,,,,26,blanco,moreno,EQ003003.PKF,630244,original
river-2025-25632,25632,river-2025,River,Costanzo,Franco COSTANZO,17,True,Portero,GK,Portero,69,69,67,70,70,70,9,4,12,9,25,78,1980-09-05,17,Argentina,Argentina,Río Cuarto (Córdoba),,,,,,27,blanco,moreno,EQ003003.PKF,630533,original
river-2025-8787,8787,river-2025,River,Burgos,Germán Adrián Ramón BURGOS,1,True,Portero,GK,Portero,83,83,80,85,90,80,19,22,18,23,22,85,1969-04-16,29,Argentina,Argentina,Mar del Plata (BA),188,75,,,,1,blanco,moreno,EQ003003.PKF,630919,original
river-2025-8789,8789,river-2025,River,Bonano,Roberto Oscar BONANO,12,True,Portero,GK,Portero,81,81,80,83,83,80,19,19,22,16,21,90,1970-02-24,28,Argentina,Argentina,Rosario (SF),188,75,,,,12,blanco,moreno,EQ003003.PKF,635581,original
river-2025-17489,17489,river-2025,River,Biscay,Matías BISCAY,26,True,Defensa,DF,Central izquierdo,80,80,78,79,88,77,67,62,68,67,90,12,1974-03-05,24,Argentina,Argentina,San Fernando (BA),183,73,,,,24,blanco,moreno,EQ003003.PKF,639709,original
river-2025-25633,25633,river-2025,River,Villalba,Héctor VILLALBA,13,True,Defensa,DF,Central izquierdo,73,73,73,75,75,72,44,43,59,44,56,17,1978-02-26,20,Argentina,Argentina,San Miguel (Tucumán),,,,,,23,blanco,castano,EQ003003.PKF,640776,original
river-2025-25634,25634,river-2025,River,Acosta,Norberto ACOSTA,30,True,Defensa,DF,Lateral izquierdo,72,72,72,73,70,76,52,45,66,58,73,8,1976-05-22,22,Argentina,Argentina,Salta,,,,,,25,blanco,castano,EQ003003.PKF,641261,original
river-2025-8865,8865,river-2025,River,Martínez,Jorge Daniel MARTÍNEZ,25,True,Defensa,DF,Lateral derecho,84,84,94,88,76,80,79,73,79,80,82,15,1973-06-20,25,Argentina,Argentina,Montecarlo (Misiones),166,60,,,,2,mulato,castano,EQ003003.PKF,641682,original
river-2025-20722,20722,river-2025,River,Sarabia,Pedro Alcides SARABIA Achucarro,2,True,Defensa,DF,Central derecho,79,79,80,82,77,77,61,64,69,68,90,18,1975-07-05,22,Paraguay,Paraguay,Asunción (Paraguay),190,80,,,,4,blanco,moreno,EQ003003.PKF,645838,original
river-2025-17351,17351,river-2025,River,Placente,Diego PLACENTE,14,True,Defensa,DF,Lateral izquierdo,82,82,81,84,82,83,65,61,68,64,90,10,1974-07-27,23,Argentina,Argentina,Capital Federal,178,71,,,,18,blanco,moreno,EQ003003.PKF,648943,original
river-2025-17352,17352,river-2025,River,Paz,José María PAZ,18,True,Defensa,DF,Central izquierdo,78,78,77,80,80,75,62,65,62,64,89,16,1978-07-03,19,Argentina,Argentina,L. Gral. San Martín,180,71,,,,14,blanco,moreno,EQ003003.PKF,651057,original
river-2025-8791,8791,river-2025,River,Hernán Díaz,HERNAN Edgardo DIAZ,4,True,Defensa,DF,Lateral derecho,78,78,73,80,95,65,68,62,63,62,81,14,1965-02-26,33,Argentina,Argentina,Barrancas (Santa Fé),178,70,,,,15,blanco,moreno,EQ003003.PKF,653303,original
river-2025-8793,8793,river-2025,River,Berizzo,Eduardo BERIZZO,6,True,Defensa,DF,Central izquierdo,84,84,81,85,84,88,65,68,67,62,85,16,1969-11-13,28,Argentina,Argentina,Cruz Alta (Córdoba),188,75,,,,5,blanco,castano,EQ003003.PKF,658302,original
river-2025-8797,8797,river-2025,River,Sorín,Juan Pablo SORIN,3,True,Defensa,DF,Lateral izquierdo,82,82,85,83,80,83,63,61,65,69,83,17,1976-05-05,22,Argentina,Argentina,Capital Federal,176,68,,,,3,blanco,moreno,EQ003003.PKF,663260,original
river-2025-8846,8846,river-2025,River,M. Gómez,MARCELO Adrián GÓMEZ,15,True,Medio,MF,Medio centro defensivo,83,83,80,87,87,80,65,84,83,60,60,16,1970-12-08,27,Argentina,Argentina,Capital Federal,185,72,,,,21,blanco,moreno,EQ003003.PKF,668543,original
river-2025-8798,8798,river-2025,River,Gallardo,Marcelo Daniel GALLARDO,10,True,Medio,MF,Media punta por el centro,85,85,82,82,86,90,65,89,87,60,61,18,1976-01-18,22,Argentina,Argentina,Merlo (BA),165,68,,,,10,blanco,moreno,EQ003003.PKF,673646,original
river-2025-8799,8799,river-2025,River,Astrada,Leonardo Rubén ASTRADA,5,True,Medio,MF,Medio centro defensivo,81,81,77,85,89,74,60,89,90,70,63,15,1970-01-06,28,Argentina,Argentina,Capital Federal,185,73,,,,6,blanco,moreno,EQ003003.PKF,679455,original
river-2025-8800,8800,river-2025,River,Escudero,Marcelo Alejandro ESCUDERO,8,True,Medio,MF,Interior derecho,80,80,78,84,82,77,66,86,85,60,62,15,1972-07-25,25,Argentina,Argentina,Punta Alta (BA),184,76,,,,13,blanco,moreno,EQ003003.PKF,684899,original
river-2025-8801,8801,river-2025,River,Gancedo,Leonel Fernando GANCEDO,28,True,Medio,MF,Medio centro organizador,81,81,78,83,80,86,61,86,86,68,65,11,1971-01-28,27,Argentina,Argentina,Capital Federal,188,75,,,,19,blanco,rubio,EQ003003.PKF,688794,original
river-2025-8802,8802,river-2025,River,Berti,Sergio Angel BERTI,11,True,Medio,MF,Centrocampista izquierda,84,84,85,84,88,81,66,85,81,61,60,16,1969-09-17,28,Argentina,Argentina,Empalme Villa Constitución (Sta. Fé),189,77,,,,22,blanco,castano,EQ003003.PKF,692166,original
river-2025-8804,8804,river-2025,River,Solari,Santiago Hernán SOLARI,21,True,Medio,MF,Centrocampista izquierda,81,81,82,85,75,82,69,89,88,67,60,20,1976-10-07,21,Argentina,Argentina,Rosario (SF),185,72,,,,7,blanco,moreno,EQ003003.PKF,698417,original
river-2025-25635,25635,river-2025,River,Saviola,Javier Pedro SAVIOLA,27,True,Delantero,FW,Delantero centro,78,78,80,70,80,85,85,70,70,80,75,5,1982-01-10,16,Argentina,Argentina,Belgrano (BA),,,,,,20,blanco,castano,EQ003003.PKF,702642,original
river-2025-8786,8786,river-2025,River,Angel,Juan Pablo ANGEL Arango,22,True,Delantero,FW,Delantero centro,79,79,78,82,80,79,86,92,76,80,66,11,1975-10-24,22,Colombia,Colombia,Medellín,183,70,,,,16,mulato,moreno,EQ003003.PKF,703739,original
river-2025-20807,20807,river-2025,River,Castillo,Cristian Gastón CASTILLO,20,True,Delantero,FW,Extremo derecho,84,84,90,84,75,90,83,86,68,88,60,11,1975-02-25,23,Argentina,Argentina,Capital Federal,172,70,,,,11,blanco,moreno,EQ003003.PKF,704368,original
river-2025-206,206,river-2025,River,Pizzi,Juan Antonio PIZZI Torroja,7,True,Delantero,FW,Delantero centro,80,80,84,78,80,79,88,81,75,83,55,9,1968-06-07,30,España,Argentina,Santa Fe (Argentina),185,84,,,,9,blanco,moreno,EQ003003.PKF,709381,original
river-2025-8920,8920,river-2025,River,Rambert,Sebastián Pascual RAMBERT,9,True,Delantero,FW,Extremo derecho,82,82,93,78,74,86,86,84,64,89,63,10,1974-01-30,24,Francia,Argentina,Bernal (BA),170,66,,,,17,blanco,moreno,EQ003003.PKF,713931,original
river-2025-8810,8810,river-2025,River,Aimar,Pablo César AIMAR,29,True,Medio,MF,Media punta por el centro,81,81,80,75,76,95,77,82,89,65,57,12,1979-11-03,18,Argentina,Argentina,Río Cuarto (Córdoba),168,60,,,,8,blanco,moreno,EQ003003.PKF,719678,original
san-lorenzo-1825-16450,16450,san-lorenzo-1825,San Lorenzo,Campagnuolo,Gustavo Jorge CAMPAGNUOLO,25,True,Portero,GK,Portero,78,78,79,78,77,78,25,25,40,35,45,77,1973-06-27,25,Argentina,Argentina,Capital Federal,190,80,,,,12,blanco,moreno,EQ003003.PKF,722546,original
san-lorenzo-1825-8812,8812,san-lorenzo-1825,San Lorenzo,Passet,Oscar Fernando PASSET,1,True,Portero,GK,Portero,83,83,84,85,84,82,19,23,25,18,23,81,1965-10-12,32,Argentina,Argentina,Santa Fé,190,86,,,,1,blanco,castano,EQ003003.PKF,724435,original
san-lorenzo-1825-8813,8813,san-lorenzo-1825,San Lorenzo,Angelucci,Gilberto ANGELUCCI Guión,12,True,Portero,GK,Portero,78,78,72,83,80,77,23,22,15,15,20,78,1967-08-07,30,Venezuela,Venezuela,Turén (Venezuela),193,86,,,,19,blanco,moreno,EQ003003.PKF,729660,original
san-lorenzo-1825-25636,25636,san-lorenzo-1825,San Lorenzo,Córdoba,Iván Ramiro CÓRDOBA Sepúlveda,3,True,Defensa,DF,Lateral izquierdo,71,71,72,71,78,65,50,60,70,70,80,15,1976-08-11,21,Colombia,Colombia,Medellín,,,,,,3,blanco,moreno,EQ003003.PKF,732716,original
san-lorenzo-1825-5340,5340,san-lorenzo-1825,San Lorenzo,Ameli,Horacio Andrés AMELI,2,True,Defensa,DF,Libre,82,82,83,79,79,87,66,73,78,62,84,25,1974-07-07,23,Argentina,Argentina,Rosario (Argentina),179,79,,,,4,blanco,moreno,EQ003003.PKF,733142,original
san-lorenzo-1825-17357,17357,san-lorenzo-1825,San Lorenzo,Lussenhoff,Federico Guillermo LUSSENHOFF,6,True,Defensa,DF,Central izquierdo,80,80,75,85,86,77,60,63,60,63,90,15,1974-01-14,24,Argentina,Argentina,Venado Tuerto (SF),188,75,,,,5,blanco,pelirrojo,EQ003003.PKF,735103,original
san-lorenzo-1825-6345,6345,san-lorenzo-1825,San Lorenzo,Paredes,Aldo Gustavo PAREDES,21,True,Defensa,DF,Lateral derecho,79,79,84,78,79,75,62,65,64,61,89,17,1972-02-15,26,Argentina,Argentina,Formosa,175,70,,,,13,blanco,moreno,EQ003003.PKF,741205,original
san-lorenzo-1825-8817,8817,san-lorenzo-1825,San Lorenzo,Manusovich,Damián Marcelo MANUSOVICH,14,True,Defensa,DF,Lateral izquierdo,79,79,81,80,82,74,68,62,68,67,84,12,1973-04-30,25,Argentina,Argentina,Capital Federal,175,68,,,,20,blanco,rubio,EQ003003.PKF,744740,original
san-lorenzo-1825-8818,8818,san-lorenzo-1825,San Lorenzo,Tuzzio,Eduardo Nicolás TUZZIO,4,True,Defensa,DF,Lateral derecho,78,78,79,80,78,77,64,61,64,65,86,13,1974-07-31,23,Argentina,Argentina,Capital Federal,185,78,,,,2,blanco,moreno,EQ003003.PKF,747862,original
san-lorenzo-1825-25448,25448,san-lorenzo-1825,San Lorenzo,Coudet,Eduardo Germán COUDET,8,True,Medio,MF,Interior derecho,81,81,78,82,85,82,69,86,87,67,63,14,1974-09-12,23,Argentina,Argentina,Capital Federal,178,70,,,,8,blanco,castano,EQ003003.PKF,751572,original
san-lorenzo-1825-2084,2084,san-lorenzo-1825,San Lorenzo,Borrelli,Juan José BORRELLI,20,True,Medio,MF,Media punta por el centro,79,79,80,77,75,85,65,86,86,63,62,10,1970-11-08,27,Argentina,Argentina,San Isidro (BA),175,72,,,,11,blanco,castano,EQ003003.PKF,756542,original
san-lorenzo-1825-17361,17361,san-lorenzo-1825,San Lorenzo,Estévez,Raúl Enrique ESTÉVEZ,7,True,Medio,MF,Media punta derecha,77,77,81,78,72,79,67,89,89,62,67,14,1978-01-21,20,Argentina,Argentina,Lomas de Zamora (BA),170,66,,,,7,blanco,moreno,EQ003003.PKF,760989,original
san-lorenzo-1825-17362,17362,san-lorenzo-1825,San Lorenzo,Saric,Mirko SARIC,16,True,Medio,MF,Medio centro defensivo,77,77,76,75,79,80,64,90,85,65,69,20,1978-06-06,20,Argentina,Argentina,Capital Federal,184,73,,,,15,blanco,moreno,EQ003003.PKF,765049,original
san-lorenzo-1825-8823,8823,san-lorenzo-1825,San Lorenzo,Galetto,Fernando Edgar GALETTO,5,True,Medio,MF,Medio centro organizador,82,82,76,82,78,93,63,81,83,67,69,17,1971-04-13,27,Argentina,Argentina,Monte Cristo (Córdoba),188,80,,,,6,blanco,moreno,EQ003003.PKF,767273,original
san-lorenzo-1825-8824,8824,san-lorenzo-1825,San Lorenzo,Basavilbaso,Federico BASAVILBASO,11,True,Medio,MF,Centrocampista izquierda,80,80,87,88,73,75,64,80,84,66,66,15,1974-03-24,24,Argentina,Argentina,Capital Federal,174,73,,,,14,blanco,castano,EQ003003.PKF,772283,original
san-lorenzo-1825-8826,8826,san-lorenzo-1825,San Lorenzo,Gorosito,Néstor Raúl GOROSITO,10,True,Medio,MF,Media punta por el centro,83,83,78,79,79,98,66,83,84,88,69,12,1964-05-14,34,Argentina,Argentina,San Fernando (BA),183,75,,,,10,blanco,moreno,EQ003003.PKF,775401,original
san-lorenzo-1825-8827,8827,san-lorenzo-1825,San Lorenzo,Rivadero,Claudio Alejandro RIVADERO,22,True,Medio,MF,Interior derecho,80,80,78,82,86,77,63,84,80,65,62,13,1970-12-28,27,Argentina,Argentina,Bell Ville (Córdoba),174,63,,,,22,blanco,moreno,EQ003003.PKF,783914,original
san-lorenzo-1825-8830,8830,san-lorenzo-1825,San Lorenzo,Figueroa,Diego Manuel FIGUEROA,17,True,Medio,MF,Media punta por el centro,79,79,82,78,75,83,67,81,88,65,66,20,1978-02-15,20,Argentina,Argentina,Lanús (BA),175,68,,,,23,blanco,moreno,EQ003003.PKF,787368,original
san-lorenzo-1825-8831,8831,san-lorenzo-1825,San Lorenzo,Montenegro,Ariel Alfredo MONTENEGRO,15,True,Medio,MF,Interior derecho,81,81,81,83,82,78,66,90,81,65,63,16,,,Argentina,Argentina,Capital Federal,180,72,,,,16,blanco,moreno,EQ003003.PKF,790129,original
san-lorenzo-1825-8832,8832,san-lorenzo-1825,San Lorenzo,Arbarello,Javier Alejandro ARBARELLO,26,True,Delantero,FW,Extremo derecho,78,78,86,79,74,75,88,81,62,82,61,17,1969-04-28,29,Argentina,Argentina,Ballesteros (Córdoba),175,69,,,,21,blanco,moreno,EQ003003.PKF,792721,original
san-lorenzo-1825-19110,19110,san-lorenzo-1825,San Lorenzo,Acosta,Alberto Federico ACOSTA,9,True,Delantero,FW,Delantero centro,78,78,78,77,78,79,84,75,72,76,50,9,1966-08-23,31,Argentina,Argentina,Arocena (Argentina),176,79,,,,9,blanco,moreno,EQ003003.PKF,794735,original
san-lorenzo-1825-25449,25449,san-lorenzo-1825,San Lorenzo,Coria,Adrián Norberto CORIA,19,True,Delantero,FW,Delantero centro,80,80,85,77,78,82,90,90,69,86,66,18,1976-07-30,21,Argentina,Argentina,José C. Paz (BA),183,72,,,,17,blanco,moreno,EQ003003.PKF,795612,original
san-lorenzo-1825-17366,17366,san-lorenzo-1825,San Lorenzo,Biaggio,Claudio Darío BIAGGIO,18,True,Delantero,FW,Delantero centro,82,82,90,81,80,80,90,87,68,85,60,12,1967-07-02,30,Argentina,Argentina,Santa Rosa (La Pampa),183,73,,,,18,blanco,moreno,EQ003003.PKF,800087,original
vélez-1506-25526,25526,vélez-1506,Vélez,De la Fuente,Ariel DE LA FUENTE,29,True,Portero,GK,Portero,77,77,78,77,77,77,25,32,34,29,35,85,1977-07-17,20,Argentina,Argentina,San Martín (BA),,,,,,12,blanco,moreno,EQ003003.PKF,806089,original
vélez-1506-8837,8837,vélez-1506,Vélez,Chilavert,José Luis Félix CHILAVERT González,1,True,Portero,GK,Portero,91,91,83,89,97,95,80,33,40,90,30,90,1965-07-27,32,Paraguay,Paraguay,Luque (Paraguay),192,90,,,,1,mulato,moreno,EQ003003.PKF,806468,original
vélez-1506-17368,17368,vélez-1506,Vélez,Bilbao,Rodrigo Martín BILBAO,21,True,Defensa,DF,Lateral izquierdo,79,79,81,86,77,75,64,66,68,61,89,12,1975-06-03,23,Argentina,Argentina,Morón (BA),176,69,,,,16,blanco,rubio,EQ003003.PKF,812795,original
vélez-1506-8839,8839,vélez-1506,Vélez,Cardozo,Raúl Ernesto CARDOZO,3,True,Defensa,DF,Lateral izquierdo,81,81,83,80,82,80,62,63,66,62,80,17,1967-10-28,30,Argentina,Argentina,Morón (BA),170,68,,,,19,blanco,moreno,EQ003003.PKF,815871,original
vélez-1506-8843,8843,vélez-1506,Vélez,Zandoná,Flavio Gabriel ZANDONÁ,4,True,Defensa,DF,Lateral derecho,80,80,90,79,77,75,64,60,66,68,89,11,1968-04-08,30,Argentina,Argentina,Zárate (BA),184,74,,,,2,blanco,moreno,EQ003003.PKF,820466,original
vélez-1506-8844,8844,vélez-1506,Vélez,Sotomayor,Víctor Hugo SOTOMAYOR,2,True,Defensa,DF,Central izquierdo,80,80,78,79,82,82,61,64,60,62,82,20,1968-01-21,30,Argentina,Argentina,Córdoba,187,80,,,,4,blanco,moreno,EQ003003.PKF,824565,original
vélez-1506-8845,8845,vélez-1506,Vélez,Méndez,Sebastián Ariel MÉNDEZ,15,True,Defensa,DF,Central izquierdo,79,79,79,79,80,80,67,67,65,62,80,18,1977-07-04,20,Argentina,Argentina,Capital Federal,184,73,,,,5,blanco,rubio,EQ003003.PKF,829321,original
vélez-1506-27548,27548,vélez-1506,Vélez,Castromán,Lucas Martín CASTROMÁN,26,True,Medio,MF,Medio centro defensivo,69,69,73,67,69,70,50,36,50,51,70,16,1980-10-02,17,Argentina,Argentina,Villa Flandria (BA),,,,,,20,blanco,moreno,EQ003003.PKF,832622,original
vélez-1506-17371,17371,vélez-1506,Vélez,Marangoni,Rodrigo Daniel MARANGONI,20,True,Medio,MF,Media punta izquierda,76,76,77,75,73,82,69,86,87,69,62,13,1978-02-21,20,Argentina,Argentina,Paraná (E.Ríos),170,63,,,,14,blanco,moreno,EQ003003.PKF,833185,original
vélez-1506-17372,17372,vélez-1506,Vélez,Cantoro,Roberto Mauro CANTORO,17,True,Medio,MF,Media punta por el centro,76,76,78,77,75,77,69,84,82,63,66,14,1976-09-01,21,Argentina,Argentina,Capital Federal,182,76,,,,17,blanco,moreno,EQ003003.PKF,836867,original
vélez-1506-17373,17373,vélez-1506,Vélez,Batalla,Juan Darío BATALLA,18,True,Medio,MF,Media punta por el centro,82,82,83,81,80,84,64,84,90,65,61,12,1978-09-18,19,Argentina,Argentina,San Isidro (BA),175,72,,,,18,blanco,moreno,EQ003003.PKF,839687,original
vélez-1506-8847,8847,vélez-1506,Vélez,Bassedas,Christian Gustavo BASSEDAS,7,True,Medio,MF,Interior izquierdo,83,83,82,85,83,85,64,87,85,66,63,14,1973-02-16,25,Argentina,Argentina,Capital Federal,174,70,,,,7,blanco,castano,EQ003003.PKF,842137,original
vélez-1506-8848,8848,vélez-1506,Vélez,Compagnucci,Carlos Horacio COMPAGNUCCI,16,True,Medio,MF,Medio centro defensivo,80,80,76,81,84,80,66,90,90,69,63,12,1968-08-06,29,Argentina,Argentina,Monte Buey (Cba),178,71,,,,6,blanco,castano,EQ003003.PKF,848286,original
vélez-1506-17374,17374,vélez-1506,Vélez,Cubero,Fabián CUBERO,13,True,Medio,MF,Medio centro defensivo,79,79,79,82,79,77,67,89,90,69,63,14,1978-12-21,19,Argentina,Argentina,Mar del Plata (BA),179,74,,,,13,blanco,moreno,EQ003003.PKF,853116,original
vélez-1506-8850,8850,vélez-1506,Vélez,Husaín C.,Claudio Daniel HUSAIN,8,True,Medio,MF,Interior derecho,80,80,77,81,86,78,63,86,86,69,63,16,1974-11-20,23,Argentina,Argentina,San Justo (BA),180,72,,,,3,blanco,moreno,EQ003003.PKF,856523,original
vélez-1506-8851,8851,vélez-1506,Vélez,Camps,Patricio Alejandro CAMPS,10,True,Medio,MF,Media punta por el centro,86,86,88,85,83,88,65,81,81,65,65,15,1972-01-22,26,Argentina,Argentina,Capital Federal,170,65,,,,10,blanco,moreno,EQ003003.PKF,861424,original
vélez-1506-24890,24890,vélez-1506,Vélez,Zárate,Favio Héctor ZARATE,0,True,Delantero,FW,Media punta por el centro,73,73,71,69,74,79,60,54,75,75,60,10,1971-04-01,27,Argentina,Argentina,Río Segundo (Cba),175,77,,,,15,blanco,moreno,EQ003003.PKF,866122,original
vélez-1506-25520,25520,vélez-1506,Vélez,Pandolfi,Fernando Daniel PANDOLFI,14,True,Delantero,FW,Media punta por el centro,80,80,78,79,83,83,79,78,77,78,50,10,1974-05-29,24,Argentina,Argentina,Buenos Aires (Argentina),178,75,,,,11,blanco,moreno,EQ003003.PKF,866435,original
vélez-1506-17376,17376,vélez-1506,Vélez,Husaín D.,Darío Fernando HUSAIN,22,True,Delantero,FW,Delantero centro,82,82,83,75,81,89,85,90,66,80,62,20,1976-05-02,22,Argentina,Argentina,Haedo (BA),178,70,,,,9,blanco,moreno,EQ003003.PKF,867065,original
vélez-1506-8856,8856,vélez-1506,Vélez,Cordone,Carlos Daniel CORDONE,19,True,Delantero,FW,Extremo izquierdo,81,81,88,79,77,82,88,87,63,81,68,19,1974-11-06,23,Argentina,Argentina,General Rodríguez (BA),174,70,,,,8,blanco,rubio,EQ003003.PKF,869614,original
argentinos-jrs-1607-17377,17377,argentinos-jrs-1607,Argentinos Jrs.,Sanzotti,Raúl Alejandro Ramón SANZOTTI,12,True,Portero,GK,Portero,69,69,69,69,68,73,26,25,21,20,35,60,1975-01-12,23,Argentina,Argentina,Inriville (Cba),178,72,,,,19,blanco,moreno,EQ003003.PKF,872981,original
argentinos-jrs-1607-6361,6361,argentinos-jrs-1607,Argentinos Jrs.,Pontiroli,Marcelo Luis PONTIROLI,1,True,Portero,GK,Portero,77,77,78,76,75,79,22,22,19,21,24,89,1972-01-22,26,Argentina,Argentina,San Andrés de Giles (BA),185,85,,,,1,blanco,moreno,EQ003003.PKF,873677,original
argentinos-jrs-1607-17378,17378,argentinos-jrs-1607,Argentinos Jrs.,Crudo,Guillermo Héctor CRUDO,21,True,Portero,GK,Portero,75,75,75,73,76,79,15,25,25,24,24,81,1967-08-11,30,Argentina,Argentina,Morón (BA),178,72,,,,12,blanco,moreno,EQ003003.PKF,875453,original
argentinos-jrs-1607-27549,27549,argentinos-jrs-1607,Argentinos Jrs.,Plaza,Sergio Orlando PLAZA,27,True,Defensa,DF,Lateral derecho,75,75,75,75,74,79,65,65,69,70,75,12,1976-02-14,22,Argentina,Argentina,Salta,,,,,,2,blanco,castano,EQ003003.PKF,876081,original
argentinos-jrs-1607-25637,25637,argentinos-jrs-1607,Argentinos Jrs.,Fernández,Néstor FERNÁNDEZ,4,True,Defensa,DF,Central derecho,74,74,77,84,71,67,59,69,51,63,73,21,1978-10-12,19,Argentina,Argentina,San Martín (BA),,,,,,13,blanco,castano,EQ003003.PKF,876215,original
argentinos-jrs-1607-17382,17382,argentinos-jrs-1607,Argentinos Jrs.,Cogliandro,Diego COGLIANDRO,22,True,Defensa,DF,Libre,76,76,77,75,74,78,69,63,67,63,75,18,1976-10-10,21,Argentina,Argentina,Capital Federal,176,65,,,,18,blanco,moreno,EQ003003.PKF,876577,original
argentinos-jrs-1607-17380,17380,argentinos-jrs-1607,Argentinos Jrs.,Cocca,Diego Martín COCCA,3,True,Defensa,DF,Central izquierdo,73,73,73,72,71,76,69,69,68,65,83,15,1972-02-11,26,Argentina,Argentina,Buenos Aires (Argentina),176,69,,,,6,blanco,moreno,EQ003003.PKF,877220,original
argentinos-jrs-1607-8820,8820,argentinos-jrs-1607,Argentinos Jrs.,Quinteros G.,Gustavo E. Domingo QUINTEROS,16,True,Defensa,DF,Libre,76,76,78,75,76,78,61,67,61,62,90,20,1965-02-15,33,Bolivia,Argentina,Cafferata (Santa Fé),188,82,,,,15,blanco,moreno,EQ003003.PKF,878477,original
argentinos-jrs-1607-17379,17379,argentinos-jrs-1607,Argentinos Jrs.,Luque,Sergio Gustavo LUQUE,20,True,Defensa,DF,Central izquierdo,76,76,77,74,76,78,68,69,63,66,90,11,1975-06-17,23,Argentina,Argentina,San Martín (BA),176,65,,,,17,blanco,moreno,EQ003003.PKF,880622,original
argentinos-jrs-1607-17381,17381,argentinos-jrs-1607,Argentinos Jrs.,Garfagnoli,Fabián Alberto GARFAGNOLI,6,True,Defensa,DF,Lateral izquierdo,71,71,74,72,71,70,60,66,68,61,85,10,1970-08-17,27,Argentina,Argentina,Fighiera (SF),176,65,,,,4,blanco,castano,EQ003003.PKF,881421,original
argentinos-jrs-1607-17385,17385,argentinos-jrs-1607,Argentinos Jrs.,Schiavi,Rolando Carlos SCHIAVI,2,True,Defensa,DF,Central izquierdo,76,76,75,78,75,78,68,62,62,63,86,20,1973-01-18,25,Argentina,Argentina,Lincoln (BA),179,70,,,,3,blanco,moreno,EQ003003.PKF,882238,original
argentinos-jrs-1607-25638,25638,argentinos-jrs-1607,Argentinos Jrs.,Solana,Gerardo SOLANA,8,True,Medio,MF,Medio centro organizador,79,79,77,79,80,83,70,65,70,70,80,12,,,Argentina,Argentina,-,,,,,,7,blanco,castano,EQ003003.PKF,883347,original
argentinos-jrs-1607-17397,17397,argentinos-jrs-1607,Argentinos Jrs.,Tradito,Gustavo Martín TRADITO,23,True,Medio,MF,Media punta por el centro,77,77,80,77,74,80,60,83,80,66,66,15,1978-03-11,20,Argentina,Argentina,Capital Federal,179,76,,,,20,blanco,moreno,EQ003003.PKF,883455,original
argentinos-jrs-1607-25521,25521,argentinos-jrs-1607,Argentinos Jrs.,Insúa,Federico INSÚA,15,True,Medio,MF,Interior derecho,79,79,78,75,79,84,70,71,75,76,55,10,1980-01-03,18,Argentina,Argentina,Buenos Aires (Argentina),,,,,,10,blanco,castano,EQ003003.PKF,884353,original
argentinos-jrs-1607-25522,25522,argentinos-jrs-1607,Argentinos Jrs.,Cartés,Roberto CARTÉS Contreras,10,True,Medio,MF,Media punta izquierda,76,76,76,74,76,79,70,75,77,75,55,10,1972-09-06,25,Chile,Chile,Concepción,170,68,,,,9,blanco,moreno,EQ003003.PKF,884696,original
argentinos-jrs-1607-17391,17391,argentinos-jrs-1607,Argentinos Jrs.,Markic,Diego Fernando MARKIC,5,True,Medio,MF,Medio centro defensivo,76,76,73,79,75,77,63,90,85,66,65,18,1977-01-09,21,Argentina,Argentina,Capital Federal,188,84,,,,5,blanco,castano,EQ003003.PKF,884908,original
argentinos-jrs-1607-25639,25639,argentinos-jrs-1607,Argentinos Jrs.,Zagharián,Fernando ZAGHARIÁN,19,True,Delantero,FW,Extremo derecho,71,71,74,68,69,75,73,58,75,77,68,5,1977-01-13,21,Argentina,Argentina,Buenos Aires,,,,,,21,blanco,castano,EQ003003.PKF,885838,original
argentinos-jrs-1607-25523,25523,argentinos-jrs-1607,Argentinos Jrs.,Brizuela,Hugo BRIZUELA,7,True,Delantero,FW,Delantero centro,80,80,78,79,81,84,86,77,76,80,35,10,1970-02-08,28,Paraguay,Paraguay,Asunción (Paraguay),173,70,,,,11,blanco,moreno,EQ003003.PKF,885979,original
argentinos-jrs-1607-17394,17394,argentinos-jrs-1607,Argentinos Jrs.,Bennett,Eduardo BENNETT,11,True,Delantero,FW,Delantero centro,76,76,78,83,74,72,89,90,61,85,62,20,1968-09-17,29,Honduras,Honduras,La Ceiba Atlántica (Honduras),179,76,,,,14,negro,moreno,EQ003003.PKF,886597,original
argentinos-jrs-1607-17395,17395,argentinos-jrs-1607,Argentinos Jrs.,Quinteros J.,Jorge Roberto QUINTEROS,9,True,Delantero,FW,Delantero centro,79,79,81,79,77,80,87,80,64,90,61,16,1974-04-27,24,Argentina,Argentina,Capital Federal,176,65,,,,8,blanco,moreno,EQ003003.PKF,888102,original
argentinos-jrs-1607-17396,17396,argentinos-jrs-1607,Argentinos Jrs.,Arcamone,Luis Federico ARCAMONE,17,True,Delantero,FW,Extremo izquierdo,77,77,85,73,73,77,83,84,73,80,62,19,1979-03-19,19,Argentina,Argentina,Capital Federal,175,68,,,,16,blanco,moreno,EQ003003.PKF,889434,original
newell-s-1849-17603,17603,newell-s-1849,Newell's,Luque,Diego Ezio Ramón LUQUE,12,True,Portero,GK,Portero,66,66,65,66,65,69,15,11,21,13,19,75,1976-03-21,22,Argentina,Argentina,Rosario (SF),185,75,,,,12,blanco,moreno,EQ003003.PKF,892001,original
newell-s-1849-17398,17398,newell-s-1849,Newell's,Álvarez,Guillermo Rafael ÁLVAREZ,22,True,Portero,GK,Portero,76,76,75,77,77,75,20,15,23,20,15,87,1976-11-03,21,Argentina,Argentina,Argentina,182,71,,,,22,blanco,moreno,EQ003003.PKF,892738,original
newell-s-1849-20726,20726,newell-s-1849,Newell's,Cejas,Cristian Sebastián CEJAS,1,True,Portero,GK,Portero,78,78,78,78,79,80,25,25,18,22,16,88,1975-04-21,23,Argentina,Argentina,Gualeguay (ER),180,77,,,,1,blanco,moreno,EQ003003.PKF,894300,original
newell-s-1849-6418,6418,newell-s-1849,Newell's,Priotti,Jorge PRIOTTI,20,True,Medio,MF,Medio centro defensivo,68,68,70,71,72,60,48,50,60,55,75,18,1972-07-15,25,Argentina,Argentina,Cafferata (SF),180,77,,,,19,blanco,moreno,EQ003003.PKF,896280,original
newell-s-1849-25640,25640,newell-s-1849,Newell's,Pooli,Pablo POOLI,23,True,Medio,MF,Media punta izquierda,70,70,73,70,70,70,65,70,70,65,60,10,1979-09-02,18,Argentina,Argentina,Cañada de Gómez,,,,,,24,blanco,castano,EQ003003.PKF,897893,original
newell-s-1849-20727,20727,newell-s-1849,Newell's,Alsina,Oscar Milton ALSINA Hornos,28,True,Medio,MF,Centrocampista izquierda,79,79,82,78,76,80,63,89,86,69,69,19,1969-04-11,29,Uruguay,Uruguay,Montevideo (ROU),170,68,,,,26,blanco,rubio,EQ003003.PKF,898247,original
newell-s-1849-25451,25451,newell-s-1849,Newell's,Saldaña,Julio César SALDAÑA,8,True,Medio,MF,Interior derecho,80,80,80,81,82,80,64,88,82,60,65,10,1967-11-14,30,Argentina,Argentina,Arrecifes (BA),178,77,,,,2,blanco,moreno,EQ003003.PKF,899901,original
newell-s-1849-17403,17403,newell-s-1849,Newell's,Mateo,Diego MATEO,16,True,Medio,MF,Interior izquierdo,79,79,77,79,85,76,69,86,83,60,61,13,1978-08-07,19,Argentina,Argentina,Roldán,175,70,,,,10,blanco,rubio,EQ003003.PKF,903222,original
newell-s-1849-25641,25641,newell-s-1849,Newell's,Fuentes,Fabricio FUENTES,13,True,Defensa,DF,Libre,60,60,50,65,62,64,30,24,30,45,58,20,1976-10-13,21,Argentina,Argentina,Río Cuarto (CBA),,,,,,18,blanco,castano,EQ003003.PKF,906072,original
newell-s-1849-25642,25642,newell-s-1849,Newell's,Acevedo,Ricardo Javier ACEVEDO,15,True,Defensa,DF,Lateral izquierdo,73,73,80,75,70,70,65,67,55,60,75,18,1979-09-29,18,Argentina,Argentina,Sáenz Peña (CHA),,,,,,13,blanco,moreno,EQ003003.PKF,906480,original
newell-s-1849-25643,25643,newell-s-1849,Newell's,F. Crossa,FERNANDO Javier CROSSA,4,True,Defensa,DF,Central izquierdo,68,68,66,70,70,68,45,50,48,50,60,20,1979-02-28,19,Argentina,Argentina,Rosario (SFE),,,,,,5,blanco,moreno,EQ003003.PKF,906777,original
newell-s-1849-6092,6092,newell-s-1849,Newell's,D. Crosa,Diego Sebastián CROSA,6,True,Defensa,DF,Central derecho,79,79,79,78,80,80,65,62,67,66,81,13,1976-04-18,22,Argentina,Argentina,Rosario (SF),182,75,,,,3,blanco,moreno,EQ003003.PKF,907473,original
newell-s-1849-20728,20728,newell-s-1849,Newell's,Vojvoda,Juan Pablo VOJVODA,14,True,Defensa,DF,Central izquierdo,78,78,75,78,82,77,66,64,67,60,88,18,1975-01-13,23,Argentina,Argentina,General Baldiserra (Cba),185,73,,,,4,blanco,moreno,EQ003003.PKF,910101,original
newell-s-1849-6094,6094,newell-s-1849,Newell's,Faggiani,Daniel Fernando FAGGIANI,3,True,Defensa,DF,Lateral izquierdo,81,81,81,80,83,80,63,67,68,61,90,18,1974-01-22,24,Argentina,Argentina,Rosario (SF),170,66,,,,8,blanco,moreno,EQ003003.PKF,911523,original
newell-s-1849-20730,20730,newell-s-1849,Newell's,París,Claudio Martín PARIS,21,True,Medio,MF,Medio centro organizador,81,81,77,82,85,82,61,87,88,67,64,19,1973-03-31,25,Argentina,Argentina,Mar del Plata (Buenos Aires),178,71,,,,6,blanco,castano,EQ003003.PKF,913433,original
newell-s-1849-17406,17406,newell-s-1849,Newell's,Guiñazú,Pablo Horacio GUIÑAZÚ,10,True,Medio,MF,Media punta por el centro,79,79,77,79,75,85,63,84,88,68,69,20,1978-08-26,19,Argentina,Argentina,Gral. Baldiserra (Cba),178,70,,,,14,blanco,moreno,EQ003003.PKF,916743,original
newell-s-1849-20731,20731,newell-s-1849,Newell's,Liendo,Gastón Ricardo LIENDO,17,True,Medio,MF,Centrocampista derecha,77,77,77,78,76,79,63,83,83,62,61,11,1974-05-29,24,Argentina,Argentina,Rosario (SF),176,70,,,,7,blanco,moreno,EQ003003.PKF,918938,original
newell-s-1849-20733,20733,newell-s-1849,Newell's,Manso,Damián Alejandro MANSO,18,True,Medio,MF,Media punta por el centro,79,79,80,77,73,86,63,80,87,69,60,18,1979-06-06,19,Argentina,Argentina,Rosario (SF),160,58,,,,15,blanco,moreno,EQ003003.PKF,920943,original
newell-s-1849-25644,25644,newell-s-1849,Newell's,Real,Germán Gonzalo REAL,25,True,Delantero,FW,Media punta por el centro,71,71,70,70,70,74,60,65,71,68,68,12,1976-04-17,22,Argentina,Argentina,Rosario (SFE),,,,,,23,blanco,castano,EQ003003.PKF,923522,original
newell-s-1849-25645,25645,newell-s-1849,Newell's,Pavlovich,Nicolás PAVLOVICH,19,True,Delantero,FW,Extremo derecho,74,74,72,79,72,76,70,72,65,70,70,7,1978-02-14,20,Argentina,Argentina,Balcarce (BA),,,,,,25,blanco,castano,EQ003003.PKF,923790,original
newell-s-1849-17407,17407,newell-s-1849,Newell's,Toledo,Víctor Gabriel TOLEDO,29,True,Delantero,FW,Delantero centro,78,78,82,77,77,78,89,83,69,88,60,20,1977-11-30,20,Argentina,Argentina,Formosa,180,73,,,,17,blanco,moreno,EQ003003.PKF,924260,original
newell-s-1849-17408,17408,newell-s-1849,Newell's,Cobelli,Sebastián Pablo COBELLI,24,True,Delantero,FW,Delantero centro,77,77,83,74,73,79,83,90,63,89,65,13,1978-01-20,20,Argentina,Argentina,Rosario (SF),175,66,,,,16,blanco,castano,EQ003003.PKF,926484,original
newell-s-1849-20735,20735,newell-s-1849,Newell's,Iotov,Velko Nikolaiev IOTOV,26,True,Delantero,FW,Extremo izquierdo,78,78,88,74,72,81,81,89,60,84,64,11,1970-08-26,27,Bulgaria,Bulgaria,Sofía (Bulgaría),180,79,,,,21,blanco,moreno,EQ003003.PKF,928802,original
newell-s-1849-17409,17409,newell-s-1849,Newell's,Gigli,Matías Nicolás GIGLI,30,True,Delantero,FW,Extremo izquierdo,78,78,78,79,77,78,88,85,64,90,63,16,,,Argentina,Argentina,Rosario (SF),172,68,,,,20,blanco,moreno,EQ003003.PKF,934122,original
newell-s-1849-17410,17410,newell-s-1849,Newell's,Quintana,Diego Jesús QUINTANA,11,True,Delantero,FW,Extremo derecho,82,82,93,77,75,83,81,84,68,83,63,14,1978-04-24,20,Argentina,Argentina,Rosario (SF),160,63,,,,11,blanco,moreno,EQ003003.PKF,936908,original
newell-s-1849-17411,17411,newell-s-1849,Newell's,Zamora,Julio Alberto ZAMORA,27,True,Delantero,FW,Media punta derecha,81,81,77,80,81,88,89,84,62,84,69,17,1966-03-11,32,Argentina,Argentina,Rosario (SF),179,70,,,,9,blanco,moreno,EQ003003.PKF,938931,original
belgrano-1633-24627,24627,belgrano-1633,Belgrano,Ragg,Bernardo Martín RAGG,1,True,Portero,GK,Portero,75,75,78,75,74,75,20,21,18,28,26,75,1968-05-21,30,Argentina,Argentina,Mar del Plata (BA),188,84,,,,1,blanco,rubio,EQ003003.PKF,948225,original
belgrano-1633-24628,24628,belgrano-1633,Belgrano,Sala,Darío Alberto SALA,25,True,Portero,GK,Portero,71,71,72,69,71,72,20,25,21,21,20,70,1974-10-17,23,Argentina,Argentina,Córdoba,188,84,,,,12,blanco,moreno,EQ003003.PKF,948975,original
belgrano-1633-24629,24629,belgrano-1633,Belgrano,López,Julio César LÓPEZ,13,True,Defensa,DF,Central derecho,71,71,73,72,70,72,68,67,66,68,72,10,1976-01-25,22,Argentina,Argentina,Córdoba (Argentina),,,,,,13,blanco,moreno,EQ003003.PKF,949479,original
belgrano-1633-24630,24630,belgrano-1633,Belgrano,Medina,Hernán Esteban MEDINA,6,True,Defensa,DF,Central izquierdo,66,66,65,66,66,70,62,65,61,63,70,10,1974-09-05,23,Argentina,Argentina,Córdoba,176,70,,,,5,blanco,moreno,EQ003003.PKF,949653,original
belgrano-1633-28772,28772,belgrano-1633,Belgrano,Zaccanti,Cosme Julián Ubaldo ZACCANTI,4,True,Defensa,DF,Lateral derecho,74,74,77,75,74,70,71,68,72,70,75,10,1966-05-01,32,Argentina,Argentina,San Nicolás (BA),180,70,,,,2,blanco,moreno,EQ003003.PKF,950000,original
belgrano-1633-24631,24631,belgrano-1633,Belgrano,Testa,Norberto Javier TESTA,3,True,Defensa,DF,Lateral izquierdo,72,72,73,72,74,72,70,72,68,70,74,10,1974-07-10,23,Argentina,Argentina,Río Tercero (Cba),178,72,,,,3,blanco,moreno,EQ003003.PKF,951800,original
belgrano-1633-25708,25708,belgrano-1633,Belgrano,González,Esteban Nicolás GONZÁLEZ Rojas,18,True,Medio,MF,Medio centro organizador,70,70,70,70,66,74,54,59,67,59,55,24,1978-09-16,19,Argentina,Argentina,Córdoba,,,,,,4,blanco,castano,EQ003003.PKF,952261,original
belgrano-1633-25709,25709,belgrano-1633,Belgrano,Zárate,Darío ZÁRATE,20,True,Medio,MF,Media punta por el centro,71,71,73,68,72,73,75,53,80,76,79,14,1977-05-22,21,Argentina,Argentina,Córdoba,,,,,,20,blanco,moreno,EQ003003.PKF,952690,original
belgrano-1633-8849,8849,belgrano-1633,Belgrano,M. Herrera,Marcelo Hugo HERRERA,14,True,Medio,MF,Centrocampista derecha,82,82,83,87,80,80,62,86,87,65,68,12,1966-10-05,31,Argentina,Argentina,San Salvador de Jujuy,188,76,,,,21,blanco,moreno,EQ003003.PKF,952824,original
belgrano-1633-24632,24632,belgrano-1633,Belgrano,Manrique,Hernán Gabriel MANRIQUE,17,True,Medio,MF,Interior izquierdo,71,71,73,70,71,72,78,65,72,77,50,10,1973-08-17,24,Argentina,Argentina,Buenos Aires (Argentina),,,,,,15,blanco,moreno,EQ003003.PKF,957131,original
belgrano-1633-25710,25710,belgrano-1633,Belgrano,Rosín,Marcelon ROSÍN,26,True,Delantero,FW,Extremo derecho,76,76,78,79,69,78,63,69,73,69,72,15,1973-05-13,25,Argentina,Argentina,Charata (Chaco),,,,,,14,blanco,castano,EQ003003.PKF,957374,original
belgrano-1633-24633,24633,belgrano-1633,Belgrano,Ruffini,Cristian Enrique RUFFINI,19,True,Delantero,FW,Media punta izquierda,73,73,74,73,72,73,72,75,70,73,60,10,1971-07-27,26,Argentina,Argentina,Las Rosas (SF),189,76,,,,11,blanco,castano,EQ003003.PKF,957513,original
belgrano-1633-17571,17571,belgrano-1633,Belgrano,Villarreal,José Luis VILLARREAL,27,True,Medio,MF,Medio centro organizador,76,76,77,72,80,75,67,80,89,62,68,16,1966-03-17,32,Argentina,Argentina,Córdoba,184,74,,,,6,blanco,moreno,EQ003003.PKF,957817,original
belgrano-1633-6121,6121,belgrano-1633,Belgrano,Sosa,Luis Ernesto SOSA Tieri,10,True,Medio,MF,Media punta por el centro,73,73,75,70,72,76,72,75,76,72,40,10,1964-03-19,34,Uruguay,Uruguay,Montevideo,170,68,,,,10,blanco,sin pelo,EQ003003.PKF,961371,original
belgrano-1633-24634,24634,belgrano-1633,Belgrano,Guendulain,Guillermo Pablo GUENDULAIN,16,True,Medio,MF,Interior izquierdo,72,72,72,70,73,75,70,72,75,74,32,10,1965-04-19,33,Argentina,Argentina,Río Cuarto (Cba),175,77,,,,16,blanco,rubio,EQ003003.PKF,963296,original
belgrano-1633-24635,24635,belgrano-1633,Belgrano,Avalos,Adrián Rodrigo AVALOS,5,True,Medio,MF,Interior derecho,71,71,71,72,73,70,65,68,75,72,60,10,1974-11-25,23,Argentina,Argentina,Río Ceballos (Cba.),188,84,,,,8,blanco,moreno,EQ003003.PKF,963791,original
belgrano-1633-24636,24636,belgrano-1633,Belgrano,García,Horacio GARCIA,33,True,Medio,MF,Media punta por el centro,73,73,74,73,73,72,72,73,74,72,40,10,1965-12-06,32,Argentina,Argentina,Capital Federal,175,71,,,,17,blanco,moreno,EQ003003.PKF,964540,original
belgrano-1633-24637,24637,belgrano-1633,Belgrano,Torres,César Leonardo TORRES,11,True,Delantero,FW,Delantero centro,71,71,74,70,72,71,74,73,70,72,40,10,1975-10-27,22,Argentina,Argentina,Córdoba (Argentina),,,,,,18,blanco,moreno,EQ003003.PKF,965109,original
belgrano-1633-6143,6143,belgrano-1633,Belgrano,Enría,Claudio Marcelo ENRIA,24,True,Delantero,FW,Extremo izquierdo,79,79,82,77,75,84,80,82,63,80,47,17,1973-09-28,24,Argentina,Argentina,San Justo (Santa Fé),176,70,,,,9,blanco,rubio,EQ003003.PKF,965513,original
belgrano-1633-24638,24638,belgrano-1633,Belgrano,Carnero,Cristian CARNERO,7,True,Delantero,FW,Extremo derecho,73,73,76,74,72,71,75,73,71,74,32,10,1973-02-01,25,Argentina,Argentina,Sunchales (Sta. Fe),176,65,,,,19,blanco,moreno,EQ003003.PKF,968327,original
belgrano-1633-24639,24639,belgrano-1633,Belgrano,Artime,Luis Fabián ARTIME,9,True,Delantero,FW,Delantero centro,75,75,74,76,75,77,73,71,70,74,32,10,1965-12-15,32,Argentina,Argentina,Capital Federal,183,73,,,,7,blanco,castano,EQ003003.PKF,968813,original
belgrano-1633-24640,24640,belgrano-1633,Belgrano,Cerutti,Luis David CERUTTI,22,True,Delantero,FW,Delantero centro,74,74,76,74,73,75,75,72,70,75,35,10,1974-09-20,23,Argentina,Argentina,Monteros (Cba),175,71,,,,22,blanco,moreno,EQ003003.PKF,969454,original
lanús-1530-25646,25646,lanús-1530,Lanús,Elizaga,Marcelo ELIZAGA,12,True,Portero,GK,Portero,83,83,83,84,83,83,12,17,18,13,12,74,1972-04-19,26,Argentina,Argentina,Morón (BA),,,,,,1,blanco,castano,EQ003003.PKF,970568,original
lanús-1530-17413,17413,lanús-1530,Lanús,Burela,Rodrigo Luis Tomás BURELA,1,True,Portero,GK,Portero,78,78,76,79,78,79,24,15,24,18,22,80,1971-10-12,26,Argentina,Argentina,Junín (BA),187,77,,,,12,blanco,moreno,EQ003003.PKF,971035,original
lanús-1530-25647,25647,lanús-1530,Lanús,C. Álvarez,CRISTIAN Osvaldo ÁLVAREZ,28,True,Defensa,DF,Lateral derecho,79,79,80,80,80,79,60,62,57,62,69,7,1978-01-09,20,Argentina,Argentina,Capital Federal,,,,,,13,blanco,castano,EQ003003.PKF,975130,original
lanús-1530-25648,25648,lanús-1530,Lanús,Barrionuevo,Juan Carlos BARRIONUEVO,14,True,Defensa,DF,Lateral derecho,78,78,76,80,77,79,58,62,59,60,67,13,1969-07-04,28,Argentina,Argentina,Concepción (TUC),,,,,,17,blanco,castano,EQ003003.PKF,975737,original
lanús-1530-25649,25649,lanús-1530,Lanús,M. Fernández,Mariano Antonio FERNÄNDEZ,6,True,Defensa,DF,Libre,76,76,78,75,75,79,38,33,44,27,68,12,1978-09-02,19,Argentina,Argentina,Lanús (BA),,,,,,18,blanco,moreno,EQ003003.PKF,976109,original
lanús-1530-17414,17414,lanús-1530,Lanús,D. Ciglic,Dante CIGLIC,0,True,Defensa,DF,Lateral izquierdo,79,79,76,83,78,79,68,69,64,64,85,10,1978-01-05,20,Argentina,Argentina,Lomas de Zamora (BA),170,64,,,,20,blanco,moreno,EQ003003.PKF,976883,original
lanús-1530-17416,17416,lanús-1530,Lanús,Ramón,Gabriel Fernando RAMON,3,True,Defensa,DF,Lateral izquierdo,80,80,79,80,80,84,60,60,66,60,90,12,1976-05-20,22,Argentina,Argentina,Lanús (BA),175,76,,,,3,blanco,moreno,EQ003003.PKF,978456,original
lanús-1530-17418,17418,lanús-1530,Lanús,Bressán,Andrés Alberto BRESSAN,13,True,Defensa,DF,Central derecho,79,79,76,81,80,79,62,67,62,69,80,15,1977-01-12,21,Argentina,Argentina,Corral de Bustos (Cba),182,76,,,,19,blanco,moreno,EQ003003.PKF,981004,original
lanús-1530-17419,17419,lanús-1530,Lanús,Alessandria,Lucas Ramón ALESSANDRIA,2,True,Defensa,DF,Libre,78,78,78,78,79,80,62,63,62,64,84,17,1978-04-05,20,Argentina,Argentina,Rafaela (SF),185,83,,,,2,blanco,moreno,EQ003003.PKF,982919,original
lanús-1530-25650,25650,lanús-1530,Lanús,Carboni,Ezequiel Alejo CARBONI,17,True,Medio,MF,Interior derecho,79,79,78,79,79,80,66,62,69,68,66,7,1979-04-04,19,Argentina,Argentina,Capital Federal,,,,,,16,blanco,castano,EQ003003.PKF,985144,original
lanús-1530-25651,25651,lanús-1530,Lanús,Pieters,Fabio Ariel PIETERS,20,True,Medio,MF,Interior derecho,76,76,75,80,73,78,67,65,70,66,74,14,1978-06-03,20,Argentina,Argentina,Rojas (BA),,,,,,6,blanco,rubio,EQ003003.PKF,985640,original
lanús-1530-6134,6134,lanús-1530,Lanús,Serrizuela,Juan José SERRIZUELA,4,True,Medio,MF,Lateral derecho,82,82,81,83,83,83,64,81,83,64,61,17,1977-01-25,21,Argentina,Argentina,Avellaneda (BA),188,80,,,,4,blanco,moreno,EQ003003.PKF,986235,original
lanús-1530-17420,17420,lanús-1530,Lanús,F. Di Alessio,Juan Ignacio FERNANDEZ DI ALESSIO,8,True,Defensa,DF,Interior izquierdo,80,80,78,79,81,83,66,67,64,62,84,20,1975-09-09,22,Argentina,Argentina,Capital Federal,178,73,,,,8,blanco,moreno,EQ003003.PKF,989336,original
lanús-1530-20738,20738,lanús-1530,Lanús,Clotet,Carlos Sebastián CLOTET,11,True,Medio,MF,Centrocampista izquierda,80,80,82,80,78,83,64,84,89,65,64,12,1972-09-17,25,Argentina,Argentina,Nogoyá (ER),182,73,,,,10,blanco,castano,EQ003003.PKF,991331,original
lanús-1530-20739,20739,lanús-1530,Lanús,Cravero,Daniel Oscar CRAVERO,5,True,Medio,MF,Medio centro defensivo,83,83,76,84,86,86,62,80,88,63,64,20,1965-07-28,32,Argentina,Argentina,Rafaela (SF),178,70,,,,5,blanco,castano,EQ003003.PKF,994307,original
lanús-1530-20740,20740,lanús-1530,Lanús,H. Morales,Hugo Alberto MORALES,10,True,Medio,MF,Centrocampista izquierda,85,85,88,78,86,91,60,85,82,60,64,17,1974-07-30,23,Argentina,Argentina,Capital Federal,174,75,,,,7,blanco,moreno,EQ003003.PKF,996940,original
lanús-1530-25487,25487,lanús-1530,Lanús,"""Loco"" Marzo",José Luis Alfredo MARZO,22,True,Delantero,FW,Delantero centro,82,82,80,82,85,84,85,80,61,81,66,20,1971-12-28,26,Argentina,Argentina,Paraná (ER),185,80,,,,11,blanco,moreno,EQ003003.PKF,1001223,original
lanús-1530-8898,8898,lanús-1530,Lanús,Vilallonga,Martín Raúl VILALLONGA,9,True,Delantero,FW,Delantero centro,80,80,81,79,80,83,81,87,67,86,68,20,1970-10-08,27,Argentina,Argentina,San Rafael (Mendoza),182,76,,,,9,blanco,moreno,EQ003003.PKF,1003733,original
lanús-1530-17425,17425,lanús-1530,Lanús,Raíces,Hernán Alejandro RAICES,19,True,Delantero,FW,Extremo izquierdo,78,78,82,77,75,79,87,90,67,80,60,14,1976-02-19,22,Argentina,Argentina,Lomas de Zamora (BA),174,72,,,,15,blanco,moreno,EQ003003.PKF,1008640,original
lanús-1530-17426,17426,lanús-1530,Lanús,De La Corte,Cristian Gabriel DE LA CORTE,26,True,Delantero,FW,Delantero centro,78,78,79,79,77,78,87,83,63,80,66,18,1978-04-28,20,Argentina,Argentina,Lomas de Zamora (BA),173,69,,,,14,blanco,moreno,EQ003003.PKF,1010597,original
banfield-1679-24642,24642,banfield-1679,Banfield,Areso,Rubén Darío ARESO,0,False,Portero,GK,Portero,66,66,68,67,66,65,20,19,19,17,19,69,1967-08-19,30,Argentina,Argentina,Arroyo Dulce (SF),178,72,,,,1,blanco,moreno,EQ003003.PKF,1013024,original
banfield-1679-24643,24643,banfield-1679,Banfield,Luchetti,David LUCHETTI,0,False,Portero,GK,Portero,72,72,73,72,71,72,29,20,20,30,26,76,1978-06-26,20,Argentina,Argentina,Luján de Cuyo (Mendoza),180,78,,,,12,blanco,moreno,EQ003003.PKF,1013209,original
banfield-1679-27762,27762,banfield-1679,Banfield,Martini,Raúl Eduardo MARTINI,1,False,Defensa,DF,Central derecho,66,66,68,65,64,69,41,65,69,55,73,19,1966-11-01,31,Argentina,Argentina,Capital Federal,,,,,,6,blanco,moreno,EQ003003.PKF,1014631,original
banfield-1679-27763,27763,banfield-1679,Banfield,De Paoli,Rodolfo Jorge DE PAOLI,1,False,Defensa,DF,Central derecho,64,64,65,64,64,66,51,62,62,60,69,19,1978-10-26,19,Argentina,Argentina,Capital Federal,,,,,,13,blanco,moreno,EQ003003.PKF,1014761,original
banfield-1679-25452,25452,banfield-1679,Banfield,Sanguinetti,Javier Esteban SANGUINETTI,0,False,Defensa,DF,Central izquierdo,73,73,71,72,74,78,54,72,67,60,75,19,1971-01-08,27,Argentina,Argentina,L. de Zamora (BA),177,76,,,,3,blanco,castano,EQ003003.PKF,1014893,original
banfield-1679-25453,25453,banfield-1679,Banfield,Berza,Fabián Marcelo BERZA,0,False,Defensa,DF,Libre,70,70,71,70,69,72,58,66,69,57,72,19,1975-07-29,22,Argentina,Argentina,Capital Federal,,,,,,19,blanco,moreno,EQ003003.PKF,1016619,original
banfield-1679-6156,6156,banfield-1679,Banfield,Craviotto,Néstor Oscar CRAVIOTTO,0,False,Defensa,DF,Lateral derecho,74,74,72,73,74,78,63,73,70,66,75,19,1963-10-03,34,Argentina,Argentina,La Plata (BA),178,75,,,,4,blanco,castano,EQ003003.PKF,1017705,original
banfield-1679-24645,24645,banfield-1679,Banfield,Carlos Enrique,Carlos Alberto ENRIQUE,0,False,Defensa,DF,Lateral izquierdo,78,78,79,78,77,79,66,68,57,50,79,19,1963-12-12,34,Argentina,Argentina,Adrogué (BA),171,72,,,,2,blanco,moreno,EQ003003.PKF,1020267,original
banfield-1679-27764,27764,banfield-1679,Banfield,Zermatten,Walter ZERMATTEN,1,False,Medio,MF,Medio centro organizador,65,65,69,65,62,67,61,64,65,57,53,19,1971-10-19,26,Argentina,Argentina,Haedo (BA),,,,,,5,blanco,moreno,EQ003003.PKF,1021737,original
banfield-1679-27765,27765,banfield-1679,Banfield,Bonacorsi,Adrian F. Zem BONACORSI,1,False,Medio,MF,Media punta por el centro,66,66,66,66,65,67,63,64,65,63,61,19,1977-04-29,21,Argentina,Argentina,Avellaneda (BA),,,,,,21,blanco,moreno,EQ003003.PKF,1021861,original
banfield-1679-27766,27766,banfield-1679,Banfield,Uliambre,Pedro ULIAMBRE,1,False,Medio,MF,Centrocampista izquierda,65,65,61,66,64,70,63,66,69,64,57,19,1968-02-23,30,Argentina,Argentina,San Martín (CH),,,,,,15,blanco,moreno,EQ003003.PKF,1021997,original
banfield-1679-27767,27767,banfield-1679,Banfield,San Martín,Andrés SAN MARTÍN,1,False,Medio,MF,Medio centro organizador,66,66,65,70,64,66,64,63,67,57,52,19,1978-04-12,20,Argentina,Argentina,Lomas de Zamora,,,,,,22,blanco,moreno,EQ003003.PKF,1022124,original
banfield-1679-27768,27768,banfield-1679,Banfield,Retamozo,Pablo RETAMOZO,1,False,Medio,MF,Centrocampista derecha,66,66,68,68,63,68,60,69,68,64,55,19,1977-06-09,21,Argentina,Argentina,San Vicente (BA),,,,,,8,blanco,moreno,EQ003003.PKF,1022255,original
banfield-1679-27769,27769,banfield-1679,Banfield,Seguí,Agustín H. Auret SEGUÍ,1,False,Medio,MF,Centrocampista derecha,65,65,66,63,67,65,57,60,68,65,57,19,1977-12-17,20,Argentina,Argentina,Capital Federal,,,,,,23,blanco,moreno,EQ003003.PKF,1022383,original
banfield-1679-27770,27770,banfield-1679,Banfield,González,Héctor Ricardo GONZÁLEZ,1,False,Medio,MF,Interior izquierdo,65,65,64,65,66,65,60,68,71,63,38,19,1971-06-08,27,Argentina,Argentina,San Miguel (BA),,,,,,18,blanco,moreno,EQ003003.PKF,1022513,original
banfield-1679-27771,27771,banfield-1679,Banfield,Cardone,Gerardo Ariel CARDONE,1,False,Medio,MF,Interior izquierdo,63,63,65,62,63,64,60,65,66,63,60,17,1976-03-11,22,Argentina,Argentina,Lavallol (BA),,,,,,24,blanco,moreno,EQ003003.PKF,1022649,original
banfield-1679-27772,27772,banfield-1679,Banfield,Benavidez,Juán Carlos BENAVIDEZ,1,False,Medio,MF,Media punta derecha,63,63,67,62,61,63,57,64,61,59,52,19,1975-12-02,22,Argentina,Argentina,Capital Federal,,,,,,25,blanco,moreno,EQ003003.PKF,1022780,original
banfield-1679-27773,27773,banfield-1679,Banfield,Aquino,César Daniel AQUINO,1,False,Medio,MF,Interior izquierdo,67,67,66,66,68,70,62,68,69,62,58,19,1978-02-26,20,Argentina,Argentina,Reconquista (SF),,,,,,7,blanco,moreno,EQ003003.PKF,1022919,original
banfield-1679-27774,27774,banfield-1679,Banfield,Álvarez,Adrián Favio ÁLVAREZ,1,False,Medio,MF,Media punta por el centro,68,68,69,66,66,72,69,71,73,62,38,17,1968-03-05,30,Argentina,Argentina,San Martín (BA),,,,,,10,blanco,moreno,EQ003003.PKF,1023050,original
banfield-1679-24647,24647,banfield-1679,Banfield,De Felippe,Walter Fabián DE FELIPPE,0,False,Medio,MF,Centrocampista derecha,65,65,69,66,61,65,48,69,72,59,76,25,1968-05-25,30,Argentina,Argentina,Capital Federal,176,65,,,,14,blanco,moreno,EQ003003.PKF,1023179,original
banfield-1679-6165,6165,banfield-1679,Banfield,Arce,Juan Raúl ARCE,0,False,Medio,MF,Centrocampista izquierda,73,73,73,76,75,71,55,68,67,57,62,19,1974-03-01,24,Argentina,Argentina,Banfield (Buenos Aires),180,70,,,,20,blanco,moreno,EQ003003.PKF,1023372,original
banfield-1679-27775,27775,banfield-1679,Banfield,Castro,Mario E. Pesado CASTRO,1,False,Delantero,FW,Delantero centro,67,67,71,65,63,70,72,62,66,69,38,38,1975-10-08,22,Argentina,Argentina,Rosario (SF),,,,,,16,blanco,moreno,EQ003003.PKF,1024554,original
banfield-1679-27776,27776,banfield-1679,Banfield,Guzmán,Gabriel Eduardo GUZMÁN,1,False,Delantero,FW,Delantero centro,68,68,71,66,65,71,70,73,71,70,57,19,1974-08-23,23,Argentina,Argentina,Ramón Mejía (BA),,,,,,11,blanco,moreno,EQ003003.PKF,1024694,original
banfield-1679-27777,27777,banfield-1679,Banfield,Aguirre,Francisco R. AGUIRRE,1,False,Delantero,FW,Delantero centro,66,66,65,68,66,65,63,66,66,59,54,19,1977-09-01,20,Argentina,Argentina,Capital Fderal,,,,,,17,blanco,moreno,EQ003003.PKF,1024825,original
banfield-1679-24650,24650,banfield-1679,Banfield,Leeb,Carlos Fabián LEEB,0,False,Delantero,FW,Delantero centro,66,66,69,66,65,67,68,70,68,67,58,19,1968-07-18,29,Argentina,Argentina,Capital Federal,176,65,,,,9,blanco,moreno,EQ003003.PKF,1024956,original
rosario-central-2142-25652,25652,rosario-central-2142,Rosario Central,Tombolini,Laureano Martín TOMBOLINI,12,True,Portero,GK,Portero,70,70,73,70,65,75,11,55,17,26,13,80,1976-08-13,21,Argentina,Argentina,Santa Isabel (SFE),,,,,,13,blanco,castano,EQ003003.PKF,1025713,original
rosario-central-2142-190,190,rosario-central-2142,Rosario Central,Buljubasich,José María BULJUBASICH,1,True,Portero,GK,Portero,74,74,75,74,73,75,23,20,60,56,50,75,1971-05-12,27,Argentina,Argentina,Firmat (Argentina),192,83,,,,1,blanco,rubio,EQ003003.PKF,1026180,original
rosario-central-2142-25461,25461,rosario-central-2142,Rosario Central,Ayuso,Estanislao Agustín AYUSO,32,True,Portero,GK,Portero,76,76,76,77,76,75,21,24,16,22,15,87,1974-09-14,23,Argentina,Argentina,Rosario (SF),185,77,,,,28,blanco,moreno,EQ003003.PKF,1028058,original
rosario-central-2142-25653,25653,rosario-central-2142,Rosario Central,Cassiani,Francisco Giovanni CASSIANI Gómez,2,True,Defensa,DF,Central derecho,70,70,67,75,75,65,57,57,41,46,54,19,1968-04-22,30,Colombia,Colombia,Arboletes,180,78,,,,15,mulato,moreno,EQ003003.PKF,1030467,original
rosario-central-2142-5324,5324,rosario-central-2142,Rosario Central,Canals,Ricardo Vicente CANALS Vila,33,True,Defensa,DF,Central derecho,78,78,79,78,79,76,72,69,70,76,78,12,1970-09-26,27,Uruguay,Uruguay,Montevideo (Uruguay),180,78,,,,5,blanco,rubio,EQ003003.PKF,1030894,original
rosario-central-2142-17383,17383,rosario-central-2142,Rosario Central,Marra,Darío Rubén MARRA,4,True,Defensa,DF,Lateral derecho,61,61,62,64,60,61,65,66,61,67,82,20,1974-03-20,24,Argentina,Argentina,Corrientes,176,65,,,,2,blanco,castano,EQ003003.PKF,1032556,original
rosario-central-2142-17428,17428,rosario-central-2142,Rosario Central,Rivarola,Germán Ezequiel RIVAROLA,11,True,Defensa,DF,Lateral izquierdo,77,77,82,77,72,78,78,70,63,70,88,19,1979-04-18,19,Argentina,Argentina,Santa Eufemia (Cba),172,68,,,,6,blanco,moreno,EQ003003.PKF,1033673,original
rosario-central-2142-17429,17429,rosario-central-2142,Rosario Central,Loeschbor,Gabriel Alejandro LOESCHBOR,15,True,Defensa,DF,Central derecho,78,78,76,79,80,77,63,63,61,63,90,11,1977-06-04,21,Argentina,Argentina,Santa Fé,191,75,,,,16,blanco,castano,EQ003003.PKF,1036253,original
rosario-central-2142-17431,17431,rosario-central-2142,Rosario Central,Jara,Juan Ramón JARA Martínez,3,True,Defensa,DF,Lateral izquierdo,81,81,84,85,78,78,68,66,68,61,89,14,1970-08-06,27,Paraguay,Paraguay,Asunción (Paraguay),177,70,,,,3,mulato,moreno,EQ003003.PKF,1039340,original
rosario-central-2142-17432,17432,rosario-central-2142,Rosario Central,Gerbaudo,Germán Gabriel GERBAUDO,13,True,Defensa,DF,Central izquierdo,78,78,78,77,79,78,68,63,61,69,84,12,1975-09-16,22,Argentina,Argentina,Casilda (SF),185,73,,,,17,blanco,moreno,EQ003003.PKF,1043276,original
rosario-central-2142-25462,25462,rosario-central-2142,Rosario Central,D. Pérez,DAVID Charles PEREZ,28,True,Defensa,DF,Lateral izquierdo,77,77,77,80,79,75,68,67,63,69,90,11,1975-11-28,22,Argentina,Argentina,Posadas (Misiones),176,70,,,,24,blanco,moreno,EQ003003.PKF,1046164,original
rosario-central-2142-25654,25654,rosario-central-2142,Rosario Central,Moreno y F.,Iván Diego MORENO Y FABIANESI,24,True,Medio,MF,Centrocampista izquierda,70,70,67,70,70,75,60,75,70,60,78,10,1979-06-04,19,Argentina,España,Badajoz,,,,,,20,blanco,moreno,EQ003003.PKF,1048954,original
rosario-central-2142-25655,25655,rosario-central-2142,Rosario Central,E. González,EZEQUIEL GONZÁLEZ,23,True,Medio,MF,Medio centro organizador,71,71,74,71,67,73,61,65,65,65,72,8,1980-07-10,17,Argentina,Argentina,Rosario (SFE),,,,,,23,blanco,castano,EQ003003.PKF,1049438,original
rosario-central-2142-25656,25656,rosario-central-2142,Rosario Central,H. González,HUGO GONZÁLEZ,5,True,Medio,MF,Medio centro defensivo,71,71,70,70,75,70,65,51,65,70,75,10,1978-07-19,19,Argentina,Argentina,Santa Lucía (Ctes),,,,,,22,blanco,castano,EQ003003.PKF,1049951,original
rosario-central-2142-17484,17484,rosario-central-2142,Rosario Central,Calvo,Luis Darío CALVO,29,True,Medio,MF,Media punta por el centro,77,77,77,78,76,80,65,88,81,60,61,18,1977-10-10,20,Argentina,Argentina,San Miguel (BA),175,70,,,,26,blanco,moreno,EQ003003.PKF,1050313,original
rosario-central-2142-17390,17390,rosario-central-2142,Rosario Central,Vespa,Líber Ernesto VESPA Legarralde,26,True,Medio,MF,Interior derecho,81,81,80,83,84,80,68,81,89,68,60,12,1971-10-18,26,Uruguay,Uruguay,Montevideo (Uruguay),178,70,,,,7,blanco,moreno,EQ003003.PKF,1051392,original
rosario-central-2142-17433,17433,rosario-central-2142,Rosario Central,W. Gaitán,Walter Nicolás GAITAN,19,True,Medio,MF,Media punta por el centro,78,78,78,79,76,80,60,81,81,62,68,19,1977-03-13,21,Argentina,Argentina,La Rioja,182,70,,,,11,blanco,moreno,EQ003003.PKF,1054320,original
rosario-central-2142-17435,17435,rosario-central-2142,Rosario Central,Quinteros,Daniel Eduardo QUINTEROS,27,True,Medio,MF,Medio centro defensivo,77,77,77,79,76,78,61,86,82,68,63,15,1976-03-10,22,Argentina,Argentina,Rosario (SF),176,70,,,,25,blanco,moreno,EQ003003.PKF,1057233,original
rosario-central-2142-6397,6397,rosario-central-2142,Rosario Central,Cuberas,Maximiliano Pablo CUBERAS,6,True,Medio,MF,Medio centro defensivo,78,78,76,80,79,78,63,80,82,68,66,14,1973-08-16,24,Argentina,Argentina,Villada (Santa Fé),188,80,,,,4,blanco,rubio,EQ003003.PKF,1060061,original
rosario-central-2142-17436,17436,rosario-central-2142,Rosario Central,Cappelletti,Javier Iván CAPPELLETTI,8,True,Defensa,DF,Lateral derecho,75,75,80,80,70,70,60,81,66,73,61,20,1976-10-25,21,Argentina,Argentina,Cap. Bermúdez (SF),175,68,,,,19,blanco,moreno,EQ003003.PKF,1064146,original
rosario-central-2142-25466,25466,rosario-central-2142,Rosario Central,C. Daniele,Cristian Ricardo DANIELE,14,True,Medio,MF,Medio centro defensivo,79,79,77,81,84,75,65,84,85,65,62,15,1971-03-10,27,Argentina,Argentina,Rosario (SF),187,74,,,,14,blanco,moreno,EQ003003.PKF,1066505,original
rosario-central-2142-17438,17438,rosario-central-2142,Rosario Central,Rochi,Juan Pablo ROCHI,18,True,Medio,MF,Centrocampista izquierda,77,77,79,77,75,79,67,84,90,68,63,14,1978-04-14,20,Argentina,Argentina,Inrivise (Cba),179,73,,,,27,blanco,moreno,EQ003003.PKF,1069990,original
rosario-central-2142-17439,17439,rosario-central-2142,Rosario Central,Carracedo,Marcelo CARRACEDO,10,True,Medio,MF,Media punta izquierda,78,78,80,78,77,80,68,89,84,67,64,13,1970-04-16,28,Argentina,Argentina,Capital Federal,176,69,,,,10,blanco,moreno,EQ003003.PKF,1072297,original
rosario-central-2142-25657,25657,rosario-central-2142,Rosario Central,Flores Coronel,Sebastián Gonzalo FLORES CORONEL,17,True,Delantero,FW,Extremo izquierdo,76,76,77,77,78,75,70,80,70,65,80,5,1979-04-11,19,Argentina,Argentina,Rosario (SFE),,,,,,12,blanco,moreno,EQ003003.PKF,1077234,original
rosario-central-2142-20820,20820,rosario-central-2142,Rosario Central,Scotto,Darío Oscar SCOTTO,9,True,Delantero,FW,Delantero centro,74,74,78,72,71,78,89,70,68,87,67,18,1969-09-01,28,Argentina,Argentina,Capital Federal,180,72,,,,9,blanco,moreno,EQ003003.PKF,1077929,original
rosario-central-2142-17486,17486,rosario-central-2142,Rosario Central,Emanuel Ruiz,EMANUEL Diego RUIZ,30,True,Delantero,FW,Extremo izquierdo,78,78,79,77,76,80,84,81,63,83,65,13,1978-07-07,19,Argentina,Argentina,Capital Federal,169,64,,,,8,blanco,moreno,EQ003003.PKF,1081639,original
rosario-central-2142-20746,20746,rosario-central-2142,Rosario Central,B. Montoya,Eduardo Ariel BUSTOS MONTOYA,7,True,Delantero,FW,Delantero centro,81,81,82,80,80,82,90,87,66,86,60,20,1976-10-03,21,Argentina,Argentina,Rosario (SF),184,70,,,,21,blanco,moreno,EQ003003.PKF,1082679,original
rosario-central-2142-17441,17441,rosario-central-2142,Rosario Central,Maceratesi,Rafael Nazareno MACERATESI,16,True,Delantero,FW,Delantero centro,79,79,84,80,75,80,80,87,64,80,64,10,1976-04-02,22,Argentina,Argentina,Elortondo (SF),177,70,,,,18,blanco,moreno,EQ003003.PKF,1085309,original
gim-esgrima-lp-1850-17442,17442,gim-esgrima-lp-1850,Gim. Esgrima (LP),Bertoya,Daniel Alejandro BERTOYA,25,True,Portero,GK,Portero,76,76,77,78,75,76,24,15,18,22,20,87,1975-04-13,23,Argentina,Argentina,Armstrong (SF),183,73,,,,17,blanco,moreno,EQ003003.PKF,1088618,original
gim-esgrima-lp-1850-20747,20747,gim-esgrima-lp-1850,Gim. Esgrima (LP),E. Noce,Enzo Leonardo NOCE,1,True,Portero,GK,Portero,81,81,78,83,83,80,25,21,20,23,24,89,1969-04-07,29,Argentina,Argentina,La Plata (BA),178,79,,,,1,blanco,moreno,EQ003003.PKF,1091253,original
gim-esgrima-lp-1850-20748,20748,gim-esgrima-lp-1850,Gim. Esgrima (LP),Hernando,Guillermo HERNANDO,12,True,Portero,GK,Portero,76,76,75,78,76,77,23,21,24,22,24,82,1974-09-18,23,Argentina,Argentina,Neuquén,185,77,,,,12,blanco,moreno,EQ003003.PKF,1093748,original
gim-esgrima-lp-1850-17444,17444,gim-esgrima-lp-1850,Gim. Esgrima (LP),G. Noce,Germán Rodolfo NOCE,26,True,Defensa,DF,Lateral derecho,76,76,78,76,75,75,60,62,67,63,81,10,1977-01-30,21,Argentina,Argentina,La Plata (BA),176,65,,,,20,blanco,moreno,EQ003003.PKF,1096201,original
gim-esgrima-lp-1850-17445,17445,gim-esgrima-lp-1850,Gim. Esgrima (LP),Darino,Siro Maximiliano DARINO,22,True,Defensa,DF,Lateral derecho,76,76,76,79,74,76,68,61,60,64,80,15,1976-09-01,21,Argentina,Argentina,Bolívar (BA),166,63,,,,19,blanco,moreno,EQ003003.PKF,1097166,original
gim-esgrima-lp-1850-17446,17446,gim-esgrima-lp-1850,Gim. Esgrima (LP),Cufré,Leandro Damián CUFRE,6,True,Defensa,DF,Central izquierdo,81,81,84,80,82,79,67,61,69,61,80,12,1978-05-09,20,Argentina,Argentina,La Plata (BA),182,73,,,,6,blanco,castano,EQ003003.PKF,1098025,original
gim-esgrima-lp-1850-20749,20749,gim-esgrima-lp-1850,Gim. Esgrima (LP),Sanguinetti,Guillermo Oscar SANGUINETTI Giordano,4,True,Defensa,DF,Lateral derecho,78,78,76,79,79,80,66,62,69,72,80,11,1966-06-21,32,Uruguay,Uruguay,Montevideo (Uruguay),175,74,,,,4,blanco,moreno,EQ003003.PKF,1099866,original
gim-esgrima-lp-1850-20750,20750,gim-esgrima-lp-1850,Gim. Esgrima (LP),Pereyra,Ariel Gustavo PEREYRA,3,True,Defensa,DF,Lateral izquierdo,78,78,79,77,78,79,61,61,66,67,85,16,1973-10-02,24,Argentina,Argentina,Berazategui (BA),175,75,,,,3,blanco,castano,EQ003003.PKF,1102457,original
gim-esgrima-lp-1850-20751,20751,gim-esgrima-lp-1850,Gim. Esgrima (LP),San Esteban,Jorge Héctor SAN ESTEBAN,2,True,Defensa,DF,Libre,79,79,79,80,78,82,68,60,65,61,88,14,1972-06-28,26,Argentina,Argentina,La Plata (BA),178,75,,,,2,blanco,moreno,EQ003003.PKF,1104204,original
gim-esgrima-lp-1850-5333,5333,gim-esgrima-lp-1850,Gim. Esgrima (LP),Fernández,FAVIO Damián FERNANDEZ,11,True,Medio,MF,Interior izquierdo,75,75,77,78,72,75,65,72,71,73,58,20,1972-07-25,25,Argentina,Argentina,Quilmes (BA),185,78,,,,24,blanco,moreno,EQ003003.PKF,1106428,original
gim-esgrima-lp-1850-17447,17447,gim-esgrima-lp-1850,Gim. Esgrima (LP),Troglio,Pedro Antonio TROGLIO,21,True,Medio,MF,Centrocampista derecha,80,80,79,80,78,83,60,87,82,62,67,17,1965-07-28,32,Argentina,Argentina,Luján (BA),176,75,,,,13,blanco,castano,EQ003003.PKF,1108529,original
gim-esgrima-lp-1850-17448,17448,gim-esgrima-lp-1850,Gim. Esgrima (LP),Cavallo,Darío Germán CAVALLO,15,True,Medio,MF,Interior derecho,79,79,78,80,81,78,69,84,90,69,66,11,1975-07-11,22,Argentina,Argentina,Las Palmas (Córdoba),174,70,,,,15,blanco,moreno,EQ003003.PKF,1111083,original
gim-esgrima-lp-1850-17449,17449,gim-esgrima-lp-1850,Gim. Esgrima (LP),Aurelio,Carlos Darío AURELIO,20,True,Medio,MF,Centrocampista izquierda,80,80,84,79,76,81,66,90,82,66,62,19,1976-05-22,22,Argentina,Argentina,Mar del Plata (BA),175,73,,,,7,blanco,moreno,EQ003003.PKF,1112183,original
gim-esgrima-lp-1850-8916,8916,gim-esgrima-lp-1850,Gim. Esgrima (LP),Sava,Facundo SAVA,10,True,Medio,MF,Centrocampista izquierda,79,79,79,81,79,80,61,86,84,68,65,12,1974-03-07,24,Argentina,Argentina,Ituzaingó (BA),187,83,,,,10,blanco,pelirrojo,EQ003003.PKF,1113475,original
gim-esgrima-lp-1850-28773,28773,gim-esgrima-lp-1850,Gim. Esgrima (LP),Dueña,Gustavo Enrique DUEÑA,14,True,Medio,MF,Centrocampista izquierda,77,77,79,78,72,80,63,85,84,60,66,18,1973-07-15,24,Argentina,Argentina,Río Colorado (Río Negro),176,75,,,,14,blanco,moreno,EQ003003.PKF,1115703,original
gim-esgrima-lp-1850-17450,17450,gim-esgrima-lp-1850,Gim. Esgrima (LP),Romero,Sebastián Ariel ROMERO,17,True,Medio,MF,Media punta por el centro,79,79,83,72,77,86,67,85,84,66,62,16,1978-04-27,20,Argentina,Argentina,Berisso (BA),170,66,,,,11,blanco,moreno,EQ003003.PKF,1117790,original
gim-esgrima-lp-1850-20753,20753,gim-esgrima-lp-1850,Gim. Esgrima (LP),Larrosa,Guillermo Carlos LARROSA,8,True,Medio,MF,Interior derecho,79,79,76,83,79,80,67,88,88,61,62,10,1975-08-23,22,Argentina,Argentina,Rosario (SF),176,70,,,,5,blanco,moreno,EQ003003.PKF,1120032,original
gim-esgrima-lp-1850-20881,20881,gim-esgrima-lp-1850,Gim. Esgrima (LP),Yllana,Andrés Roberto YLLANA,5,True,Medio,MF,Medio centro defensivo,80,80,78,80,78,84,67,80,88,69,64,17,1974-07-30,23,Argentina,Argentina,Rawson (Chubut),177,70,,,,21,blanco,moreno,EQ003003.PKF,1122949,original
gim-esgrima-lp-1850-20754,20754,gim-esgrima-lp-1850,Gim. Esgrima (LP),"""Beto"" Márcico",Alberto José MARCICO,28,True,Medio,MF,Media punta por el centro,80,80,75,75,78,95,62,80,87,65,63,18,1960-05-13,38,Argentina,Argentina,Corrientes,177,85,,,,18,blanco,moreno,EQ003003.PKF,1125569,original
gim-esgrima-lp-1850-17461,17461,gim-esgrima-lp-1850,Gim. Esgrima (LP),Reggi,Gustavo Enrique REGGI,7,True,Delantero,FW,Delantero centro,79,79,81,79,76,80,89,48,78,90,21,17,1973-05-28,25,Argentina,Argentina,San Martín (Mza),190,78,,,,8,blanco,moreno,EQ003003.PKF,1129284,original
gim-esgrima-lp-1850-17451,17451,gim-esgrima-lp-1850,Gim. Esgrima (LP),Ferrer,Rubén Darío FERRER,18,True,Delantero,FW,Delantero centro,77,77,79,78,75,77,89,83,61,87,66,11,1975-01-31,23,Argentina,Argentina,Coronel Rawson (BA),177,73,,,,22,blanco,castano,EQ003003.PKF,1131510,original
gim-esgrima-lp-1850-17452,17452,gim-esgrima-lp-1850,Gim. Esgrima (LP),F. Gatti,Fernando Nicolás GATTI,16,True,Delantero,FW,Extremo derecho,78,78,86,74,73,82,88,85,62,87,60,14,1978-10-17,19,Argentina,Argentina,La Plata (BA),170,67,,,,16,blanco,moreno,EQ003003.PKF,1132649,original
gim-esgrima-lp-1850-17453,17453,gim-esgrima-lp-1850,Gim. Esgrima (LP),Messera,Mariano MESSERA,9,True,Medio,MF,Media punta por el centro,76,76,81,76,73,77,65,86,82,67,62,13,1978-02-23,20,Argentina,Argentina,Posadas (Misiones),176,70,,,,9,blanco,moreno,EQ003003.PKF,1134393,original
gim-esgrima-lp-1850-17454,17454,gim-esgrima-lp-1850,Gim. Esgrima (LP),Tarabini,Federico Andrés TARABINI,23,True,Medio,MF,Media punta por el centro,77,77,81,76,76,77,63,88,82,62,67,13,1976-05-16,22,Argentina,Argentina,La Plata (BA),180,72,,,,23,blanco,moreno,EQ003003.PKF,1136343,original
independiente-1731-17455,17455,independiente-1731,Independiente,Islas D.,Daniel Alejandro ISLAS,13,True,Portero,GK,Portero,77,77,77,78,75,79,46,34,55,50,47,77,1979-02-19,19,Argentina,Argentina,Capital Federal,178,72,,,,21,blanco,castano,EQ003003.PKF,1138010,original
independiente-1731-8857,8857,independiente-1731,Independiente,Mondragón,Faryd Camilo MONDRAGON Alí,1,True,Portero,GK,Portero,88,88,84,88,89,92,80,56,65,80,50,95,1971-06-21,27,Colombia,Colombia,Cali (Colombia),194,83,,,,1,blanco,moreno,EQ003003.PKF,1139832,original
independiente-1731-17456,17456,independiente-1731,Independiente,Scoponi,Norberto Hugo SCOPONI,12,True,Portero,GK,Portero,77,77,75,80,77,78,60,44,51,44,54,82,1961-01-13,37,Argentina,Argentina,Rosario (SF),185,75,,,,12,blanco,moreno,EQ003003.PKF,1144758,original
independiente-1731-25658,25658,independiente-1731,Independiente,Milito,Gabriel Alejandro MILITO,18,True,Defensa,DF,Lateral izquierdo,74,74,78,72,70,77,59,66,52,53,61,9,1980-07-09,17,Argentina,Argentina,Bernal (BA),,,,,,3,blanco,castano,EQ003003.PKF,1149609,original
independiente-1731-8795,8795,independiente-1731,Independiente,Pena,Sebastián Diego PENA,14,True,Defensa,DF,Central derecho,82,82,83,83,80,84,72,66,78,71,90,10,1976-07-03,21,Argentina,Argentina,Capital Federal,182,73,,,,20,blanco,moreno,EQ003003.PKF,1150582,original
independiente-1731-25524,25524,independiente-1731,Independiente,Núñez,Gustavo Alberto NÚÑEZ,24,True,Defensa,DF,Lateral izquierdo,73,73,72,75,74,73,72,68,70,70,74,10,1976-01-09,22,Argentina,Argentina,Lomas de Zamora  (BA),,,,,,19,blanco,moreno,EQ003003.PKF,1154857,original
independiente-1731-17514,17514,independiente-1731,Independiente,Sánchez,Óscar Carmelo SÁNCHEZ,4,True,Defensa,DF,Libre,79,79,80,81,78,79,61,66,68,67,81,19,1971-07-16,26,Bolivia,Bolivia,(Bolivia),183,77,,,,5,blanco,moreno,EQ003003.PKF,1155186,original
independiente-1731-5380,5380,independiente-1731,Independiente,Cambiasso,Esteban Matias CAMBIASSO Deleau,19,True,Medio,MF,Medio centro defensivo,87,87,88,87,85,88,72,79,84,80,50,9,1980-08-18,17,Argentina,Argentina,Capital Federal,178,73,,,,10,blanco,rubio,EQ003003.PKF,1157897,original
independiente-1731-8875,8875,independiente-1731,Independiente,Albornoz,José Fabián ALBORNOZ,26,True,Medio,MF,Media punta por el centro,79,79,80,73,80,85,61,87,85,67,61,14,1970-07-19,27,Argentina,Argentina,Capital Federal,179,71,,,,14,blanco,moreno,EQ003003.PKF,1161404,original
independiente-1731-20776,20776,independiente-1731,Independiente,Hanuch,Mauricio Favio HANUCH,16,True,Medio,MF,Media punta por el centro,81,81,83,79,80,83,64,87,87,66,63,12,1976-11-16,21,Argentina,Argentina,Ciudad Evita (BA),174,68,,,,7,blanco,moreno,EQ003003.PKF,1165599,original
independiente-1731-20788,20788,independiente-1731,Independiente,Víctor López,VÍCTOR Manuel LÓPEZ Narge,9,True,Medio,MF,Media punta izquierda,81,81,84,77,77,88,69,90,89,66,40,17,1971-04-09,27,Uruguay,Uruguay,Montevideo (Uruguay),173,72,,,,11,blanco,moreno,EQ003003.PKF,1166526,original
independiente-1731-8912,8912,independiente-1731,Independiente,Toresani,Julio César TORESANI,8,True,Medio,MF,Interior derecho,85,85,84,83,88,86,61,87,87,69,62,16,1967-12-05,30,Argentina,Argentina,Santa Fé,184,76,,,,16,blanco,castano,EQ003003.PKF,1169361,original
independiente-1731-8859,8859,independiente-1731,Independiente,Rotchen,Pablo Oscar ROTCHEN,2,True,Defensa,DF,Libre,85,85,87,84,85,86,58,67,79,67,86,18,1973-04-23,25,Argentina,Argentina,Capital Federal,182,77,,,,4,blanco,moreno,EQ003003.PKF,1173345,original
independiente-1731-17457,17457,independiente-1731,Independiente,Díaz,Cristian Lionel DIAZ,17,True,Defensa,DF,Lateral izquierdo,78,78,80,78,77,78,67,65,78,75,82,20,1976-05-12,22,Argentina,Argentina,Florencio Varela (BA),173,69,,,,13,blanco,moreno,EQ003003.PKF,1177328,original
independiente-1731-8863,8863,independiente-1731,Independiente,Ramírez,Juan Carlos RAMIREZ,3,True,Defensa,DF,Lateral derecho,81,81,87,79,77,83,78,63,75,79,82,22,1965-03-07,33,Argentina,Argentina,San Andrés de Giles (BA),170,72,,,,2,blanco,moreno,EQ003003.PKF,1179973,original
independiente-1731-17459,17459,independiente-1731,Independiente,Del Río,Pablo Fernando DEL RIO,22,True,Medio,MF,Centrocampista derecha,77,77,77,80,76,78,68,55,74,70,78,17,1976-02-11,22,Argentina,Argentina,Capital Federal,179,70,,,,8,blanco,moreno,EQ003003.PKF,1184376,original
independiente-1731-16948,16948,independiente-1731,Independiente,Garnero,Daniel Oscar GARNERO,10,True,Medio,MF,Media punta por el centro,80,80,78,79,76,89,88,79,87,90,28,10,1969-04-01,29,Argentina,Argentina,Lomas de Zamora (BA),180,73,,,,15,blanco,moreno,EQ003003.PKF,1185698,original
independiente-1731-8872,8872,independiente-1731,Independiente,Cascini,Alfredo Raúl CASCINI,5,True,Medio,MF,Medio centro defensivo,79,79,75,79,88,75,88,58,77,85,90,18,1971-04-07,27,Argentina,Argentina,San Fernando (BA),176,70,,,,6,blanco,moreno,EQ003003.PKF,1187200,original
independiente-1731-8873,8873,independiente-1731,Independiente,Carrizo,Fabián Gustavo CARRIZO,15,True,Medio,MF,Medio centro defensivo,80,80,75,84,85,77,72,55,82,71,90,14,1966-07-27,31,Argentina,Argentina,Tigre (BA),181,75,,,,23,blanco,castano,EQ003003.PKF,1192188,original
independiente-1731-8900,8900,independiente-1731,Independiente,Graf,Claudio Fernando GRAF,27,True,Delantero,FW,Delantero centro,75,75,78,75,73,74,80,79,75,80,53,19,1976-01-31,22,Argentina,Argentina,Bahía Blanca (BA),176,76,,,,22,blanco,moreno,EQ003003.PKF,1196087,original
independiente-1731-19937,19937,independiente-1731,Independiente,Calderón,José Luis CALDERÓN,7,True,Delantero,FW,Delantero centro,71,71,76,69,64,78,73,69,69,76,62,19,1970-10-24,27,Argentina,Argentina,Argentina,177,77,,,,9,blanco,moreno,EQ003003.PKF,1198143,original
independiente-1731-8876,8876,independiente-1731,Independiente,Guerrero,Francisco Gabriel GUERRERO,11,True,Delantero,FW,Extremo derecho,83,83,90,79,77,88,88,89,80,88,25,8,1977-08-23,20,Argentina,Argentina,Capital Federal,173,68,,,,17,blanco,moreno,EQ003003.PKF,1199126,original
independiente-1731-17463,17463,independiente-1731,Independiente,Turdó,Mario Héctor TURDO,23,True,Delantero,FW,Delantero centro,80,80,86,80,75,82,79,81,78,80,34,21,1979-01-01,19,Argentina,Argentina,Armstrong (SF),183,75,,,,18,blanco,rubio,EQ003003.PKF,1203875,original
racing-1818-20743,20743,racing-1818,Racing,Sessa,Gastón Alejandro SESSA,20,True,Portero,GK,Portero,78,78,76,79,77,82,21,19,24,19,16,80,1973-04-15,25,Argentina,Argentina,La Plata (BA),190,80,,,,1,blanco,moreno,EQ003003.PKF,1211596,original
racing-1818-17465,17465,racing-1818,Racing,Bizarri,Albano Benjamín BIZARRI,31,True,Portero,GK,Portero,75,75,75,77,75,76,20,20,16,20,15,86,1977-11-09,20,Argentina,Argentina,Villa María (Cba),180,72,,,,22,blanco,rubio,EQ003003.PKF,1214685,original
racing-1818-8882,8882,racing-1818,Racing,Cáceres,Walter Adrián CÁCERES,13,True,Portero,GK,Portero,78,78,80,79,75,79,17,25,18,17,21,80,1975-12-02,22,Argentina,Argentina,Monte Grande (BA),176,70,,,,20,blanco,moreno,EQ003003.PKF,1215478,original
racing-1818-25525,25525,racing-1818,Racing,Lux,Javier Alejandro LUX,29,True,Medio,MF,Interior izquierdo,78,78,78,79,76,79,76,79,77,76,45,10,1977-07-10,20,Argentina,Argentina,Carcaraná (Argentina),,,,,,13,blanco,moreno,EQ003003.PKF,1217343,original
racing-1818-20822,20822,racing-1818,Racing,Bezombe,Pablo Marcelo BEZOMBE Boaglio,11,True,Medio,MF,Centrocampista derecha,75,75,77,75,73,75,69,82,88,63,67,16,1971-06-04,27,Argentina,Argentina,Santa Fé,165,63,,,,6,blanco,moreno,EQ003003.PKF,1217913,original
racing-1818-23887,23887,racing-1818,Racing,García,Rodolfo Ramón GARCÍA Flores,19,True,Medio,MF,Media punta por el centro,76,76,78,77,74,77,74,77,76,75,45,10,1969-01-01,29,Argentina,Argentina,Santa Fe (Argentina),,,,,,14,blanco,moreno,EQ003003.PKF,1218895,original
racing-1818-20745,20745,racing-1818,Racing,Gaitán G.,Gonzalo Daniel GAITÁN,16,True,Medio,MF,Lateral derecho,80,80,79,82,85,76,66,86,85,63,61,18,1973-12-02,24,Argentina,Argentina,Necochea (BA),184,72,,,,2,blanco,moreno,EQ003003.PKF,1219472,original
racing-1818-8914,8914,racing-1818,Racing,Latorre,Diego Fernando LATORRE,9,True,Medio,MF,Media punta por el centro,82,82,83,82,75,88,63,90,83,61,65,19,1969-08-04,28,Argentina,Argentina,Capital Federal,168,65,,,,11,blanco,moreno,EQ003003.PKF,1222513,original
racing-1818-8871,8871,racing-1818,Racing,Morales,Angel Alejandro MORALES,12,True,Medio,MF,Media punta izquierda,77,77,80,77,75,78,83,76,73,81,60,10,1975-04-16,23,Argentina,Argentina,"Avellaneda (BA, Argentina)",171,73,,,,9,blanco,moreno,EQ003003.PKF,1226987,original
racing-1818-17467,17467,racing-1818,Racing,Centeno,Cristian Bernardo CENTENO,30,True,Medio,MF,Centrocampista izquierda,78,78,79,80,77,77,63,86,80,68,63,12,1975-05-31,23,Argentina,Argentina,Mendoza,179,73,,,,21,blanco,moreno,EQ003003.PKF,1229617,original
racing-1818-27550,27550,racing-1818,Racing,Banegas,Héctor Gabriel BANEGAS,23,True,Defensa,DF,Libre,73,73,70,75,78,70,70,55,60,70,75,15,1975-07-10,22,Argentina,Argentina,Lanús (BA),180,73,,,,3,blanco,moreno,EQ003003.PKF,1231373,original
racing-1818-6279,6279,racing-1818,Racing,Corbalán,Hugo Rolando CORBALAN,24,True,Defensa,DF,Central izquierdo,79,79,78,80,84,75,67,64,62,62,81,19,1970-11-08,27,Argentina,Argentina,San Miguel de Tucumán,179,76,,,,5,blanco,moreno,EQ003003.PKF,1232086,original
racing-1818-8860,8860,racing-1818,Racing,Reinoso,Jorge Federico REINOSO,4,True,Defensa,DF,Lateral derecho,79,79,78,80,84,77,60,67,61,61,86,19,1967-03-29,31,Argentina,Argentina,Banda Río Salí (Tucumán),170,68,,,,19,blanco,moreno,EQ003003.PKF,1234891,original
racing-1818-17478,17478,racing-1818,Racing,Florentín,Hernán Teodoro FLORENTIN,28,True,Defensa,DF,Central izquierdo,77,77,77,78,80,75,65,62,60,60,84,16,1977-07-01,21,Paraguay,Paraguay,Ipané (Paraguay),180,70,,,,23,blanco,moreno,EQ003003.PKF,1236824,original
racing-1818-20756,20756,racing-1818,Racing,Gaitán A.,Andrés Ernesto GAITÁN,25,True,Defensa,DF,Lateral derecho,79,79,77,82,78,79,61,68,63,61,84,13,1970-12-23,27,Argentina,Argentina,Capital Federal,176,74,,,,24,blanco,moreno,EQ003003.PKF,1237563,original
racing-1818-6112,6112,racing-1818,Racing,Capria D.,Diego Raúl CAPRIA Labiste,2,True,Defensa,DF,Libre,79,79,77,79,83,77,66,67,68,62,83,10,1972-08-27,25,Argentina,Argentina,Gral. Belgrano (BA),188,73,,,,12,blanco,moreno,EQ003003.PKF,1239971,original
racing-1818-8884,8884,racing-1818,Racing,Zanetti,Sergio Ariel ZANETTI,3,True,Defensa,DF,Lateral izquierdo,80,80,82,80,82,76,65,66,66,68,86,19,1967-11-22,30,Argentina,Argentina,Avellaneda (BA),175,68,,,,15,blanco,moreno,EQ003003.PKF,1242089,original
racing-1818-8886,8886,racing-1818,Racing,Úbeda,Claudio Fernando ÚBEDA,6,True,Defensa,DF,Central izquierdo,80,80,78,82,83,80,60,61,67,69,81,11,1969-07-17,28,Argentina,Argentina,Rosario (SF),186,72,,,,4,blanco,moreno,EQ003003.PKF,1247927,original
racing-1818-8891,8891,racing-1818,Racing,Michelini,Pablo Andrés MICHELINI,7,True,Medio,MF,Medio centro defensivo,80,80,74,82,93,71,68,80,82,65,63,20,1973-10-07,24,Argentina,Argentina,Sunchales (SF),178,72,,,,7,blanco,rubio,EQ003003.PKF,1250559,original
racing-1818-8893,8893,racing-1818,Racing,Capria R.,Rubén Oscar CAPRIA Labiste,10,True,Medio,MF,Media punta por el centro,83,83,85,83,75,90,63,89,85,67,69,18,1970-01-06,28,Argentina,Argentina,General Belgrano (BA),181,74,,,,8,blanco,moreno,EQ003003.PKF,1254950,original
racing-1818-8895,8895,racing-1818,Racing,Quiroz,Fernando Héctor QUIROZ,5,True,Medio,MF,Medio centro organizador,79,79,75,79,80,84,63,89,84,60,66,15,1968-06-19,30,Argentina,Argentina,Capital Federal,189,80,,,,17,blanco,moreno,EQ003003.PKF,1259301,original
racing-1818-8899,8899,racing-1818,Racing,Delgado,Marcelo Alejandro DELGADO,8,True,Delantero,FW,Extremo derecho,81,81,89,71,79,85,84,82,60,89,68,11,1973-03-24,25,Argentina,Argentina,Cap. Bermúdez (Sta. Fé),175,70,,,,10,blanco,moreno,EQ003003.PKF,1262504,original
racing-1818-23888,23888,racing-1818,Racing,Ojeda,Pedro OJEDA Bustos,21,True,Delantero,FW,Delantero centro,77,77,76,79,77,77,79,74,72,77,35,10,1972-11-15,25,Argentina,Argentina,San Luis (Argentina),194,93,,,,18,blanco,moreno,EQ003003.PKF,1265984,original
racing-1818-23889,23889,racing-1818,Racing,Villalba,Facundo Luis VILLALBA,22,True,Delantero,FW,Delantero centro,76,76,79,76,74,77,78,79,72,77,40,10,1973-06-20,25,Argentina,Argentina,Avellaneda (Argentina),,,,,,16,blanco,moreno,EQ003003.PKF,1266384,original
boca-1816-17474,17474,boca-1816,Boca,Muñoz,Cristian Fernando MUÑOZ,25,True,Portero,GK,Portero,76,76,76,75,78,78,18,23,21,20,17,78,1977-07-01,21,Argentina,Argentina,Junín (BA),178,72,,,,19,blanco,castano,EQ003003.PKF,1272802,original
boca-1816-25468,25468,boca-1816,Boca,Abbondancieri,Roberto Carlos ABBONDANCIERI,12,True,Portero,GK,Portero,78,78,76,79,80,78,19,23,18,23,24,82,1972-08-19,25,Argentina,Argentina,Bouquet (Santa Fé),190,83,,,,12,blanco,moreno,EQ003003.PKF,1273795,original
boca-1816-17476,17476,boca-1816,Boca,Córdoba,Oscar Eduardo CORDOBA Arce,1,True,Portero,GK,Portero,88,88,85,88,88,93,20,19,16,18,15,90,1970-02-03,28,Colombia,Colombia,Cali (Colombia),190,80,,,,1,mulato,moreno,EQ003003.PKF,1278408,original
boca-1816-25659,25659,boca-1816,Boca,Ortiz,Fernando ORTIZ,14,True,Defensa,DF,Libre,68,68,73,70,56,73,58,42,58,58,73,26,1977-12-25,20,Argentina,Argentina,Corral de Bustos (CBA),,,,,,21,blanco,castano,EQ003003.PKF,1280951,original
boca-1816-23890,23890,boca-1816,Boca,Samuel,Walter Adrián SAMUEL,6,True,Defensa,DF,Central izquierdo,82,82,82,84,83,80,78,72,77,75,82,10,1978-03-22,20,Argentina,Argentina,Firmat (Santa Fe),,,,,,5,blanco,moreno,EQ003003.PKF,1281380,original
boca-1816-20799,20799,boca-1816,Boca,Ibarra,Hugo Benjamín IBARRA,4,True,Defensa,DF,Lateral derecho,82,82,88,80,80,83,69,61,69,63,82,18,1974-04-01,24,Argentina,Argentina,El Colorado (Formosa),170,72,,,,2,blanco,moreno,EQ003003.PKF,1282033,original
boca-1816-17477,17477,boca-1816,Boca,Bermúdez,Jorge Hernán BERMÚDEZ Morales,2,True,Defensa,DF,Libre,82,82,80,82,83,84,60,63,61,63,82,11,1971-06-18,27,Colombia,Colombia,Armenia (Colombia),192,80,,,,4,blanco,moreno,EQ003003.PKF,1286085,original
boca-1816-17479,17479,boca-1816,Boca,Matellán,Aníbal Samuel MATELLAN,15,True,Defensa,DF,Central izquierdo,78,78,77,79,83,75,69,69,69,69,84,10,1977-05-08,21,Argentina,Argentina,Gral. Villegas (BA),176,65,,,,23,blanco,moreno,EQ003003.PKF,1288452,original
boca-1816-25469,25469,boca-1816,Boca,Arruabarrena,Rodolfo Martín ARRUABARRENA,3,True,Defensa,DF,Lateral izquierdo,80,80,80,82,85,76,68,60,67,64,83,15,1975-07-20,22,Argentina,Argentina,Marcos Paz (Buenos Aires),178,72,,,,3,blanco,rubio,EQ003003.PKF,1289587,original
boca-1816-17481,17481,boca-1816,Boca,Traverso,Cristian Alberto TRAVERSO,13,True,Defensa,DF,Central derecho,79,79,77,79,90,73,68,63,61,62,87,12,1972-04-17,26,Argentina,Argentina,San Martín (BA),197,85,,,,14,blanco,moreno,EQ003003.PKF,1291326,original
boca-1816-25660,25660,boca-1816,Boca,Rosada,Ariel Javier ROSADA,16,True,Medio,MF,Interior derecho,75,75,70,76,78,78,75,75,70,75,76,9,1978-04-11,20,Argentina,Argentina,Campana (BA),,,,,,20,blanco,castano,EQ003003.PKF,1292488,original
boca-1816-24652,24652,boca-1816,Boca,Navas,Fernando NAVAS,11,True,Medio,MF,Media punta por el centro,79,79,80,79,77,80,76,79,79,77,45,10,1977-01-29,21,Argentina,Argentina,Merlo (Argentina),,,,,,11,blanco,castano,EQ003003.PKF,1293019,original
boca-1816-8778,8778,boca-1816,Boca,Serna,Mauricio Alberto SERNA Valencia,5,True,Medio,MF,Medio centro defensivo,73,73,77,67,76,73,65,70,82,80,66,26,1968-01-22,30,Colombia,Colombia,Medellín,167,65,,,,6,blanco,moreno,EQ003003.PKF,1293435,original
boca-1816-8910,8910,boca-1816,Boca,Basualdo,José Horacio BASUALDO,18,True,Medio,MF,Interior derecho,79,79,77,79,76,85,75,81,83,85,83,16,1964-06-26,34,Argentina,Argentina,Campana (B.A.),180,75,,,,22,blanco,moreno,EQ003003.PKF,1294578,original
boca-1816-17482,17482,boca-1816,Boca,La Paglia,César Osvaldo LAPAGLIA,19,True,Medio,MF,Media punta por el centro,79,79,78,77,73,90,69,82,83,65,64,20,1978-05-22,20,Argentina,Argentina,Capital Federal,170,64,,,,15,blanco,moreno,EQ003003.PKF,1299693,original
boca-1816-6103,6103,boca-1816,Boca,Berti,Alfredo Jesús BERTI,17,True,Medio,MF,Medio centro defensivo,80,80,76,81,90,76,68,83,83,68,65,13,1971-10-05,26,Argentina,Argentina,Emp. Villa Constitución (Sta Fé),176,70,,,,17,blanco,castano,EQ003003.PKF,1300917,original
boca-1816-20759,20759,boca-1816,Boca,Gustavo Barros,GUSTAVO BARROS SCHELOTTO,22,True,Medio,MF,Centrocampista derecha,81,81,79,76,87,83,66,89,87,63,62,10,1973-05-04,25,Argentina,Argentina,La Plata (BA),177,74,,,,18,blanco,moreno,EQ003003.PKF,1303576,original
boca-1816-8911,8911,boca-1816,Boca,Cagna,Diego CAGNA,8,True,Medio,MF,Interior derecho,80,80,77,84,79,81,66,88,85,69,66,18,1970-04-19,28,Argentina,Argentina,Capital Federal,190,77,,,,8,blanco,moreno,EQ003003.PKF,1306328,original
boca-1816-17485,17485,boca-1816,Boca,Riquelme,Juan Román RIQUELME,10,True,Medio,MF,Medio centro organizador,85,85,81,84,85,90,60,86,89,62,66,14,1978-06-24,20,Argentina,Argentina,San Fernando (BA),185,76,,,,10,blanco,moreno,EQ003003.PKF,1309377,original
boca-1816-25661,25661,boca-1816,Boca,Christian Giménez,Christian Giménez,21,True,Delantero,FW,Delantero centro,81,81,83,77,81,83,68,71,72,78,84,5,1981-02-01,17,Argentina,Argentina,Resistencia (Chaco),,,,,,16,blanco,castano,EQ003003.PKF,1311723,original
boca-1816-20765,20765,boca-1816,Boca,Barijho,Antonio Daniel BARIJHO,27,True,Delantero,FW,Delantero centro,79,79,84,78,72,84,90,88,68,90,62,11,1977-03-18,21,Argentina,Argentina,Capital Federal,174,66,,,,13,blanco,moreno,EQ003003.PKF,1312795,original
boca-1816-25470,25470,boca-1816,Boca,Guillermo Barros,GUILLERMO BARROS SCHELOTTO,7,True,Delantero,FW,Extremo izquierdo,83,83,83,75,90,87,87,86,64,86,67,13,1973-05-04,25,Argentina,Argentina,La Plata (BA),170,68,,,,7,blanco,moreno,EQ003003.PKF,1315559,original
boca-1816-20760,20760,boca-1816,Boca,Palermo,Martín PALERMO,9,True,Delantero,FW,Delantero centro,85,85,86,85,86,85,90,90,67,86,62,17,1973-11-07,24,Argentina,Argentina,La Plata (BA),192,76,,,,9,blanco,rubio,EQ003003.PKF,1318804,original
huracán-1594-16473,16473,huracán-1594,Huracán,Ariel Graña,ARIEL GRAÑA,16,True,Defensa,DF,Central izquierdo,43,43,37,43,49,46,59,53,55,57,74,22,1976-01-19,22,Argentina,Argentina,Buenos Aires (ARG),191,84,,,,16,blanco,moreno,EQ003003.PKF,1323528,original
huracán-1594-25662,25662,huracán-1594,Huracán,Cotera,Alfredo Nicolás COTERA,15,True,Defensa,DF,Central derecho,41,41,38,41,42,43,54,57,54,56,68,12,1977-11-05,20,Argentina,Argentina,Capital Federal,,,,,,15,blanco,moreno,EQ003003.PKF,1324310,original
huracán-1594-25663,25663,huracán-1594,Huracán,Raúl López,Raúl LÓPEZ,6,True,Defensa,DF,Central izquierdo,51,51,46,51,57,51,53,36,57,58,76,14,1971-05-18,27,Argentina,Argentina,Capital Federal,,,,,,17,blanco,moreno,EQ003003.PKF,1324472,original
huracán-1594-25664,25664,huracán-1594,Huracán,Avalos,Fernando AVALOS,2,True,Defensa,DF,Libre,71,71,69,73,72,72,54,56,61,61,68,19,1978-03-31,20,Argentina,Argentina,Posadas (MIS),,,,,,2,blanco,castano,EQ003003.PKF,1324600,original
huracán-1594-8888,8888,huracán-1594,Huracán,Brusco,Sebastián José BRUSCO,26,True,Defensa,DF,Libre,79,79,79,79,81,80,68,60,62,66,86,19,1974-08-10,23,Argentina,Argentina,Córdoba,190,80,,,,6,blanco,moreno,EQ003003.PKF,1324728,original
huracán-1594-17557,17557,huracán-1594,Huracán,Asencio,Leonardo Daniel ASENCIO,3,True,Defensa,DF,Lateral izquierdo,62,62,63,62,63,60,64,63,66,69,90,19,1972-05-18,26,Argentina,Argentina,Capital Federal,176,65,,,,13,blanco,moreno,EQ003003.PKF,1327036,original
huracán-1594-17492,17492,huracán-1594,Huracán,R. Graieb,Rodolfo Moisés GRAIEB,4,True,Defensa,DF,Lateral derecho,77,77,79,78,76,78,65,63,68,60,82,12,1974-06-08,24,Argentina,Argentina,Río Ceballos (Cba),176,65,,,,4,blanco,castano,EQ003003.PKF,1328549,original
huracán-1594-25665,25665,huracán-1594,Huracán,Artaza,Gustavo Javier ARTAZA,14,True,Medio,MF,Interior derecho,42,42,45,39,41,44,51,47,53,57,48,32,1972-05-09,26,Argentina,Argentina,Bella Vista (BA),,,,,,18,blanco,castano,EQ003003.PKF,1329690,original
huracán-1594-17545,17545,huracán-1594,Huracán,Raúl Peralta,RAÚL Alejandro PERALTA,20,True,Medio,MF,Medio centro defensivo,64,64,63,64,66,65,76,65,61,75,76,11,1969-08-06,28,Argentina,Argentina,Córdoba,180,77,,,,5,blanco,moreno,EQ003003.PKF,1329829,original
huracán-1594-25666,25666,huracán-1594,Huracán,Orsi,Leonardo Ariel ORSI,24,True,Medio,MF,Media punta por el centro,53,53,51,56,57,50,61,65,66,74,74,10,1977-01-19,21,Argentina,Argentina,Capital Federal,,,,,,22,blanco,moreno,EQ003003.PKF,1330927,original
huracán-1594-25667,25667,huracán-1594,Huracán,Bartalay,Marcos BARTALAY,11,True,Medio,MF,Interior izquierdo,71,71,71,79,69,65,60,44,54,63,73,11,1974-02-18,24,Argentina,Argentina,Baradero (BA),,,,,,11,blanco,castano,EQ003003.PKF,1331084,original
huracán-1594-8894,8894,huracán-1594,Huracán,Chacoma,Gustavo Martín CHACOMA,5,True,Medio,MF,Medio centro organizador,79,79,78,79,78,82,65,84,89,63,68,13,1970-10-15,27,Argentina,Argentina,San Isidro (BA),182,75,,,,3,blanco,moreno,EQ003003.PKF,1331449,original
huracán-1594-17496,17496,huracán-1594,Huracán,D. Montenegro,Diego Gastón MONTENEGRO,10,True,Medio,MF,Media punta por el centro,80,80,83,78,76,85,63,85,80,61,69,12,1979-03-28,19,Argentina,Argentina,Buenos Aires,177,70,,,,10,blanco,moreno,EQ003003.PKF,1333559,original
huracán-1594-25668,25668,huracán-1594,Huracán,Toedtli,Mariano Ramón TOEDTLI,19,True,Delantero,FW,Delantero centro,57,57,54,57,58,59,80,66,78,74,71,5,1976-03-23,22,Argentina,Argentina,Leones (CBA),,,,,,19,blanco,castano,EQ003003.PKF,1334729,original
huracán-1594-25669,25669,huracán-1594,Huracán,Silvera,Andrés SILVERA,9,True,Delantero,FW,Media punta izquierda,56,56,55,54,55,63,62,52,58,65,60,23,1977-03-14,21,Argentina,Argentina,Comodoro Rivadavia,,,,,,9,blanco,castano,EQ003003.PKF,1335036,original
huracán-1594-25670,25670,huracán-1594,Huracán,Mhamed,Gustavo Mhamed,17,True,Delantero,FW,Delantero centro,54,54,58,57,57,45,73,75,70,66,71,8,1977-01-28,21,Argentina,Argentina,Capital Federal,,,,,,21,blanco,moreno,EQ003003.PKF,1335185,original
huracán-1594-25671,25671,huracán-1594,Huracán,Cappa,Samuel Norberto CAPPA,18,True,Delantero,FW,Delantero centro,55,55,66,51,53,50,72,68,70,73,65,7,1975-10-31,22,Argentina,Argentina,Capital Federal,,,,,,14,blanco,moreno,EQ003003.PKF,1335546,original
huracán-1594-20766,20766,huracán-1594,Huracán,Casas,Angel Gastón CASAS,7,True,Delantero,FW,Delantero centro,78,78,79,82,75,79,89,82,63,82,65,20,1978-01-10,20,Argentina,Argentina,Capital Federal,173,72,,,,7,blanco,rubio,EQ003003.PKF,1335895,original
huracán-1594-20768,20768,huracán-1594,Huracán,Sixto Peralta,SIXTO Raimundo PERALTA,8,True,Medio,MF,Media punta por el centro,81,81,82,80,77,85,60,83,88,67,60,16,1979-04-16,19,Argentina,Argentina,Comodoro Rivadavia,178,73,,,,8,blanco,castano,EQ003003.PKF,1337314,original
huracán-1594-25672,25672,huracán-1594,Huracán,Sodero,Javier SODERO,21,True,Portero,GK,Portero,55,55,55,55,51,60,35,24,14,26,41,78,1964-07-17,33,Argentina,Argentina,Villa María (CBA),,,,,,20,blanco,moreno,EQ003003.PKF,1339324,original
huracán-1594-25673,25673,huracán-1594,Huracán,Martín Ríos,Martín RÍOS,12,True,Portero,GK,Portero,51,51,52,48,49,56,16,14,25,29,59,83,1977-07-17,20,Argentina,Argentina,Arrecifes (BA),,,,,,12,blanco,moreno,EQ003003.PKF,1339463,original
huracán-1594-25674,25674,huracán-1594,Huracán,Islas,Luis Alberto ISLAS Rainieri,1,True,Portero,GK,Portero,77,77,76,77,75,80,22,13,24,19,26,91,1965-12-25,32,Argentina,Argentina,Capital Federal,187,85,,,,1,blanco,moreno,EQ003003.PKF,1339662,original
platense-1548-17499,17499,platense-1548,Platense,Cancelarich,Fabián Oscar CANCELARICH,22,True,Portero,GK,Portero,78,78,75,82,79,78,25,19,18,23,24,84,1965-12-30,32,Argentina,Argentina,Santa Fé,188,77,,,,12,blanco,rubio,EQ003003.PKF,1340951,original
platense-1548-17500,17500,platense-1548,Platense,Irusta,Gustavo Rolando IRUSTA,12,True,Portero,GK,Portero,76,76,75,79,77,73,17,20,19,16,21,83,1969-01-31,29,Argentina,Argentina,Azul (BA),184,72,,,,1,blanco,moreno,EQ003003.PKF,1342252,original
platense-1548-25675,25675,platense-1548,Platense,N. Pereyra,NORMAN Tomás PEREYRA,32,True,Defensa,DF,Lateral izquierdo,72,72,80,72,70,68,60,60,65,65,78,15,1976-07-12,21,Argentina,Argentina,Capital Federal,,,,,,15,blanco,moreno,EQ003003.PKF,1343294,original
platense-1548-25676,25676,platense-1548,Platense,Sardi,Mariano Óscar SARDI,24,True,Defensa,DF,Lateral izquierdo,69,69,66,70,70,70,45,60,50,55,70,15,1977-04-06,21,Argentina,Argentina,Junín (BA),,,,,,20,blanco,castano,EQ003003.PKF,1343462,original
platense-1548-20770,20770,platense-1548,Platense,Loyola,Daniel Alberto LOYOLA,20,True,Defensa,DF,Central derecho,79,79,78,79,84,76,61,63,69,69,80,20,1972-06-26,26,Argentina,Argentina,Godoy Cruz (Mza),184,70,,,,19,blanco,moreno,EQ003003.PKF,1344138,original
platense-1548-20771,20771,platense-1548,Platense,Erbín,Pablo Carlos ERBIN,6,True,Defensa,DF,Libre,79,79,75,81,88,74,69,66,60,60,80,19,1965-10-07,32,Argentina,Argentina,Capital Federal,182,73,,,,2,blanco,castano,EQ003003.PKF,1344908,original
platense-1548-17502,17502,platense-1548,Platense,Bocchio,Víctor Matías BOCCHIO,14,True,Defensa,DF,Central derecho,77,77,77,80,75,76,61,68,65,67,83,11,1977-05-06,21,Argentina,Argentina,Capital Federal,180,76,,,,17,blanco,castano,EQ003003.PKF,1347846,original
platense-1548-20773,20773,platense-1548,Platense,Lorenzón,Víctor Hugo LORENZON,2,True,Defensa,DF,Central derecho,78,78,77,76,85,74,65,63,68,69,83,14,1977-05-22,21,Argentina,Argentina,San Fernando (BA),183,70,,,,3,blanco,moreno,EQ003003.PKF,1349988,original
platense-1548-20774,20774,platense-1548,Platense,Váttimos,Antonio Humberto VATTIMOS,4,True,Defensa,DF,Lateral derecho,78,78,74,77,88,75,67,61,64,67,86,15,1965-05-24,33,Argentina,Argentina,Capital Federal,172,68,,,,4,blanco,moreno,EQ003003.PKF,1351493,original
platense-1548-25677,25677,platense-1548,Platense,Colliard,Enrique Eugenio COLLIARD,18,True,Medio,MF,Media punta derecha,71,71,77,70,65,75,67,72,70,70,75,7,1974-02-20,24,Argentina,Argentina,Lanús (BA),177,74,,,,18,blanco,moreno,EQ003003.PKF,1354807,original
platense-1548-17504,17504,platense-1548,Platense,R. García,Raúl Antenor GARCIA,3,True,Medio,MF,Centrocampista izquierda,77,77,78,77,79,77,62,86,90,65,64,11,1976-07-03,21,Argentina,Argentina,San Fernando del Valle de Catamarca,177,69,,,,6,blanco,moreno,EQ003003.PKF,1355283,original
platense-1548-17506,17506,platense-1548,Platense,P. Miranda,Paulo César MIRANDA,33,True,Medio,MF,Media punta por el centro,78,78,79,77,75,84,65,84,82,67,61,16,1979-04-21,19,Argentina,Argentina,Moreno (BA),169,65,,,,13,blanco,moreno,EQ003003.PKF,1356399,original
platense-1548-25472,25472,platense-1548,Platense,Chatruc,José Manuel CHATRUC,19,True,Medio,MF,Media punta derecha,78,78,82,77,76,77,62,80,90,66,64,10,1976-11-09,21,Argentina,Argentina,Capital Federal,176,70,,,,8,blanco,moreno,EQ003003.PKF,1357153,original
platense-1548-20741,20741,platense-1548,Platense,Coyette,Walter Gastón COYETTE,10,True,Delantero,FW,Media punta izquierda,79,79,81,78,74,84,86,80,65,89,67,13,1976-01-28,22,Argentina,Argentina,Avellaneda (BA),170,68,,,,11,blanco,moreno,EQ003003.PKF,1358287,original
platense-1548-25459,25459,platense-1548,Platense,Campodónico,Mariano CAMPODONICO,26,True,Delantero,FW,Delantero centro,73,73,70,75,75,73,78,66,67,71,62,8,1974-05-04,24,Argentina,Argentina,Adrogué (Buenos Aires),177,75,,,,16,blanco,moreno,EQ003003.PKF,1361674,original
platense-1548-17507,17507,platense-1548,Platense,D. Rivarola,Diego Gabriel RIVAROLA,21,True,Delantero,FW,Delantero centro,77,77,79,77,76,77,84,86,60,80,68,11,1976-07-14,21,Argentina,Argentina,Mendoza,177,68,,,,21,blanco,moreno,EQ003003.PKF,1362986,original
platense-1548-22057,22057,platense-1548,Platense,Mandrini,Sergio Aníbal MANDRINI,5,True,Medio,MF,Medio centro defensivo,79,79,76,82,84,77,60,86,81,66,66,19,1969-06-13,29,Argentina,Argentina,Olavarría (BA),176,70,,,,5,blanco,rubio,EQ003003.PKF,1363935,original
platense-1548-25473,25473,platense-1548,Platense,Lenguita,Favio Gabriel LENGUITA,11,True,Medio,MF,Medio centro defensivo,79,79,79,81,80,79,67,82,87,61,60,20,1969-04-22,29,Argentina,Argentina,Wilde (BA),180,70,,,,7,blanco,rubio,EQ003003.PKF,1365796,original
platense-1548-17508,17508,platense-1548,Platense,W. Jiménez,Walter Adrián JIMENEZ,16,True,Delantero,FW,Delantero centro,78,78,85,77,74,79,80,88,61,89,62,15,1977-08-29,20,Argentina,Argentina,Lanús (BA),177,70,,,,14,blanco,moreno,EQ003003.PKF,1368582,original
platense-1548-20777,20777,platense-1548,Platense,Godoy,Alberto Javier GODOY,9,True,Delantero,FW,Media punta por el centro,80,80,83,80,75,85,80,83,62,89,61,18,1973-10-28,24,Argentina,Argentina,Lanús (BA),178,70,,,,10,blanco,moreno,EQ003003.PKF,1370227,original
platense-1548-17510,17510,platense-1548,Platense,Spontón,Claudio Ariel SPONTON,7,True,Delantero,FW,Extremo izquierdo,81,81,88,78,75,83,90,84,68,83,68,14,1968-09-14,29,Argentina,Argentina,Malabrigo (SF),176,68,,,,9,blanco,rubio,EQ003003.PKF,1372541,original
gimnasia-j-1804-25678,25678,gimnasia-j-1804,Gimnasia (J),Barbieri,Germán Ricardo BARBIERI,20,True,Portero,GK,Portero,66,66,61,64,68,72,20,33,38,20,52,73,1976-03-16,22,Argentina,Argentina,Luján (BA),183,,,,,18,blanco,castano,EQ003003.PKF,1374230,original
gimnasia-j-1804-22059,22059,gimnasia-j-1804,Gimnasia (J),Castellano,Hernán Claudio CASTELLANO,1,True,Portero,GK,Portero,79,79,81,78,80,79,23,23,15,23,22,88,1972-08-03,25,Argentina,Argentina,Marcos Juarez (CBA),185,84,,,,1,blanco,castano,EQ003003.PKF,1374364,original
gimnasia-j-1804-25475,25475,gimnasia-j-1804,Gimnasia (J),Campi,José Luis CAMPI,12,True,Portero,GK,Portero,78,78,76,81,78,77,16,18,23,20,22,87,1971-01-28,27,Argentina,Argentina,Capital Federal,189,87,,,,12,blanco,castano,EQ003003.PKF,1377746,original
gimnasia-j-1804-25679,25679,gimnasia-j-1804,Gimnasia (J),Piro,Pablo PIRO,32,True,Defensa,DF,Central izquierdo,73,73,74,68,79,73,63,66,70,67,75,20,1970-12-05,27,Argentina,Argentina,Mar del Plata (BA),,,,,,21,blanco,castano,EQ003003.PKF,1379985,original
gimnasia-j-1804-22058,22058,gimnasia-j-1804,Gimnasia (J),Dopazo,Sergio Daniel DOPAZO,2,True,Defensa,DF,Lateral izquierdo,77,77,79,80,75,75,62,69,69,63,75,12,1968-11-08,29,Argentina,Argentina,Chacabuco (BA),170,73,,,,14,blanco,moreno,EQ003003.PKF,1380411,original
gimnasia-j-1804-20744,20744,gimnasia-j-1804,Gimnasia (J),Ordóñez,Diego Gastón ORDÓÑEZ,5,True,Defensa,DF,Lateral derecho,79,79,79,77,88,75,69,65,69,68,81,12,1974-03-26,24,Argentina,Argentina,Rosario (Santa Fé),173,68,,,,3,blanco,moreno,EQ003003.PKF,1381742,original
gimnasia-j-1804-4983,4983,gimnasia-j-1804,Gimnasia (J),Sandy,Marco Antonio SANDY Sansusty,3,True,Defensa,DF,Central izquierdo,75,75,77,78,78,70,66,68,65,66,74,10,1971-08-29,26,Bolivia,Bolivia,Cochabamba (Bolivia),182,76,,,,5,blanco,moreno,EQ003003.PKF,1384921,original
gimnasia-j-1804-20779,20779,gimnasia-j-1804,Gimnasia (J),Arzubialde,Héctor Carlos ARZUBIALDE,13,True,Defensa,DF,Libre,76,76,73,77,80,77,66,61,66,66,86,10,1964-08-22,33,Argentina,Argentina,Alta Gracia (Cba),184,75,,,,13,blanco,castano,EQ003003.PKF,1386578,original
gimnasia-j-1804-17434,17434,gimnasia-j-1804,Gimnasia (J),Boasso,Martín Mariano BOASSO,8,True,Medio,MF,Centrocampista izquierda,78,78,78,79,75,80,60,75,74,63,42,14,1975-04-11,23,Argentina,Argentina,El Trébol (SF),180,70,,,,11,blanco,castano,EQ003003.PKF,1391283,original
gimnasia-j-1804-17516,17516,gimnasia-j-1804,Gimnasia (J),Astudillo,Martín Mauricio ASTUDILLO,18,True,Medio,MF,Medio centro defensivo,77,77,77,79,76,77,67,90,83,62,63,11,1977-07-10,20,Argentina,Argentina,Mendoza,188,81,,,,6,blanco,moreno,EQ003003.PKF,1394137,original
gimnasia-j-1804-17517,17517,gimnasia-j-1804,Gimnasia (J),I. Castillo,Iván Sabino CASTILLO Salinas,19,True,Medio,MF,Centrocampista izquierda,79,79,83,81,76,79,60,90,84,68,65,12,1970-07-11,27,Bolivia,Bolivia,Bolivia,180,78,,,,15,mulato,moreno,EQ003003.PKF,1395153,original
gimnasia-j-1804-17518,17518,gimnasia-j-1804,Gimnasia (J),Aguírrez,Pedro Domingo AGUIRREZ,6,True,Defensa,DF,Central derecho,79,79,76,79,89,74,61,61,64,69,84,14,1973-08-06,24,Argentina,Argentina,Quilmes (BA),184,80,,,,4,blanco,moreno,EQ003003.PKF,1397288,original
gimnasia-j-1804-20781,20781,gimnasia-j-1804,Gimnasia (J),Mencia,Rubén Orlando MENCIA,14,True,Medio,MF,Interior derecho,75,75,79,72,73,76,68,87,80,63,69,17,1976-02-02,22,Argentina,Argentina,Formosa,177,70,,,,16,blanco,moreno,EQ003003.PKF,1399722,original
gimnasia-j-1804-20782,20782,gimnasia-j-1804,Gimnasia (J),Morales Santos,Carlos Leonardo MORALES Santos,10,True,Medio,MF,Media punta por el centro,80,80,82,78,76,84,69,83,81,63,69,15,1968-11-04,29,Paraguay,Paraguay,Asunción (Paraguay),170,65,,,,10,blanco,moreno,EQ003003.PKF,1401514,original
gimnasia-j-1804-17519,17519,gimnasia-j-1804,Gimnasia (J),Comminges,Martín Adrián COMMINGES,24,True,Medio,MF,Interior derecho,78,78,79,81,77,78,67,88,80,64,68,20,1975-10-06,22,Argentina,Argentina,Córdoba,176,75,,,,17,blanco,moreno,EQ003003.PKF,1404483,original
gimnasia-j-1804-20784,20784,gimnasia-j-1804,Gimnasia (J),González,ALEJANDRO Santiago GONZALEZ,4,True,Medio,MF,Centrocampista derecha,79,79,79,77,79,83,63,81,80,67,63,20,1972-10-06,25,Argentina,Argentina,Gral. Guemes (Salta),170,65,,,,2,blanco,moreno,EQ003003.PKF,1406934,original
gimnasia-j-1804-25680,25680,gimnasia-j-1804,Gimnasia (J),Romano,Sebastián Andrés ROMANO,23,True,Delantero,FW,Delantero centro,69,69,71,65,69,74,76,68,69,73,69,6,1978-09-18,19,Argentina,Argentina,Quilmes (BA),,,,,,23,blanco,castano,EQ003003.PKF,1409659,original
gimnasia-j-1804-25681,25681,gimnasia-j-1804,Gimnasia (J),Balvorín,Gustavo Alberto BALVORÍN,15,True,Delantero,FW,Delantero centro,75,75,74,74,77,76,75,57,65,68,68,4,1977-09-06,20,Argentina,Argentina,San Miguel Tucumán,,,,,,22,blanco,castano,EQ003003.PKF,1410255,original
gimnasia-j-1804-25682,25682,gimnasia-j-1804,Gimnasia (J),Comelles,Diego Rubén COMELLES,17,True,Delantero,FW,Delantero centro,71,71,74,68,71,73,80,69,73,73,71,7,1975-04-04,23,Argentina,Argentina,Capital Federal,,,,,,19,blanco,castano,EQ003003.PKF,1410740,original
gimnasia-j-1804-25683,25683,gimnasia-j-1804,Gimnasia (J),Almaraz,José Luis ALMARAZ,25,True,Delantero,FW,Media punta izquierda,69,69,71,72,68,65,72,75,70,66,76,7,1980-02-29,18,Argentina,Argentina,San Salvador (Jujuy),,,,,,24,blanco,castano,EQ003003.PKF,1410879,original
gimnasia-j-1804-21986,21986,gimnasia-j-1804,Gimnasia (J),Antuña,Raúl Adolfo ANTUÑA,9,True,Delantero,FW,Delantero centro,66,66,68,69,61,66,69,69,66,69,60,19,1973-08-31,24,Argentina,Argentina,San Juan,185,76,,,,7,blanco,moreno,EQ003003.PKF,1411095,original
gimnasia-j-1804-17520,17520,gimnasia-j-1804,Gimnasia (J),Lobo,Mario Humberto LOBO,11,True,Delantero,FW,Extremo izquierdo,80,80,80,79,82,80,84,88,64,88,64,12,1964-08-21,33,Argentina,Argentina,San Salvador de Jujuy,170,70,,,,9,blanco,moreno,EQ003003.PKF,1411793,original
gimnasia-j-1804-6337,6337,gimnasia-j-1804,Gimnasia (J),Garnier,Carlos Enrique GARNIER,21,True,Delantero,FW,Extremo izquierdo,75,75,87,75,68,73,83,85,62,90,62,10,1975-04-21,23,Argentina,Argentina,San Salvador de Jujuy,172,68,,,,20,blanco,rubio,EQ003003.PKF,1415039,original
gimnasia-j-1804-17522,17522,gimnasia-j-1804,Gimnasia (J),Juárez,Daniel Alejandro JUAREZ,7,True,Medio,MF,Interior derecho,78,78,79,82,77,76,67,81,86,60,61,11,1975-01-07,23,Argentina,Argentina,San Salvador de Jujuy,180,80,,,,8,blanco,moreno,EQ003003.PKF,1417197,original
ferro-1580-25684,25684,ferro-1580,Ferro,Herrera,Martín Horacio HERRERA,12,True,Portero,GK,Portero,66,66,72,66,65,62,23,16,50,31,14,67,1970-09-13,27,Argentina,Argentina,Río Cuarto (CBA),,,,,,1,blanco,moreno,EQ003003.PKF,1422568,original
ferro-1580-17523,17523,ferro-1580,Ferro,Infantino,Rodrigo INFANTINO,30,True,Portero,GK,Portero,68,68,70,65,70,69,18,16,15,21,22,85,1976-02-14,22,Argentina,Argentina,San Justo (BA),178,72,,,,22,blanco,castano,EQ003003.PKF,1422943,original
ferro-1580-6342,6342,ferro-1580,Ferro,Rocha,Ariel Osvaldo ROCHA,1,True,Portero,GK,Portero,77,77,76,78,76,78,21,21,17,16,16,77,1973-04-29,25,Argentina,Argentina,Avellaneda (BA),176,72,,,,12,blanco,rubio,EQ003003.PKF,1423682,original
ferro-1580-25685,25685,ferro-1580,Ferro,Acevedo,Cristian ACEVEDO,33,True,Defensa,DF,Lateral derecho,74,74,74,79,75,68,38,67,45,40,46,14,1974-06-02,24,Argentina,Argentina,Ciudadela (BA),,,,,,2,blanco,moreno,EQ003003.PKF,1426525,original
ferro-1580-17542,17542,ferro-1580,Ferro,Moya,Carlos Daniel MOYA,3,True,Defensa,DF,Central izquierdo,79,79,76,79,86,75,69,61,65,69,88,10,1969-05-02,29,Argentina,Argentina,Mendoza,177,70,,,,6,blanco,moreno,EQ003003.PKF,1426821,original
ferro-1580-20752,20752,ferro-1580,Ferro,Kobistyj,Marcelo Daniel KOBISTYJ,35,True,Defensa,DF,Central izquierdo,78,78,78,79,76,81,61,66,68,60,80,14,1972-02-23,26,Argentina,Argentina,Ituzaingó (BA),184,75,,,,4,blanco,moreno,EQ003003.PKF,1427874,original
ferro-1580-23892,23892,ferro-1580,Ferro,Vales,Gastón Andrés VALES,21,True,Defensa,DF,Lateral izquierdo,75,75,77,75,76,74,70,72,72,68,75,10,1974-10-15,23,Argentina,Argentina,Capital Federal,168,66,,,,5,blanco,moreno,EQ003003.PKF,1430685,original
ferro-1580-8883,8883,ferro-1580,Ferro,Mac Allister,Carlos Javier MAC ALLISTER,6,True,Defensa,DF,Lateral izquierdo,80,80,78,82,87,75,66,69,64,60,83,14,1968-03-06,30,Argentina,Argentina,Santa Rosa (La Pampa),168,60,,,,3,blanco,pelirrojo,EQ003003.PKF,1431071,original
ferro-1580-17529,17529,ferro-1580,Ferro,Sosa,Luis Alberto SOSA,18,True,Defensa,DF,Central izquierdo,79,79,79,80,81,77,62,67,62,60,90,13,1977-05-07,21,Argentina,Argentina,San Justo (BA),175,70,,,,14,blanco,moreno,EQ003003.PKF,1435256,original
ferro-1580-17530,17530,ferro-1580,Ferro,Sartori,Nicolás SARTORI,2,True,Defensa,DF,Libre,77,77,78,79,77,77,66,67,65,67,78,12,1976-05-23,22,Argentina,Argentina,Los Toldos (SF),177,69,,,,18,blanco,moreno,EQ003003.PKF,1437404,original
ferro-1580-23893,23893,ferro-1580,Ferro,Mércuri,Andrés César MÉRCURI,14,True,Medio,MF,Interior izquierdo,76,76,76,74,77,77,74,77,75,72,41,10,1977-03-15,21,Argentina,Argentina,Cañada de Gómez (SF),,,,,,11,blanco,moreno,EQ003003.PKF,1439640,original
ferro-1580-23894,23894,ferro-1580,Ferro,Giaccone,Ariel Alberto GIACCONE,15,True,Medio,MF,Interior derecho,75,75,75,74,76,78,75,77,74,75,36,9,1975-09-06,22,Argentina,Argentina,San Francisco (Argentina),,,,,,8,blanco,moreno,EQ003003.PKF,1440148,original
ferro-1580-23895,23895,ferro-1580,Ferro,Grana,Mario Darío GRANA,9,True,Medio,MF,Interior derecho,69,69,72,70,63,72,66,68,72,70,45,10,1983-01-27,15,Argentina,Argentina,Argentina,188,84,,,,20,blanco,moreno,EQ003003.PKF,1440553,original
ferro-1580-17531,17531,ferro-1580,Ferro,Oviedo,Hernán Fernando OVIEDO,16,True,Medio,MF,Centrocampista izquierda,78,78,78,82,74,79,61,84,81,63,60,16,1975-07-03,22,Argentina,Argentina,Capital Federal,176,75,,,,15,blanco,moreno,EQ003003.PKF,1441096,original
ferro-1580-20786,20786,ferro-1580,Ferro,Cordon,Jorge Luis CORDON,8,True,Medio,MF,Medio centro defensivo,79,79,74,87,85,72,68,90,87,67,60,19,1971-02-13,27,Argentina,Argentina,Capital Federal,174,72,,,,10,blanco,moreno,EQ003003.PKF,1444003,original
ferro-1580-20787,20787,ferro-1580,Ferro,Fiorentini,Pablo Ariel FIORENTINI,5,True,Medio,MF,Medio centro defensivo,78,78,77,80,76,79,65,87,85,61,56,11,1975-04-30,23,Argentina,Argentina,Capital Federal,180,73,,,,16,blanco,moreno,EQ003003.PKF,1446546,original
ferro-1580-6352,6352,ferro-1580,Ferro,Chaparro,Raúl Cristian CHAPARRO,10,True,Medio,MF,Media punta por el centro,79,79,83,77,76,83,64,80,84,65,64,10,1975-10-19,22,Argentina,Argentina,San Isidro (BA),165,60,,,,7,blanco,moreno,EQ003003.PKF,1448600,original
ferro-1580-17532,17532,ferro-1580,Ferro,Martens,Leonel Héctor MARTENS,7,True,Medio,MF,Medio centro defensivo,80,80,80,82,77,81,61,80,85,60,61,10,1975-05-27,23,Argentina,Argentina,Tandil (BA),179,75,,,,9,blanco,castano,EQ003003.PKF,1453675,original
ferro-1580-25686,25686,ferro-1580,Ferro,Ayala,Mario Daniel Ayala,20,True,Delantero,FW,Delantero centro,80,80,83,80,78,81,82,78,79,83,80,5,1976-01-15,22,Argentina,Argentina,Capital Federal,,,,,,17,blanco,castano,EQ003003.PKF,1456095,original
ferro-1580-23896,23896,ferro-1580,Ferro,Panigutti,Emerson Mariano PANIGUTTI,23,True,Delantero,FW,Delantero centro,68,68,72,68,65,70,70,75,68,73,36,10,1976-02-13,22,Argentina,Argentina,Ercilla (Argentina),,,,,,21,blanco,moreno,EQ003003.PKF,1456339,original
ferro-1580-23897,23897,ferro-1580,Ferro,Verón,Leonardo VERÓN,19,True,Delantero,FW,Delantero centro,71,71,72,70,71,72,71,73,72,74,32,10,1973-05-01,25,Argentina,Argentina,Morón (Argentina),182,76,,,,19,blanco,moreno,EQ003003.PKF,1456703,original
ferro-1580-17533,17533,ferro-1580,Ferro,Fossas,Mariano Javier FOSSAS,24,True,Delantero,FW,Delantero centro,77,77,79,78,75,79,90,84,63,85,62,15,1976-05-25,22,Argentina,Argentina,Junín (BA),172,68,,,,13,blanco,moreno,EQ003003.PKF,1457005,original
dep-español-1434-27778,27778,dep-español-1434,Dep. Español,Capella,Julio CAPELLA,1,False,Defensa,DF,Lateral derecho,66,66,67,65,66,66,56,59,52,51,79,19,1977-08-05,20,Argentina,Argentina,Capital Federal,,,,,,20,blanco,moreno,EQ003003.PKF,1459476,original
dep-español-1434-27779,27779,dep-español-1434,Dep. Español,Romancikas,Diego G. ROMANCIKAS,1,False,Defensa,DF,Lateral izquierdo,66,66,67,66,66,68,53,67,67,59,70,38,1977-02-08,21,Argentina,Argentina,Capital Federal,,,,,,3,blanco,moreno,EQ003003.PKF,1459601,original
dep-español-1434-27780,27780,dep-español-1434,Dep. Español,Gords,Germán GORDS,1,False,Defensa,DF,Central derecho,66,66,66,66,67,66,56,63,69,66,72,19,1971-11-28,26,Argentina,Argentina,Capital Federal,,,,,,6,blanco,moreno,EQ003003.PKF,1459735,original
dep-español-1434-27781,27781,dep-español-1434,Dep. Español,Décima,Guillermo F. DÉCIMA,1,False,Defensa,DF,Lateral derecho,67,67,69,68,66,67,59,61,61,58,62,19,1977-07-19,20,Argentina,Argentina,Capital Federal,,,,,,19,blanco,moreno,EQ003003.PKF,1459856,original
dep-español-1434-27782,27782,dep-español-1434,Dep. Español,Batista,José Alberto BATISTA,1,False,Defensa,DF,Lateral derecho,65,65,63,66,62,69,64,61,65,61,63,19,1962-03-06,36,Uruguay,Uruguay,Colonia,,,,,,21,blanco,moreno,EQ003003.PKF,1459985,original
dep-español-1434-17540,17540,dep-español-1434,Dep. Español,S. Fuentes,Sebastián FUENTES,38,False,Defensa,DF,Lateral derecho,78,78,77,81,78,76,69,68,60,62,83,12,1978-03-09,20,Argentina,Argentina,Valentín Alsina (BA),182,80,,,,18,blanco,moreno,EQ003003.PKF,1460111,original
dep-español-1434-20794,20794,dep-español-1434,Dep. Español,Corpache,Diego Fernando CORPACHE,18,False,Defensa,DF,Central izquierdo,77,77,77,79,78,76,60,61,65,64,85,11,1976-05-21,22,Argentina,Argentina,Capital Federal,180,75,,,,2,blanco,moreno,EQ003003.PKF,1460922,original
dep-español-1434-27783,27783,dep-español-1434,Dep. Español,Zampone,Flavio ZAMPONE,1,False,Medio,MF,Centrocampista derecha,64,64,67,66,62,64,56,64,64,66,58,19,1977-12-12,20,Argentina,Argentina,Cañuelas (BA),,,,,,14,blanco,moreno,EQ003003.PKF,1462326,original
dep-español-1434-27784,27784,dep-español-1434,Dep. Español,Velazco,Rodrigo VELAZCO,1,False,Medio,MF,Interior derecho,66,66,64,68,66,68,54,59,61,57,68,23,1978-06-10,20,Argentina,Argentina,Capital Federal,,,,,,15,blanco,moreno,EQ003003.PKF,1462448,original
dep-español-1434-27785,27785,dep-español-1434,Dep. Español,Martín Sosa,Carlos MARTÍN SOSA,1,False,Medio,MF,Media punta por el centro,68,68,71,68,64,72,64,75,76,63,52,19,1977-06-04,21,Argentina,Argentina,Capital Federal,,,,,,11,blanco,moreno,EQ003003.PKF,1462575,original
dep-español-1434-27786,27786,dep-español-1434,Dep. Español,Pertot,Aristides Laureano PERTOT,1,False,Medio,MF,Media punta derecha,65,65,66,62,65,67,62,61,64,57,63,19,1976-09-24,21,Argentina,Argentina,Lanús (BA),,,,,,7,blanco,moreno,EQ003003.PKF,1462707,original
dep-español-1434-27787,27787,dep-español-1434,Dep. Español,Paiber,César PAIBER,1,False,Medio,MF,Medio centro organizador,67,67,68,66,68,66,59,63,66,58,66,19,1970-02-13,28,Argentina,Argentina,Los Polvorines (BA),,,,,,5,blanco,moreno,EQ003003.PKF,1462838,original
dep-español-1434-27788,27788,dep-español-1434,Dep. Español,Galván,Diego Hernán GALVÁN,1,False,Medio,MF,Centrocampista derecha,66,66,66,64,66,68,57,62,67,62,57,22,1977-02-24,21,Argentina,Argentina,Capital Federal,,,,,,16,blanco,moreno,EQ003003.PKF,1462970,original
dep-español-1434-27789,27789,dep-español-1434,Dep. Español,Frangipane,Paolo Daniel FRANGIPANE,1,False,Medio,MF,Centrocampista derecha,67,67,67,70,67,66,60,66,63,58,56,19,1979-07-11,18,Argentina,Argentina,Capital Federal,,,,,,12,blanco,moreno,EQ003003.PKF,1463100,original
dep-español-1434-20796,20796,dep-español-1434,Dep. Español,Segovia,Diego Gastón SEGOVIA,31,False,Medio,MF,Interior derecho,77,77,78,79,77,76,61,83,87,63,60,19,1976-01-07,22,Argentina,Argentina,Capital Federal,175,68,,,,4,blanco,moreno,EQ003003.PKF,1463238,original
dep-español-1434-20798,20798,dep-español-1434,Dep. Español,Galván,Sebastián Carlos GALVAN,7,False,Medio,MF,Interior derecho,79,79,80,81,76,79,61,82,82,60,69,20,1975-06-10,23,Argentina,Argentina,San Pedro (Jujuy),180,70,,,,8,blanco,moreno,EQ003003.PKF,1464254,original
dep-español-1434-27790,27790,dep-español-1434,Dep. Español,Romero,Franco ROMERO,1,False,Delantero,FW,Delantero centro,66,66,69,66,66,65,61,65,62,62,64,20,1979-05-08,19,Argentina,Argentina,Córdoba,,,,,,9,blanco,moreno,EQ003003.PKF,1465846,original
dep-español-1434-27791,27791,dep-español-1434,Dep. Español,Escudero,Gastón Ariel ESCUDERO,1,False,Delantero,FW,Delantero centro,66,66,66,67,64,67,64,64,67,66,62,17,1977-01-27,21,Argentina,Argentina,Capital Federal,,,,,,17,blanco,moreno,EQ003003.PKF,1465962,original
dep-español-1434-27792,27792,dep-español-1434,Dep. Español,Basavilbaso,Diego BASAVILBASO,1,False,Delantero,FW,Delantero centro,65,65,66,65,65,67,61,63,64,62,67,18,1976-12-01,21,Argentina,Argentina,Capital Federal,,,,,,10,blanco,moreno,EQ003003.PKF,1466096,original
dep-español-1434-27793,27793,dep-español-1434,Dep. Español,Ayala,Óscar R. Alfonso AYALA,1,False,Delantero,FW,Delantero centro,66,66,67,67,67,66,65,61,63,66,52,19,1975-12-10,22,Argentina,Argentina,Capital Federal,,,,,,23,blanco,moreno,EQ003003.PKF,1466229,original
dep-español-1434-27794,27794,dep-español-1434,Dep. Español,Ventrice,Marcelo Diego VENTRICE,1,False,Portero,GK,Portero,66,66,67,66,67,67,23,19,19,27,23,70,1977-02-10,21,Argentina,Argentina,Capital Federal,,,,,,13,blanco,moreno,EQ003003.PKF,1466361,original
dep-español-1434-27795,27795,dep-español-1434,Dep. Español,Noguera,Andrés Raúl NOGUERA,1,False,Portero,GK,Portero,66,66,65,67,64,68,16,21,21,20,20,71,1967-02-04,31,Argentina,Argentina,Quilmes (BA),,,,,,1,blanco,moreno,EQ003003.PKF,1466496,original
dep-español-1434-27796,27796,dep-español-1434,Dep. Español,Morales,Diego MORALES,1,False,Portero,GK,Portero,65,65,66,66,66,65,19,19,21,18,21,69,1980-01-18,18,Argentina,Argentina,Capital Federal,,,,,,22,blanco,moreno,EQ003003.PKF,1466625,original
colón-1521-8788,8788,colón-1521,Colón,Irigoytía,Joaquín IRIGOYTIA,12,True,Portero,GK,Portero,80,80,80,81,80,81,22,19,16,24,23,80,1976-08-15,21,Argentina,Argentina,Paraná (ER),185,73,,,,12,blanco,moreno,EQ003003.PKF,1467322,original
colón-1521-17553,17553,colón-1521,Colón,Burtovoy,José Pablo BURTOVOY,1,True,Portero,GK,Portero,78,78,76,80,79,78,21,24,25,22,22,79,1976-11-06,21,Argentina,Argentina,Santa Fé,185,72,,,,1,blanco,moreno,EQ003003.PKF,1470172,original
colón-1521-25687,25687,colón-1521,Colón,Richetti,Pablo RICHETTI,13,True,Defensa,DF,Libre,63,63,56,69,70,60,65,65,50,67,70,20,1977-01-02,21,Argentina,Argentina,Capital Federal,,,,,,6,blanco,moreno,EQ003003.PKF,1471184,original
colón-1521-20880,20880,colón-1521,Colón,Medero,Luis Adrián MEDERO,2,True,Defensa,DF,Central derecho,80,80,79,81,79,82,69,65,69,64,83,14,1973-01-24,25,Argentina,Argentina,Hurlingham (BA),180,77,,,,14,blanco,moreno,EQ003003.PKF,1471393,original
colón-1521-5348,5348,colón-1521,Colón,Morant,Pablo Javier MORANT,21,True,Defensa,DF,Libre,70,70,72,70,69,69,61,67,60,63,88,19,1970-06-30,28,Argentina,Argentina,Esquel (Argentina),186,80,,,,5,blanco,moreno,EQ003003.PKF,1473877,original
colón-1521-17554,17554,colón-1521,Colón,Goux,Marcelo Jesús GOUX,19,True,Defensa,DF,Central izquierdo,77,77,76,79,78,77,64,66,62,60,88,16,1975-09-21,22,Argentina,Argentina,Lanús (BA),184,74,,,,13,blanco,moreno,EQ003003.PKF,1475696,original
colón-1521-20800,20800,colón-1521,Colón,Unali,Dante Rubén UNALI,3,True,Defensa,DF,Lateral izquierdo,78,78,76,79,82,77,65,67,68,66,82,10,1966-12-10,31,Argentina,Argentina,San Miguel de Tucumán,174,72,,,,3,blanco,moreno,EQ003003.PKF,1477770,original
colón-1521-6390,6390,colón-1521,Colón,R. Peña,Héctor Ignacio RODRíGUEZ PEÑA,6,True,Defensa,DF,Central derecho,79,79,77,80,83,78,68,64,65,65,83,20,1968-10-22,29,Uruguay,Uruguay,Montevideo (Uruguay),180,72,,,,4,negro,moreno,EQ003003.PKF,1482488,original
colón-1521-25688,25688,colón-1521,Colón,Cantero,Pablo CANTERO,14,True,Medio,MF,Media punta izquierda,68,68,68,72,66,69,74,67,80,69,77,6,1977-10-31,20,Argentina,Argentina,Rosario (Santa Fe),,,,,,18,blanco,castano,EQ003003.PKF,1485281,original
colón-1521-20801,20801,colón-1521,Colón,Aquino,Rodolfo Gustavo AQUINO,7,True,Medio,MF,Lateral derecho,81,81,83,84,80,80,67,65,61,62,80,19,1974-07-21,23,Argentina,Argentina,Rosario (SF),177,73,,,,2,blanco,moreno,EQ003003.PKF,1485589,original
colón-1521-8805,8805,colón-1521,Colón,Monserrat,Roberto Carlos MONSERRAT,11,True,Medio,MF,Interior derecho,79,79,80,83,72,84,62,89,89,67,68,20,1968-09-13,29,Argentina,Argentina,Córdoba,183,70,,,,8,blanco,moreno,EQ003003.PKF,1487797,original
colón-1521-6413,6413,colón-1521,Colón,Aguilar,Manuel Santos AGUILAR,4,True,Medio,MF,Interior izquierdo,71,71,71,70,72,74,67,90,84,67,69,14,1969-09-12,28,Argentina,Argentina,San Miguel de Tucumán,175,74,,,,15,blanco,moreno,EQ003003.PKF,1492146,original
colón-1521-6395,6395,colón-1521,Colón,Saralegui,Marcelo SARALEGUI Arregin,8,True,Medio,MF,Media punta por el centro,82,82,82,82,84,83,61,89,89,66,69,15,1971-05-18,27,Uruguay,Uruguay,Montevideo (Uruguay),175,75,,,,10,blanco,moreno,EQ003003.PKF,1496215,original
colón-1521-20802,20802,colón-1521,Colón,Castagno S.,Diego Cristian CASTAGNO SUÁREZ,5,True,Medio,MF,Medio centro defensivo,80,80,78,82,85,76,66,89,83,65,62,11,1972-10-10,25,Argentina,Argentina,Rosario (SF),180,76,,,,21,blanco,moreno,EQ003003.PKF,1499887,original
colón-1521-6396,6396,colón-1521,Colón,Agoglia,Nelson Omar AGOGLIA,15,True,Medio,MF,Media punta por el centro,79,79,87,77,75,80,66,83,87,67,61,17,1973-05-10,25,Argentina,Argentina,Capital Federal,170,66,,,,16,blanco,moreno,EQ003003.PKF,1501799,original
colón-1521-25689,25689,colón-1521,Colón,Muller,Victor Javier Muller,27,True,Delantero,FW,Extremo izquierdo,78,78,80,80,77,77,76,73,59,81,75,8,1973-01-02,25,Argentina,Argentina,Paraná (E. Ríos),177,75,,,,11,blanco,castano,EQ003003.PKF,1503994,original
colón-1521-25690,25690,colón-1521,Colón,Rey,Emiliano REY,26,True,Delantero,FW,Extremo derecho,62,62,68,60,55,65,75,70,60,75,65,10,1975-11-05,22,Argentina,Argentina,Mar del Plata (BA),,,,,,20,blanco,moreno,EQ003003.PKF,1504175,original
colón-1521-20792,20792,colón-1521,Colón,Torres,Cristian Gabriel TORRES,16,True,Delantero,FW,Delantero centro,79,79,83,78,77,79,90,86,62,84,61,20,1975-08-26,22,Argentina,Argentina,Santa Fé,176,75,,,,17,blanco,moreno,EQ003003.PKF,1504358,original
colón-1521-20742,20742,colón-1521,Colón,Trimarchi,Marcelo Andrés TRIMARCHI,18,True,Delantero,FW,Extremo derecho,79,79,85,77,75,80,86,90,65,90,67,19,1973-10-29,24,Argentina,Argentina,Capital Federal,173,70,,,,7,blanco,moreno,EQ003003.PKF,1506846,original
colón-1521-8897,8897,colón-1521,Colón,Fuertes,Esteban Oscar FUERTES,20,True,Delantero,FW,Delantero centro,73,73,74,74,73,74,84,83,61,83,65,14,1972-12-26,25,Argentina,Argentina,Coronel Dorrego (BA),185,85,,,,9,blanco,moreno,EQ003003.PKF,1509449,original
colón-1521-17563,17563,colón-1521,Colón,Sandoval,Gustavo David SANDOVAL,28,True,Delantero,FW,Delantero centro,73,73,75,74,70,73,89,83,63,85,61,13,1975-03-12,23,Argentina,Argentina,Santa Fé,178,71,,,,19,blanco,moreno,EQ003003.PKF,1511690,original
estudiantes-lp-1742-20808,20808,estudiantes-lp-1742,Estudiantes (LP),Bossio,Carlos Gustavo BOSSIO,13,True,Portero,GK,Portero,80,80,82,81,77,81,17,21,22,24,22,90,1973-12-01,24,Argentina,Argentina,Córdoba,195,97,,,,1,blanco,moreno,EQ003003.PKF,1514554,original
estudiantes-lp-1742-20809,20809,estudiantes-lp-1742,Estudiantes (LP),Andersen,Carlos Sebastián ANDERSEN,1,True,Portero,GK,Portero,68,68,67,69,68,68,17,25,25,23,21,87,1973-03-18,25,Argentina,Argentina,La Plata (BA),188,80,,,,13,blanco,castano,EQ003003.PKF,1521867,original
estudiantes-lp-1742-25691,25691,estudiantes-lp-1742,Estudiantes (LP),J. Fernández,Juan Ramón FERNÁNDEZ,14,True,Defensa,DF,Central derecho,71,71,68,73,75,70,66,47,52,70,70,31,1980-03-05,18,Argentina,Argentina,Gualeguaychú (ERI),,,,,,18,blanco,castano,EQ003003.PKF,1523802,original
estudiantes-lp-1742-17566,17566,estudiantes-lp-1742,Estudiantes (LP),Alayes,Agustín ALAYES,21,True,Defensa,DF,Central derecho,52,52,53,53,51,52,62,63,68,66,80,20,1978-07-22,19,Argentina,Argentina,La Plata (BA),186,76,,,,21,blanco,moreno,EQ003003.PKF,1524066,original
estudiantes-lp-1742-6343,6343,estudiantes-lp-1742,Estudiantes (LP),Peralta,Alejandro David PERALTA,12,True,Defensa,DF,Central izquierdo,73,73,72,77,73,72,72,68,71,72,73,10,1973-04-25,25,Argentina,Argentina,Morón (BA),180,80,,,,23,blanco,moreno,EQ003003.PKF,1524683,original
estudiantes-lp-1742-20811,20811,estudiantes-lp-1742,Estudiantes (LP),Rojas,Ricardo Ismael ROJAS Mendoza,17,True,Defensa,DF,Lateral izquierdo,70,70,70,69,71,72,66,67,66,67,88,20,1971-01-26,27,Paraguay,Argentina,Posadas (Misiones),176,73,,,,3,blanco,moreno,EQ003003.PKF,1526094,original
estudiantes-lp-1742-20812,20812,estudiantes-lp-1742,Estudiantes (LP),Azconzábal,Juan Manuel AZCONZABAL,3,True,Defensa,DF,Central izquierdo,68,68,67,68,72,68,65,68,61,60,80,18,1974-09-08,23,Argentina,Argentina,Junín (BA),179,78,,,,5,blanco,moreno,EQ003003.PKF,1528400,original
estudiantes-lp-1742-20813,20813,estudiantes-lp-1742,Estudiantes (LP),Zapata,Ariel Hernán ZAPATA,4,True,Defensa,DF,Central izquierdo,67,67,67,65,66,71,60,65,65,60,84,13,1974-09-02,23,Argentina,Argentina,Florencio Varela (BA),176,75,,,,20,blanco,moreno,EQ003003.PKF,1533788,original
estudiantes-lp-1742-17567,17567,estudiantes-lp-1742,Estudiantes (LP),Testa,Leandro Guido TESTA,2,True,Defensa,DF,Lateral derecho,72,72,73,72,74,72,64,67,65,69,82,15,1976-03-24,22,Argentina,Argentina,Gral. Belgrano (BA),178,75,,,,2,blanco,moreno,EQ003003.PKF,1536797,original
estudiantes-lp-1742-6412,6412,estudiantes-lp-1742,Estudiantes (LP),Quatrocchi,Pablo Javier QUATROCCHI,6,True,Defensa,DF,Central derecho,72,72,73,72,74,72,62,63,69,68,83,20,1974-01-19,24,Argentina,Argentina,Quilmes (BA),188,82,,,,4,blanco,moreno,EQ003003.PKF,1540558,original
estudiantes-lp-1742-25476,25476,estudiantes-lp-1742,Estudiantes (LP),Romagnoli,Marcelo Fabián ROMAGNOLI,28,True,Medio,MF,Interior derecho,79,79,79,82,79,77,68,82,84,65,67,14,1970-08-15,27,Argentina,Argentina,Arias (Córdoba),177,70,,,,8,blanco,moreno,EQ003003.PKF,1542165,original
estudiantes-lp-1742-17469,17469,estudiantes-lp-1742,Estudiantes (LP),De Vicente,Néstor Adrián DE VICENTE,15,True,Medio,MF,Centrocampista izquierda,80,80,77,81,83,79,64,89,90,63,61,15,1964-07-29,33,Argentina,Argentina,Avellaneda (BA),187,80,,,,14,blanco,rubio,EQ003003.PKF,1543816,original
estudiantes-lp-1742-17424,17424,estudiantes-lp-1742,Estudiantes (LP),Mas,Leonardo Oscar MAS,8,True,Medio,MF,Media punta por el centro,80,80,85,77,75,83,60,90,87,69,69,13,1975-07-22,22,Argentina,Argentina,San Martín (BA),166,60,,,,10,blanco,moreno,EQ003003.PKF,1546479,original
estudiantes-lp-1742-6160,6160,estudiantes-lp-1742,Estudiantes (LP),Jiménez,Jorge Rubén JIMENEZ,0,True,Medio,MF,Medio centro defensivo,79,79,77,80,78,84,75,78,79,77,50,10,1970-07-04,27,Argentina,Argentina,Buenos Aires,184,79,,,,6,blanco,moreno,EQ003003.PKF,1548330,original
estudiantes-lp-1742-18870,18870,estudiantes-lp-1742,Estudiantes (LP),Cardoso,Rodolfo Esteban CARDOSO,10,True,Medio,MF,Interior izquierdo,80,80,79,80,78,83,77,75,80,79,55,14,1968-10-17,29,Argentina,Argentina,Azul (BA),,,,,,11,blanco,moreno,EQ003003.PKF,1550551,original
estudiantes-lp-1742-281,281,estudiantes-lp-1742,Estudiantes (LP),Hugo Pérez,HUGO Leonardo PÉREZ,16,True,Medio,MF,Medio centro defensivo,79,79,76,79,82,82,67,70,81,91,81,24,1968-10-06,29,Argentina,Argentina,Avellaneda (Argentina),180,76,,,,19,blanco,moreno,EQ003003.PKF,1551107,original
estudiantes-lp-1742-17569,17569,estudiantes-lp-1742,Estudiantes (LP),Lanfranchi,Roberto Martín LANFRANCHI,23,True,Medio,MF,Media punta por el centro,54,54,54,55,54,53,64,84,89,63,60,12,1978-03-24,20,Argentina,Argentina,La Plata (BA),188,84,,,,22,blanco,moreno,EQ003003.PKF,1553516,original
estudiantes-lp-1742-17570,17570,estudiantes-lp-1742,Estudiantes (LP),Temporini,Leandro Martín TEMPORINI,27,True,Medio,MF,Centrocampista derecha,55,55,55,56,53,57,61,90,85,68,62,13,1975-12-05,22,Argentina,Argentina,Monte Buey (Cba),175,77,,,,17,blanco,castano,EQ003003.PKF,1553960,original
estudiantes-lp-1742-27551,27551,estudiantes-lp-1742,Estudiantes (LP),Farías,Ernesto Antonio FARÍAS,7,True,Delantero,FW,Extremo derecho,67,67,63,69,66,73,77,75,70,75,65,13,1980-05-29,18,Argentina,Argentina,Trenque Lauquen (BA),,,,,,15,blanco,moreno,EQ003003.PKF,1554732,original
estudiantes-lp-1742-25692,25692,estudiantes-lp-1742,Estudiantes (LP),Galletti,Luciano Martín GALLETTI,11,True,Delantero,FW,Delantero centro,79,79,76,79,76,85,80,81,84,80,79,8,1980-04-09,18,Argentina,Argentina,La Plata (BA),,,,,,12,blanco,rubio,EQ003003.PKF,1555207,original
estudiantes-lp-1742-25693,25693,estudiantes-lp-1742,Estudiantes (LP),Cardano,Gabriel Alberto CARDANO,20,True,Delantero,FW,Extremo derecho,77,77,78,76,81,74,73,76,70,75,76,14,1977-08-05,20,Argentina,Argentina,Tres Arroyos (BA),,,,,,16,blanco,castano,EQ003003.PKF,1555739,original
estudiantes-lp-1742-17575,17575,estudiantes-lp-1742,Estudiantes (LP),Piersimone,Mauricio Hugo PIERSIMONE,18,True,Delantero,FW,Delantero centro,56,56,58,56,55,56,82,85,67,89,65,20,1973-03-05,25,Argentina,Argentina,Murphy (SF),180,77,,,,9,blanco,moreno,EQ003003.PKF,1555911,original
estudiantes-lp-1742-20818,20818,estudiantes-lp-1742,Estudiantes (LP),Fúriga,Martín Alejandro FURIGA,30,True,Delantero,FW,Delantero centro,72,72,73,72,74,72,90,89,60,89,61,13,1976-01-22,22,Argentina,Argentina,La Plata (BA),180,72,,,,7,blanco,moreno,EQ003003.PKF,1556388,original
dep-morón-1627-27797,27797,dep-morón-1627,Dep. Morón,Saliani,Emiliano Martín SALIANI,1,False,Defensa,DF,Central derecho,56,56,56,56,56,57,55,57,59,56,67,19,1976-05-21,22,Argentina,Argentina,Haedo (BA),,,,,,15,blanco,moreno,EQ003003.PKF,1558656,original
dep-morón-1627-27798,27798,dep-morón-1627,Dep. Morón,Chomenczuk,Diego F. CHOMENCZUK,1,False,Defensa,DF,Lateral derecho,56,56,58,56,57,53,59,63,66,56,62,10,1974-04-20,24,Argentina,Argentina,Capital Federal,,,,,,25,blanco,moreno,EQ003003.PKF,1558786,original
dep-morón-1627-24657,24657,dep-morón-1627,Dep. Morón,Estévez,Leonardo Gastón ESTEVEZ,0,False,Defensa,DF,Lateral izquierdo,54,54,56,53,54,53,58,54,57,59,62,51,1972-11-28,25,Argentina,Argentina,Capital Federal,174,66,,,,3,blanco,moreno,EQ003003.PKF,1558918,original
dep-morón-1627-24658,24658,dep-morón-1627,Dep. Morón,De Caterini,Angel Adrián DE CATERINI,0,False,Defensa,DF,Central izquierdo,57,57,59,57,56,57,60,66,64,54,68,19,1976-06-29,22,Argentina,Argentina,Capital Federal,176,65,,,,18,blanco,moreno,EQ003003.PKF,1559105,original
dep-morón-1627-24659,24659,dep-morón-1627,Dep. Morón,Escalada,Benjamín Fabián ESCALADA,0,False,Defensa,DF,Central izquierdo,65,65,67,64,66,66,57,64,64,58,68,19,1972-04-11,26,Argentina,Argentina,Capital Federal,176,65,,,,6,blanco,moreno,EQ003003.PKF,1559298,original
dep-morón-1627-24661,24661,dep-morón-1627,Dep. Morón,G. Martínez,Gonzalo Jorge MARTINEZ,0,False,Defensa,DF,Libre,68,68,69,68,67,68,58,61,65,59,61,19,1975-11-09,22,Argentina,Argentina,Capital Federal,186,76,,,,2,blanco,moreno,EQ003003.PKF,1559488,original
dep-morón-1627-27799,27799,dep-morón-1627,Dep. Morón,Viscovich,Gabriel F. VISCOVICH,1,False,Medio,MF,Centrocampista derecha,67,67,67,67,66,68,63,62,62,59,67,17,1968-02-11,30,Argentina,Argentina,Capital Federal,,,,,,8,blanco,moreno,EQ003003.PKF,1559679,original
dep-morón-1627-27800,27800,dep-morón-1627,Dep. Morón,Vargas,Carlos Nelson VARGAS,1,False,Medio,MF,Centrocampista derecha,56,56,57,56,54,58,61,63,65,59,69,19,1979-12-05,18,Argentina,Argentina,Capital Federal,,,,,,12,blanco,moreno,EQ003003.PKF,1559810,original
dep-morón-1627-27801,27801,dep-morón-1627,Dep. Morón,Natalicchio,Maximiliano NATALICCHIO,1,False,Medio,MF,Media punta izquierda,64,64,67,65,60,66,65,62,63,64,57,14,1974-10-02,23,Argentina,Argentina,Lanús (BA),,,,,,7,blanco,moreno,EQ003003.PKF,1559943,original
dep-morón-1627-27802,27802,dep-morón-1627,Dep. Morón,Medina,Gustavo Alberto MEDINA,1,False,Medio,MF,Media punta por el centro,66,66,69,62,65,69,64,66,66,64,59,19,1973-01-09,25,Argentina,Argentina,Ciudadela,,,,,,10,blanco,moreno,EQ003003.PKF,1560075,original
dep-morón-1627-27803,27803,dep-morón-1627,Dep. Morón,Juárez,Leonardo M. JUÁREZ,1,False,Medio,MF,Centrocampista derecha,55,55,55,55,54,56,58,64,65,62,60,24,1975-08-12,22,Argentina,Argentina,Rosario (SF),,,,,,17,blanco,moreno,EQ003003.PKF,1560202,original
dep-morón-1627-27804,27804,dep-morón-1627,Dep. Morón,Frete,Víctor Alexis FRETE,1,False,Medio,MF,Centrocampista derecha,55,55,54,54,55,57,64,66,68,64,54,19,1977-06-03,21,Argentina,Argentina,Reconquista (SF),,,,,,21,blanco,moreno,EQ003003.PKF,1560327,original
dep-morón-1627-27805,27805,dep-morón-1627,Dep. Morón,Correa,Daniel Alejandro CORREA,1,False,Medio,MF,Medio centro organizador,63,63,64,63,63,65,61,59,63,62,62,57,1973-12-27,24,Argentina,Argentina,Santiago del Estero,,,,,,5,blanco,moreno,EQ003003.PKF,1560456,original
dep-morón-1627-27806,27806,dep-morón-1627,Dep. Morón,Coronel,Miguel Ángel CORONEL,1,False,Medio,MF,Centrocampista derecha,57,57,57,59,58,56,65,63,63,62,56,19,1972-11-16,25,Argentina,Argentina,Merlo (BA),,,,,,23,blanco,moreno,EQ003003.PKF,1560600,original
dep-morón-1627-24662,24662,dep-morón-1627,Dep. Morón,Grilanc,Sebastián GRILANC,0,False,Medio,MF,Medio centro defensivo,54,54,54,55,55,54,58,61,66,62,69,19,1976-01-17,22,Argentina,Argentina,Capital Federal,178,73,,,,19,blanco,moreno,EQ003003.PKF,1560727,original
dep-morón-1627-24666,24666,dep-morón-1627,Dep. Morón,Krikorián,Luciano KRIKORIAN,0,False,Medio,MF,Medio centro defensivo,65,65,68,64,65,65,61,64,66,61,60,19,1975-09-06,22,Argentina,Argentina,Capital Federal,188,81,,,,11,blanco,moreno,EQ003003.PKF,1560909,original
dep-morón-1627-24667,24667,dep-morón-1627,Dep. Morón,M. Méndez,Martín Alejandro MENDEZ,0,False,Medio,MF,Lateral derecho,66,66,69,66,63,66,70,66,65,70,72,19,1973-01-23,25,Argentina,Argentina,Capital Federal,176,65,,,,4,blanco,rubio,EQ003003.PKF,1561093,original
dep-morón-1627-24669,24669,dep-morón-1627,Dep. Morón,E. Gómez,Eduardo Adolfo GOMEZ,0,False,Medio,MF,Interior derecho,54,54,55,52,56,55,59,61,65,56,67,19,1974-09-04,23,Argentina,Argentina,Morón (BA),179,76,,,,14,blanco,moreno,EQ003003.PKF,1561283,original
dep-morón-1627-27807,27807,dep-morón-1627,Dep. Morón,Zinelli,César Humberto ZINELLI,1,False,Portero,GK,Portero,56,56,58,56,57,54,17,19,20,16,20,69,1974-01-26,24,Argentina,Argentina,Capital Federal,,,,,,13,blanco,moreno,EQ003003.PKF,1561464,original
dep-morón-1627-27808,27808,dep-morón-1627,Dep. Morón,Binzunga,Fabián Alfredo BINZUNGA,1,False,Portero,GK,Portero,65,65,65,66,65,67,20,18,17,21,38,69,1975-05-30,23,Argentina,Argentina,Ezeiza (BA),,,,,,1,blanco,moreno,EQ003003.PKF,1561595,original
dep-morón-1627-27809,27809,dep-morón-1627,Dep. Morón,Rodríguez,Fernando D. RODRÍGUEZ,1,False,Delantero,FW,Delantero centro,56,56,57,58,55,54,64,66,63,66,53,19,1976-06-02,22,Argentina,Argentina,Morón (BA),,,,,,16,blanco,moreno,EQ003003.PKF,1561724,original
dep-morón-1627-27810,27810,dep-morón-1627,Dep. Morón,Meinecke,Alberto Hugo MEINECKE,1,False,Delantero,FW,Delantero centro,66,66,67,69,64,67,67,56,58,65,63,19,1981-09-01,16,Argentina,Argentina,S. Martín (BA),,,,,,9,blanco,moreno,EQ003003.PKF,1561852,original
dep-morón-1627-27811,27811,dep-morón-1627,Dep. Morón,Huici,Andrés Alejandro HUICI,1,False,Delantero,FW,Extremo derecho,54,54,54,54,55,56,60,59,65,65,55,19,1977-05-07,21,Argentina,Argentina,Mercedes (BA),,,,,,20,blanco,moreno,EQ003003.PKF,1561985,original
dep-morón-1627-27812,27812,dep-morón-1627,Dep. Morón,Delfino,Leonardo Adrián DELFINO,1,False,Delantero,FW,Delantero centro,56,56,57,56,59,55,59,61,66,64,52,19,1976-10-01,21,Argentina,Argentina,Castelar (BA),,,,,,22,blanco,moreno,EQ003003.PKF,1562109,original
dep-morón-1627-27813,27813,dep-morón-1627,Dep. Morón,Cipolatti,Cristian A. CIPOLATTI,1,False,Delantero,FW,Delantero centro,54,54,54,54,54,57,66,65,68,67,45,15,1975-06-19,23,Argentina,Argentina,Sunchales (SF),,,,,,24,blanco,moreno,EQ003003.PKF,1562233,original
arsenal-2065-24680,24680,arsenal-2065,Arsenal,Binzugna,Fabián Alfredo BINZUGNA,0,False,Portero,GK,Portero,56,56,58,56,55,58,45,44,42,36,54,58,1970-05-30,28,Argentina,Argentina,Ezeiza (BA),178,72,,,,12,blanco,castano,EQ003003.PKF,1562918,original
arsenal-2065-24681,24681,arsenal-2065,Arsenal,Vivaldo,Jorge Antonio VIVALDO,0,False,Portero,GK,Portero,58,58,60,58,57,59,45,45,45,45,45,59,1967-02-18,31,Argentina,Argentina,Luján (BA),190,80,,,,1,blanco,moreno,EQ003003.PKF,1563099,original
arsenal-2065-24682,24682,arsenal-2065,Arsenal,Oñate,Héctor Omar OÑATE,0,False,Portero,GK,Portero,53,53,53,53,54,55,46,43,51,53,56,55,1973-06-16,25,Argentina,Argentina,Avellaneda (BA),178,72,,,,23,blanco,moreno,EQ003003.PKF,1563281,original
arsenal-2065-24683,24683,arsenal-2065,Arsenal,Acevey,Domingo ACEVEY,0,False,Defensa,DF,Lateral derecho,57,57,60,57,57,54,56,55,52,57,54,12,1968-08-23,29,Argentina,Argentina,Goya (Corrientes),176,65,,,,17,blanco,castano,EQ003003.PKF,1563461,original
arsenal-2065-24684,24684,arsenal-2065,Arsenal,O. Espínola,Oscar ESPINOLA,0,False,Defensa,DF,Lateral izquierdo,53,53,55,53,54,52,54,54,53,57,52,50,1976-05-10,22,Argentina,Argentina,Buenos Aires,176,65,,,,13,blanco,moreno,EQ003003.PKF,1563638,original
arsenal-2065-24685,24685,arsenal-2065,Arsenal,Viscovich,Gabriel Fernando VISCOVICH,0,False,Defensa,DF,Lateral izquierdo,55,55,58,56,53,53,44,43,45,46,57,12,1968-02-11,30,Argentina,Argentina,Capital Federal,176,65,,,,3,blanco,sin pelo,EQ003003.PKF,1563818,original
arsenal-2065-24687,24687,arsenal-2065,Arsenal,Galarza,Angel GALARZA,0,False,Defensa,DF,Central izquierdo,54,54,56,53,54,55,46,46,46,46,46,46,1974-03-16,24,Argentina,Argentina,Buenos Aires,174,66,,,,6,blanco,moreno,EQ003003.PKF,1564008,original
arsenal-2065-24688,24688,arsenal-2065,Arsenal,C. Ruiz,Carlos David RUIZ,0,False,Defensa,DF,Libre,55,55,56,56,55,53,52,54,53,47,15,45,1971-11-10,26,Argentina,Argentina,Capital Federal,179,70,,,,2,blanco,moreno,EQ003003.PKF,1564178,original
arsenal-2065-24689,24689,arsenal-2065,Arsenal,Arci,Gustavo Ricardo ARCI,0,False,Defensa,DF,Central izquierdo,54,54,54,55,55,53,60,50,53,50,66,17,1973-04-03,25,Argentina,Argentina,Lanús (BA),176,65,,,,24,blanco,moreno,EQ003003.PKF,1564355,original
arsenal-2065-24690,24690,arsenal-2065,Arsenal,Prego,Leandro Agustín PREGO,0,False,Defensa,DF,Central izquierdo,52,52,55,53,52,50,55,49,60,58,68,14,1974-12-08,23,Argentina,Argentina,Lanús (BA),176,65,,,,25,blanco,moreno,EQ003003.PKF,1564524,original
arsenal-2065-24691,24691,arsenal-2065,Arsenal,Leiva,Horacio Javier LEIVA,0,False,Medio,MF,Medio centro defensivo,53,53,55,53,54,52,45,46,47,44,44,14,1975-08-15,22,Argentina,Argentina,Capital Federal,178,73,,,,18,blanco,moreno,EQ003003.PKF,1564695,original
arsenal-2065-24692,24692,arsenal-2065,Arsenal,A. Alvarez,Adrián Fabio ALVAREZ,0,False,Medio,MF,Media punta por el centro,72,72,72,70,69,79,69,56,66,67,58,11,1968-03-05,30,Argentina,Argentina,San Martín (BA),179,76,,,,10,blanco,castano,EQ003003.PKF,1564878,original
arsenal-2065-24693,24693,arsenal-2065,Arsenal,J. Rizzo,José Fernando RIZZO,0,False,Medio,MF,Medio centro defensivo,74,74,76,74,72,75,47,46,48,46,51,12,1969-09-22,28,Argentina,Argentina,Capital Federal,174,66,,,,5,blanco,moreno,EQ003003.PKF,1565411,original
arsenal-2065-24694,24694,arsenal-2065,Arsenal,Luis Sosa,LUIS Norberto SOSA,0,False,Medio,MF,Centrocampista derecha,55,55,56,55,54,55,43,51,46,58,55,11,1971-03-25,27,Argentina,Argentina,San Miguel (BA),179,76,,,,8,blanco,moreno,EQ003003.PKF,1565613,original
arsenal-2065-24695,24695,arsenal-2065,Arsenal,Filgueiras,Mariano Gabriel FILGUEIRAS,0,False,Medio,MF,Centrocampista derecha,53,53,55,53,52,53,23,43,50,47,58,11,1972-10-03,25,Argentina,Argentina,Capital Federal,186,76,,,,27,blanco,moreno,EQ003003.PKF,1565794,original
arsenal-2065-24696,24696,arsenal-2065,Arsenal,D. Espínola,Darío ESPINOLA,0,False,Defensa,DF,Lateral derecho,55,55,57,56,55,55,45,43,44,54,43,16,1973-09-15,24,Argentina,Argentina,Posadas (Misiones),178,75,,,,4,blanco,moreno,EQ003003.PKF,1565980,original
arsenal-2065-24697,24697,arsenal-2065,Arsenal,Rondina,Sergio Gabriel RONDINA,0,False,Medio,MF,Centrocampista izquierda,55,55,55,54,55,56,45,43,43,42,54,14,1971-11-03,26,Argentina,Argentina,San Antonio de Padua (BA),176,65,,,,7,blanco,moreno,EQ003003.PKF,1566170,original
arsenal-2065-24698,24698,arsenal-2065,Arsenal,Obregón,Walter Fabián OBREGON,0,False,Medio,MF,Media punta por el centro,54,54,55,56,53,54,64,58,60,58,51,15,1974-12-13,23,Argentina,Argentina,Córdoba,175,77,,,,26,blanco,moreno,EQ003003.PKF,1566361,original
arsenal-2065-24699,24699,arsenal-2065,Arsenal,Bernasconi,Roberto Alejandro BERNASCONI,0,False,Medio,MF,Media punta por el centro,54,54,54,55,53,54,47,45,43,51,43,46,1975-05-31,23,Argentina,Argentina,Ezeiza (BA),170,66,,,,15,blanco,moreno,EQ003003.PKF,1566530,original
arsenal-2065-24700,24700,arsenal-2065,Arsenal,Broccardi,Martín BROCCARDI,0,False,Medio,MF,Medio centro defensivo,53,53,54,53,55,52,46,45,54,34,56,14,1973-03-14,25,Argentina,Argentina,Avellaneda (BA),178,73,,,,14,blanco,moreno,EQ003003.PKF,1566720,original
arsenal-2065-24701,24701,arsenal-2065,Arsenal,Pitasi,Gustavo José PITASI,0,False,Medio,MF,Interior derecho,53,53,55,53,53,52,56,43,44,56,54,15,1968-04-13,30,Argentina,Argentina,Buenos Aires,178,73,,,,19,blanco,moreno,EQ003003.PKF,1566895,original
arsenal-2065-24702,24702,arsenal-2065,Arsenal,R. Ruiz,Raúl Sebastián RUIZ,0,False,Delantero,FW,Delantero centro,52,52,52,53,53,50,67,42,43,45,57,12,1974-10-29,23,Argentina,Argentina,Capital Federal,176,65,,,,16,blanco,moreno,EQ003003.PKF,1567066,original
arsenal-2065-24703,24703,arsenal-2065,Arsenal,Gorozo,Martín Alejandro GOROZO,0,False,Delantero,FW,Delantero centro,55,55,57,55,54,54,47,46,54,53,41,12,1974-07-18,23,Argentina,Argentina,Tandil (BA),176,65,,,,11,blanco,moreno,EQ003003.PKF,1567256,original
arsenal-2065-24704,24704,arsenal-2065,Arsenal,Gareca,Facundo GARECA,0,False,Delantero,FW,Delantero centro,55,55,56,55,57,55,54,57,55,56,53,12,1973-10-05,24,Argentina,Argentina,San Miguel (Tucumán),180,76,,,,9,blanco,moreno,EQ003003.PKF,1567432,original
arsenal-2065-24705,24705,arsenal-2065,Arsenal,Aciar,Adrián Alfredo ACIAR,0,False,Delantero,FW,Extremo derecho,53,53,54,52,53,54,52,53,51,46,48,13,1972-01-17,26,Argentina,Argentina,Buenos Aires,182,76,,,,20,blanco,moreno,EQ003003.PKF,1567609,original
arsenal-2065-24706,24706,arsenal-2065,Arsenal,Olate,Sergio Gabriel OLATE,0,False,Delantero,FW,Delantero centro,54,54,54,53,54,55,61,46,55,69,45,16,1972-09-08,25,Argentina,Argentina,Buenos Aires,176,65,,,,28,blanco,moreno,EQ003003.PKF,1567779,original
arsenal-2065-24707,24707,arsenal-2065,Arsenal,Polvere,Adrián Marcelo POLVERE,0,False,Delantero,FW,Extremo izquierdo,53,53,54,52,53,54,52,56,51,50,45,14,1973-03-22,25,Argentina,Argentina,Avellaneda (BA),179,76,,,,29,blanco,moreno,EQ003003.PKF,1567959,original
arsenal-2065-24708,24708,arsenal-2065,Arsenal,Seguessa,Alejandro José SEGUESSA Mora,0,False,Delantero,FW,Extremo izquierdo,53,53,53,54,52,53,63,61,54,62,37,10,1968-08-23,29,Uruguay,Uruguay,La Paloma-Rocha (Uruguay),176,65,,,,30,blanco,moreno,EQ003003.PKF,1568137,original
arsenal-2065-24709,24709,arsenal-2065,Arsenal,Ortega,Juan Carlos Fabián ORTEGA,0,False,Delantero,FW,Extremo izquierdo,53,53,53,54,54,52,45,46,46,45,47,14,1969-06-24,29,Argentina,Argentina,Sarandi (BA),175,71,,,,21,blanco,moreno,EQ003003.PKF,1568337,original
arsenal-2065-24710,24710,arsenal-2065,Arsenal,Brusa,Edgar Mauricio BRUSA,0,False,Delantero,FW,Extremo derecho,53,53,53,54,53,52,34,54,46,45,35,15,1972-01-20,26,Argentina,Argentina,Córdoba,176,65,,,,22,blanco,moreno,EQ003003.PKF,1568514,original
tigre-1195-27552,27552,tigre-1195,Tigre,Rocco,Eduardo Antonio ROCCO,1,False,Defensa,DF,Central izquierdo,62,62,62,64,61,62,59,60,65,62,58,14,1975-03-14,23,Argentina,Argentina,Villa Bosch (BA),,,,,,4,blanco,moreno,EQ003003.PKF,1569245,original
tigre-1195-27553,27553,tigre-1195,Tigre,Baigorria,Alejandro E. BAIGORRIA,1,False,Defensa,DF,Lateral derecho,64,64,64,66,62,66,55,57,63,56,67,19,1972-08-25,25,Argentina,Argentina,Los Polvorines (BA),,,,,,2,blanco,moreno,EQ003003.PKF,1569374,original
tigre-1195-24714,24714,tigre-1195,Tigre,Arana,Adrián Enrique ARANA,0,False,Defensa,DF,Lateral izquierdo,61,61,63,60,59,63,55,57,66,54,70,19,1972-06-07,26,Argentina,Argentina,Buenos Aires,176,65,,,,3,blanco,moreno,EQ003003.PKF,1569519,original
tigre-1195-27554,27554,tigre-1195,Tigre,Kopriva,Juan Carlos KOPRIVA,1,False,Medio,MF,Media punta izquierda,64,64,66,63,64,65,62,65,67,63,55,19,1964-11-05,33,Argentina,Argentina,Capital Federal,,,,,,11,blanco,moreno,EQ003003.PKF,1569688,original
tigre-1195-27555,27555,tigre-1195,Tigre,Figún,Estebán Óscar FIGÚN,1,False,Medio,MF,Centrocampista derecha,53,53,55,53,53,54,57,59,62,65,54,19,1979-11-01,18,Argentina,Argentina,S. Martín (BA),,,,,,17,blanco,moreno,EQ003003.PKF,1569818,original
tigre-1195-27556,27556,tigre-1195,Tigre,Dundo,Pablo Javier DUNDO,1,False,Medio,MF,Interior derecho,51,51,54,50,48,52,48,53,67,56,59,19,1976-03-03,22,Argentina,Argentina,S. Fernando (BA),,,,,,15,blanco,moreno,EQ003003.PKF,1569946,original
tigre-1195-27557,27557,tigre-1195,Tigre,Delgado,Víctor Hugo DELGADO,1,False,Medio,MF,Centrocampista derecha,65,65,66,63,66,65,55,63,60,58,55,19,1968-03-12,30,Argentina,Argentina,Corrientes,,,,,,8,blanco,moreno,EQ003003.PKF,1570075,original
tigre-1195-27558,27558,tigre-1195,Tigre,Carrizo,Sebastian Darío CARRIZO,1,False,Medio,MF,Medio centro organizador,64,64,64,65,63,65,60,65,69,55,59,17,1978-02-25,20,Argentina,Argentina,S. Isidro (BA),,,,,,5,blanco,moreno,EQ003003.PKF,1570199,original
tigre-1195-27559,27559,tigre-1195,Tigre,Blanco,Maximiliano H. BLANCO,1,False,Medio,MF,Centrocampista derecha,53,53,55,55,51,53,57,66,67,65,56,22,1977-08-01,20,Argentina,Argentina,Morón (BA),,,,,,12,blanco,moreno,EQ003003.PKF,1570333,original
tigre-1195-27560,27560,tigre-1195,Tigre,Ávila,Adrián Marcelo ÁVILA,1,False,Medio,MF,Interior derecho,64,64,66,63,63,64,58,64,65,56,60,19,1972-07-04,25,Argentina,Argentina,Funes (SF),,,,,,7,blanco,moreno,EQ003003.PKF,1570454,original
tigre-1195-25477,25477,tigre-1195,Tigre,Darío Pérez,Luis DARIO PEREZ,0,False,Medio,MF,Medio centro organizador,72,72,71,73,74,72,63,68,67,66,57,19,1970-11-06,27,Argentina,Argentina,Junín (Buenos Aires),,,,,,10,blanco,moreno,EQ003003.PKF,1570576,original
tigre-1195-24720,24720,tigre-1195,Tigre,Herschel,Marcos Martín HERSCHEL,0,False,Medio,MF,Media punta por el centro,51,51,52,50,51,52,52,65,64,56,52,19,1972-07-05,25,Argentina,Argentina,Buenos Aires,178,73,,,,14,blanco,moreno,EQ003003.PKF,1571541,original
tigre-1195-27561,27561,tigre-1195,Tigre,Ortega,Anibal Baldomero ORTEGA,1,False,Delantero,FW,Delantero centro,54,54,55,55,54,54,64,66,57,60,52,19,1972-01-29,26,Uruguay,Uruguay,Montevideo,,,,,,18,blanco,moreno,EQ003003.PKF,1571728,original
tigre-1195-27562,27562,tigre-1195,Tigre,Mettini,Sergio METTINI,1,False,Delantero,FW,Delantero centro,64,64,65,63,63,65,64,64,59,64,59,64,1971-09-02,26,Argentina,Argentina,Tigre (BA),,,,,,6,blanco,moreno,EQ003003.PKF,1571854,original
tigre-1195-27563,27563,tigre-1195,Tigre,Maggiolo,Ezequiel Carlos MAGGIOLO,1,False,Delantero,FW,Delantero centro,66,66,69,67,63,68,68,66,57,70,54,19,1977-06-15,21,Argentina,Argentina,Martínez (BA),,,,,,9,blanco,moreno,EQ003003.PKF,1571979,original
tigre-1195-27564,27564,tigre-1195,Tigre,Cirillo,Damián Matiás CIRILLO,1,False,Delantero,FW,Delantero centro,53,53,54,54,51,55,65,64,59,61,56,19,1980-01-17,18,Argentina,Argentina,S. Isidro (BA),,,,,,16,blanco,moreno,EQ003003.PKF,1572114,original
tigre-1195-27565,27565,tigre-1195,Tigre,Spina,Guido Mariano SPINA,1,False,Portero,GK,Portero,50,50,52,50,49,50,14,15,17,18,16,66,1977-03-30,21,Argentina,Argentina,Capital Federal,,,,,,19,blanco,moreno,EQ003003.PKF,1572246,original
tigre-1195-27566,27566,tigre-1195,Tigre,Ibarra,Claudio Fabián IBARRA,1,False,Portero,GK,Portero,66,66,66,66,65,68,15,16,13,22,18,70,1965-06-29,33,Argentina,Argentina,Capital Federal,,,,,,1,blanco,moreno,EQ003003.PKF,1572372,original
tigre-1195-27567,27567,tigre-1195,Tigre,Elorza,Matías Ezequiel ELORZ<5D>A,1,False,Portero,GK,Portero,53,53,54,52,52,54,12,13,13,15,15,68,1978-08-10,19,Argentina,Argentina,Capital Federal,,,,,,13,blanco,moreno,EQ003003.PKF,1572507,original
san-martín-tuc-1710-24733,24733,san-martín-tuc-1710,San Martín (Tuc),Quiñones,Luis Roberto QUIÑONES,0,False,Portero,GK,Portero,58,58,59,57,59,60,7,11,19,14,48,54,1965-05-01,33,Argentina,Argentina,La Banda (Sgo.del Estero),178,72,,,,1,blanco,moreno,EQ003003.PKF,1573223,original
san-martín-tuc-1710-24735,24735,san-martín-tuc-1710,San Martín (Tuc),Gómez,Orlando Gustavo GOMEZ,0,False,Portero,GK,Portero,53,53,55,53,52,55,9,6,25,13,44,53,1976-09-30,21,Argentina,Argentina,San Migue de Tucumán,178,72,,,,12,blanco,moreno,EQ003003.PKF,1573421,original
san-martín-tuc-1710-25789,25789,san-martín-tuc-1710,San Martín (Tuc),Torres,Matías Alejandro TORRES,1,False,Defensa,DF,Central derecho,54,54,54,53,51,59,50,52,58,55,56,19,1977-09-06,20,Argentina,Argentina,San Miguel (Tucumán),,,,,,22,blanco,castano,EQ003003.PKF,1573612,original
san-martín-tuc-1710-25790,25790,san-martín-tuc-1710,San Martín (Tuc),Díaz,Carlos Gustavo DÍAZ,1,False,Defensa,DF,Central izquierdo,54,54,53,56,53,54,48,50,58,63,56,19,1976-06-20,22,Argentina,Argentina,Stgo. Del Estero,,,,,,18,blanco,moreno,EQ003003.PKF,1573751,original
san-martín-tuc-1710-25791,25791,san-martín-tuc-1710,San Martín (Tuc),Araya,Ramón Antonio ARAYA,1,False,Defensa,DF,Central izquierdo,54,54,51,53,59,56,58,52,56,59,53,19,1973-02-11,25,Argentina,Argentina,Santa Ana (Tucumán),,,,,,17,blanco,castano,EQ003003.PKF,1573884,original
san-martín-tuc-1710-25792,25792,san-martín-tuc-1710,San Martín (Tuc),Jiménez,Carlos Alberto JIMÉNEZ,1,False,Defensa,DF,Central derecho,53,53,55,51,53,55,49,53,64,57,57,19,1973-04-20,25,Argentina,Argentina,San Miguel (Tucumán),,,,,,15,blanco,moreno,EQ003003.PKF,1574024,original
san-martín-tuc-1710-25793,25793,san-martín-tuc-1710,San Martín (Tuc),Ortiz,Celso ORTIZ,1,False,Defensa,DF,Libre,54,54,51,58,54,56,53,54,59,51,49,19,1973-07-26,24,Paraguay,Paraguay,Concepción,,,,,,5,blanco,moreno,EQ003003.PKF,1574170,original
san-martín-tuc-1710-25794,25794,san-martín-tuc-1710,San Martín (Tuc),F.J. Díaz,Fernando Justo DÍAZ,1,False,Defensa,DF,Central izquierdo,57,57,53,58,57,61,50,57,56,59,54,19,1977-02-12,21,Argentina,Argentina,San Miguel (Tucumán),,,,,,3,blanco,moreno,EQ003003.PKF,1574290,original
san-martín-tuc-1710-25795,25795,san-martín-tuc-1710,San Martín (Tuc),Del Valle,Gustavo F. DEL VALLE,1,False,Defensa,DF,Central derecho,56,56,51,56,60,58,56,57,52,57,54,19,1972-10-26,25,Argentina,Argentina,San Miguel (Tucumán),,,,,,2,blanco,moreno,EQ003003.PKF,1574428,original
san-martín-tuc-1710-24738,24738,san-martín-tuc-1710,San Martín (Tuc),Di Risio,Alfredo Edgardo DI RISIO,0,False,Defensa,DF,Central derecho,55,55,58,57,55,53,56,49,52,57,59,19,1975-06-17,23,Argentina,Argentina,San Miguel de Tucumán,176,65,,,,4,blanco,moreno,EQ003003.PKF,1574581,original
san-martín-tuc-1710-25796,25796,san-martín-tuc-1710,San Martín (Tuc),S.D. Torres,Sergio Denis TORRES,1,False,Delantero,FW,Delantero centro,54,54,58,53,50,57,56,51,56,59,55,19,1974-11-22,23,Paraguay,Paraguay,Itacuí de la Cordillera,,,,,,23,blanco,moreno,EQ003003.PKF,1574779,original
san-martín-tuc-1710-25797,25797,san-martín-tuc-1710,San Martín (Tuc),Chacana,Carlos Alberto CHACANA,1,False,Delantero,FW,Delantero centro,54,54,52,55,53,57,51,53,55,56,53,19,1976-06-23,22,Argentina,Argentina,San Miguel (Tucumán),,,,,,13,blanco,moreno,EQ003003.PKF,1574928,original
san-martín-tuc-1710-24743,24743,san-martín-tuc-1710,San Martín (Tuc),Amaya,Miguel Alberto AMAYA,0,False,Delantero,FW,Delantero centro,54,54,55,54,54,53,55,56,53,63,59,19,1964-11-23,33,Argentina,Argentina,Los Bulacios (Tucumán),176,65,,,,7,blanco,moreno,EQ003003.PKF,1575067,original
san-martín-tuc-1710-24744,24744,san-martín-tuc-1710,San Martín (Tuc),Rivero,Manuel F. RIVERO,0,False,Delantero,FW,Delantero centro,53,53,53,54,52,53,49,53,54,59,56,19,1971-05-16,27,Argentina,Argentina,San Miguel de Tucumán,176,65,,,,9,blanco,moreno,EQ003003.PKF,1575251,original
san-martín-tuc-1710-25798,25798,san-martín-tuc-1710,San Martín (Tuc),Pedraza,Luis Antonio PEDRAZA,1,False,Medio,MF,Medio centro organizador,51,51,50,53,49,53,49,53,57,52,57,19,1973-02-11,25,Argentina,Argentina,Santa Ana (Tucumán),,,,,,21,blanco,castano,EQ003003.PKF,1575444,original
san-martín-tuc-1710-25799,25799,san-martín-tuc-1710,San Martín (Tuc),G.D. García,Gustavo Darío GARCÍA,1,False,Medio,MF,Media punta por el centro,53,53,59,53,48,53,54,57,51,55,52,19,1978-12-07,19,Argentina,Argentina,San Miguel (Tucumán),,,,,,19,blanco,moreno,EQ003003.PKF,1575587,original
san-martín-tuc-1710-25800,25800,san-martín-tuc-1710,San Martín (Tuc),Tempone,Gustavo TEMPONE,1,False,Medio,MF,Centrocampista derecha,55,55,57,56,52,57,48,53,56,56,54,19,1970-04-14,28,Argentina,Argentina,Capital Federal,,,,,,16,blanco,moreno,EQ003003.PKF,1575728,original
san-martín-tuc-1710-25801,25801,san-martín-tuc-1710,San Martín (Tuc),Guerrero,Didilfo GUERRERO,1,False,Medio,MF,Centrocampista derecha,52,52,55,53,50,52,49,54,52,52,57,19,1975-01-16,23,Paraguay,Paraguay,San Manuel Frutos,,,,,,10,blanco,moreno,EQ003003.PKF,1575860,original
san-martín-tuc-1710-25802,25802,san-martín-tuc-1710,San Martín (Tuc),Juárez,Daniel Norberto JUÁREZ,1,False,Medio,MF,Interior izquierdo,53,53,55,53,52,53,53,54,59,53,57,19,1978-06-14,20,Argentina,Argentina,San Miguel (Tucumán),,,,,,6,blanco,moreno,EQ003003.PKF,1575996,original
san-martín-tuc-1710-25803,25803,san-martín-tuc-1710,San Martín (Tuc),Vaquel,Raúl Armando VAQUEL,1,False,Medio,MF,Centrocampista izquierda,54,54,48,55,61,54,48,53,55,55,57,19,1975-02-04,23,Argentina,Argentina,S.F. del Valle,,,,,,20,blanco,moreno,EQ003003.PKF,1576134,original
san-martín-tuc-1710-24747,24747,san-martín-tuc-1710,San Martín (Tuc),Solbes,Ricardo Luis Del Valle SOLBES,0,False,Medio,MF,Media punta por el centro,57,57,57,56,57,58,59,56,55,55,52,19,1971-06-21,27,Argentina,Argentina,San Miguel de Tucumán,176,65,,,,11,blanco,moreno,EQ003003.PKF,1576263,original
san-martín-tuc-1710-24750,24750,san-martín-tuc-1710,San Martín (Tuc),J. C. Juárez,Juan Carlos JUAREZ,0,False,Medio,MF,Interior derecho,56,56,57,54,56,58,52,49,56,57,48,19,1970-06-26,28,Argentina,Argentina,San Miguel de Tucumán,176,65,,,,14,mulato,moreno,EQ003003.PKF,1576465,original
san-martín-tuc-1710-24751,24751,san-martín-tuc-1710,San Martín (Tuc),Pereyra,Walter Gustavo PEREYRA,0,False,Medio,MF,Centrocampista derecha,54,54,54,55,53,56,56,54,64,62,57,19,1975-05-20,23,Argentina,Argentina,Concepción (Tuc),175,77,,,,8,blanco,moreno,EQ003003.PKF,1576657,original
ctral-córdoba-1495-27568,27568,ctral-córdoba-1495,Ctral. Córdoba,Herrera,Cristian HERRERA,1,False,Portero,GK,Portero,59,59,61,58,50,67,19,15,18,20,18,68,1978-04-27,20,Argentina,Argentina,Rosario (SF),,,,,,19,blanco,moreno,EQ003003.PKF,1577452,original
ctral-córdoba-1495-24760,24760,ctral-córdoba-1495,Ctral. Córdoba,H. Santa Cruz,Hernán SANTA CRUZ,0,False,Portero,GK,Portero,65,65,66,64,65,65,13,18,14,12,12,67,1976-01-23,22,Argentina,Argentina,Rosario (SF),178,72,,,,1,blanco,moreno,EQ003003.PKF,1577577,original
ctral-córdoba-1495-24761,24761,ctral-córdoba-1495,Ctral. Córdoba,Gassman,Germán GASSMAN,0,False,Portero,GK,Portero,64,64,67,65,63,64,9,7,14,10,15,67,1977-08-30,20,Argentina,Argentina,Rosario (SF),178,72,,,,12,blanco,moreno,EQ003003.PKF,1577764,original
ctral-córdoba-1495-27569,27569,ctral-córdoba-1495,Ctral. Córdoba,Salvatierra,Mauricio S. SALVATIERRA,1,False,Defensa,DF,Central derecho,60,60,63,61,56,60,56,59,60,59,65,18,1977-03-30,21,Argentina,Argentina,Rosario (SF),,,,,,17,blanco,moreno,EQ003003.PKF,1577942,original
ctral-córdoba-1495-27570,27570,ctral-córdoba-1495,Ctral. Córdoba,Michella,Norberto Ariel MICHELLA,1,False,Defensa,DF,Lateral derecho,62,62,62,61,62,64,52,57,59,54,65,8,1976-02-03,22,Argentina,Argentina,Rosario (SF),,,,,,18,blanco,moreno,EQ003003.PKF,1578078,original
ctral-córdoba-1495-27571,27571,ctral-córdoba-1495,Ctral. Córdoba,Gallucci,Alberto Jesús GALLUCCI,1,False,Defensa,DF,Lateral izquierdo,63,63,65,62,64,62,56,59,62,53,66,19,1969-07-04,28,Argentina,Argentina,Rosario (SF),,,,,,20,blanco,moreno,EQ003003.PKF,1578216,original
ctral-córdoba-1495-27572,27572,ctral-córdoba-1495,Ctral. Córdoba,Díaz,Luis Fernando DÍAZ,1,False,Defensa,DF,Central derecho,61,61,63,64,61,59,55,61,62,55,60,19,1975-06-23,23,Argentina,Argentina,G. Baigorria (SF),,,,,,21,blanco,moreno,EQ003003.PKF,1578349,original
ctral-córdoba-1495-24764,24764,ctral-córdoba-1495,Ctral. Córdoba,Pochettino,Claudio POCHETTINO,0,False,Defensa,DF,Lateral izquierdo,65,65,67,66,64,65,53,64,63,59,73,21,1974-11-16,23,Argentina,Argentina,Rosario (SF),176,65,,,,3,blanco,moreno,EQ003003.PKF,1578478,original
ctral-córdoba-1495-24765,24765,ctral-córdoba-1495,Ctral. Córdoba,Oliva,Leandro Alexis OLIVA,0,False,Defensa,DF,Central izquierdo,64,64,66,64,62,66,53,60,61,53,64,19,1975-06-01,23,Argentina,Argentina,Rosario (SF),176,65,,,,6,blanco,moreno,EQ003003.PKF,1578662,original
ctral-córdoba-1495-24767,24767,ctral-córdoba-1495,Ctral. Córdoba,M. Santa Cruz,Maximiliano Nelson SANTA CRUZ,0,False,Defensa,DF,Lateral derecho,64,64,65,63,65,65,54,58,63,58,65,11,1973-12-01,24,Argentina,Argentina,Rosario (SF),176,65,,,,4,blanco,moreno,EQ003003.PKF,1578844,original
ctral-córdoba-1495-24768,24768,ctral-córdoba-1495,Ctral. Córdoba,Aira,Alfredo Atilio AIRA,0,False,Defensa,DF,Lateral izquierdo,63,63,64,64,63,64,58,64,68,58,68,9,1973-08-20,24,Argentina,Argentina,Rosario (SF),176,65,,,,2,blanco,moreno,EQ003003.PKF,1579043,original
ctral-córdoba-1495-27573,27573,ctral-córdoba-1495,Ctral. Córdoba,Cáceres,Ródrigo César CÁCERES,1,False,Medio,MF,Centrocampista izquierda,63,63,63,58,61,70,61,68,70,65,55,19,1977-06-25,21,Argentina,Argentina,Rosario (SF),,,,,,11,blanco,moreno,EQ003003.PKF,1579224,original
ctral-córdoba-1495-27574,27574,ctral-córdoba-1495,Ctral. Córdoba,Basso,Mauricio BASSO,1,False,Medio,MF,Interior derecho,66,66,62,62,75,65,53,64,66,58,57,19,1973-01-10,25,Argentina,Argentina,Rosario (SF),,,,,,14,blanco,moreno,EQ003003.PKF,1579354,original
ctral-córdoba-1495-27575,27575,ctral-córdoba-1495,Ctral. Córdoba,Santos,Marco Enrique SANTOS,1,False,Medio,MF,Media punta por el centro,66,66,67,66,66,65,62,66,69,65,59,19,1977-02-21,21,Argentina,Argentina,Las Rosas (SF),,,,,,10,blanco,moreno,EQ003003.PKF,1579475,original
ctral-córdoba-1495-27576,27576,ctral-córdoba-1495,Ctral. Córdoba,Portugal,Pablo H. Jemio PORTUGAL,1,False,Medio,MF,Interior derecho,61,61,61,60,60,65,61,64,70,53,56,19,1975-04-23,23,Argentina,Argentina,S. Miguel (T),,,,,,15,blanco,moreno,EQ003003.PKF,1579612,original
ctral-córdoba-1495-27577,27577,ctral-córdoba-1495,Ctral. Córdoba,Gómez,Gabriel Alejandro GÓMEZ,1,False,Medio,MF,Medio centro organizador,64,64,65,64,64,66,57,59,68,60,65,19,1973-10-14,24,Argentina,Argentina,Capital Federal,,,,,,5,blanco,moreno,EQ003003.PKF,1579747,original
ctral-córdoba-1495-27578,27578,ctral-córdoba-1495,Ctral. Córdoba,Burgués,Adrián Gustavo BURGUÉS,1,False,Medio,MF,Interior izquierdo,63,63,64,62,62,64,57,60,66,57,56,19,1976-12-28,21,Argentina,Argentina,Rosario (SF),,,,,,13,blanco,moreno,EQ003003.PKF,1579880,original
ctral-córdoba-1495-27579,27579,ctral-córdoba-1495,Ctral. Córdoba,Araya,Marcelo ARAYA,1,False,Medio,MF,Centrocampista derecha,63,63,65,62,63,63,54,56,65,54,65,19,1977-11-16,20,Argentina,Argentina,G.Baigorría (SF),,,,,,22,blanco,moreno,EQ003003.PKF,1580010,original
ctral-córdoba-1495-24776,24776,ctral-córdoba-1495,Ctral. Córdoba,Paquez,Rodrigo PAQUEZ,0,False,Medio,MF,Interior derecho,65,65,67,64,63,66,61,64,63,58,56,19,1973-03-23,25,Argentina,Argentina,Rosario (SF),188,81,,,,7,blanco,moreno,EQ003003.PKF,1580133,original
ctral-córdoba-1495-24777,24777,ctral-córdoba-1495,Ctral. Córdoba,Puchetta,Angel Irineo PUCHETTA,0,False,Medio,MF,Interior derecho,65,65,68,64,63,66,59,67,66,57,55,19,1973-08-15,24,Argentina,Argentina,Rosario (SF),176,65,,,,8,blanco,moreno,EQ003003.PKF,1580310,original
ctral-córdoba-1495-27580,27580,ctral-córdoba-1495,Ctral. Córdoba,Villalba,Juan Gabriel VILLALBA,1,False,Delantero,FW,Delantero centro,65,65,67,65,66,65,68,64,65,59,57,19,1973-07-24,24,Argentina,Argentina,Rosario (SF),,,,,,9,blanco,moreno,EQ003003.PKF,1580496,original
ctral-córdoba-1495-27581,27581,ctral-córdoba-1495,Ctral. Córdoba,Garrone,Andrés Miguel GARRONE,1,False,Delantero,FW,Delantero centro,64,64,65,64,65,64,64,66,61,63,54,19,1976-05-13,22,Argentina,Argentina,Leonés (CO),,,,,,16,blanco,moreno,EQ003003.PKF,1580627,original
ctral-córdoba-1495-27582,27582,ctral-córdoba-1495,Ctral. Córdoba,Alarcón,Damián N. ALARCÓN,1,False,Delantero,FW,Delantero centro,62,62,65,63,59,62,64,62,62,62,54,18,1974-02-13,24,Argentina,Argentina,Salto Grande,,,,,,23,blanco,moreno,EQ003003.PKF,1580755,original
los-andes-1613-24791,24791,los-andes-1613,Los Andes,Gerez,Ariel Aniceto GEREZ,0,False,Portero,GK,Portero,63,63,65,61,60,66,10,14,12,13,12,66,1977-06-12,21,Argentina,Argentina,Buenos Aires,178,72,,,,12,blanco,moreno,EQ003003.PKF,1581440,original
los-andes-1613-24792,24792,los-andes-1613,Los Andes,Migliardi,Alejandro Esteban MIGLIARDI,0,False,Portero,GK,Portero,67,67,68,66,65,70,11,15,13,15,12,70,,,Argentina,Argentina,Hurlingham (BA),178,72,,,,1,blanco,moreno,EQ003003.PKF,1581614,original
los-andes-1613-27583,27583,los-andes-1613,Los Andes,Yeros,Miguel Ignacio YEGROS,1,False,Defensa,DF,Lateral derecho,65,65,67,65,65,66,53,54,54,61,63,26,1977-02-06,21,Argentina,Argentina,Florencio V. (BA),,,,,,13,mulato,moreno,EQ003003.PKF,1581809,original
los-andes-1613-27584,27584,los-andes-1613,Los Andes,Vidal,Juan Facundo VIDAL,1,False,Defensa,DF,Lateral derecho,64,64,64,65,66,64,58,62,57,54,68,19,1979-02-20,19,Argentina,Argentina,Avellaneda (BA),,,,,,19,blanco,moreno,EQ003003.PKF,1581942,original
los-andes-1613-27585,27585,los-andes-1613,Los Andes,Román,Martín Javier ROMÁN,1,False,Defensa,DF,Lateral izquierdo,64,64,65,64,64,66,58,61,68,61,68,17,1977-07-08,20,Argentina,Argentina,Romang (SF),,,,,,20,blanco,moreno,EQ003003.PKF,1582066,original
los-andes-1613-24798,24798,los-andes-1613,Los Andes,Córdoba,Rubén Osvaldo CORDOBA,0,False,Defensa,DF,Central izquierdo,67,67,67,65,67,69,54,58,64,56,66,19,1971-05-06,27,Argentina,Argentina,Lomas de Zamora (BA),174,66,,,,6,blanco,castano,EQ003003.PKF,1582186,original
los-andes-1613-24799,24799,los-andes-1613,Los Andes,A. González,Adrián Manuel GONZALEZ,0,False,Defensa,DF,Central derecho,62,62,65,64,55,66,53,58,59,53,68,19,1972-10-05,25,Argentina,Argentina,Moreno (BA),176,65,,,,2,blanco,moreno,EQ003003.PKF,1582383,original
los-andes-1613-24800,24800,los-andes-1613,Los Andes,Lobos,Gabriel LOBOS,0,False,Defensa,DF,Libre,50,50,51,52,50,50,45,46,47,49,14,44,1972-04-21,26,Argentina,Argentina,Temperley (BA),176,65,,,,3,blanco,moreno,EQ003003.PKF,1582573,original
los-andes-1613-24802,24802,los-andes-1613,Los Andes,R. Rodríguez,Rafael A. RODRIGUEZ,0,False,Defensa,DF,Central izquierdo,65,65,68,65,64,66,49,53,57,57,68,19,1978-09-15,19,Argentina,Argentina,Buenos Aires,186,76,,,,4,blanco,moreno,EQ003003.PKF,1582750,original
los-andes-1613-27586,27586,los-andes-1613,Los Andes,Sánchez,Fabián Óscar SÁNCHEZ,1,False,Medio,MF,Extremo derecho,64,64,63,62,65,66,65,68,64,58,58,19,1970-07-10,27,Argentina,Argentina,Necochea (BA),,,,,,14,blanco,moreno,EQ003003.PKF,1582938,original
los-andes-1613-27587,27587,los-andes-1613,Los Andes,Peralta,Gonzalo PERALTA,1,False,Medio,MF,Centrocampista derecha,64,64,64,64,65,65,51,54,57,55,65,19,1980-09-17,17,Argentina,Argentina,Capital Federal,,,,,,22,blanco,moreno,EQ003003.PKF,1583059,original
los-andes-1613-27588,27588,los-andes-1613,Los Andes,Modica,Sergio Gusravo MODICA,1,False,Medio,MF,Centrocampista derecha,64,64,66,64,63,66,57,66,58,64,58,19,1970-12-27,27,Argentina,Argentina,Capital Federal,,,,,,11,blanco,moreno,EQ003003.PKF,1583188,original
los-andes-1613-27589,27589,los-andes-1613,Los Andes,D. Levato,Diego Damián LEVATO,1,False,Medio,MF,Centrocampista izquierda,64,64,65,64,63,65,58,65,65,56,54,19,1979-02-28,19,Argentina,Argentina,Pergamino (BA),,,,,,18,blanco,moreno,EQ003003.PKF,1583317,original
los-andes-1613-27590,27590,los-andes-1613,Los Andes,García,Alexis Javier GARCÍA,1,False,Medio,MF,Media punta derecha,65,65,67,64,65,67,62,66,60,54,62,19,1977-04-07,21,Argentina,Argentina,Rosario (SF),,,,,,17,blanco,moreno,EQ003003.PKF,1583451,original
los-andes-1613-27591,27591,los-andes-1613,Los Andes,Escobedo,Víctor Andrés ESCOBEDO,1,False,Medio,MF,Interior izquierdo,63,63,61,61,66,64,60,64,63,57,57,19,1979-01-30,19,Argentina,Argentina,Capital Federal,,,,,,24,blanco,moreno,EQ003003.PKF,1583575,original
los-andes-1613-27592,27592,los-andes-1613,Los Andes,Carmeroni,Pablo CARMERONI,1,False,Medio,MF,Centrocampista derecha,61,61,62,57,61,66,63,65,66,59,57,19,1973-11-06,24,Argentina,Argentina,Florida (BA),,,,,,8,blanco,moreno,EQ003003.PKF,1583710,original
los-andes-1613-24806,24806,los-andes-1613,Los Andes,Levato,Mauricio Pedro LEVATO,0,False,Medio,MF,Medio centro organizador,63,63,68,62,57,66,53,62,67,58,66,19,1976-08-14,21,Argentina,Argentina,Pergamino (BA),179,76,,,,5,blanco,moreno,EQ003003.PKF,1583836,original
los-andes-1613-24808,24808,los-andes-1613,Los Andes,M. Vera,Mario Víctor VERA,0,False,Medio,MF,Media punta por el centro,62,62,67,64,52,66,55,64,62,55,66,19,1970-08-28,27,Argentina,Argentina,Vera (SF),175,77,,,,10,blanco,moreno,EQ003003.PKF,1584018,original
los-andes-1613-24809,24809,los-andes-1613,Los Andes,F. Díaz,Federico Valerio DIAZ,0,False,Medio,MF,Centrocampista izquierda,63,63,67,63,63,61,52,62,66,55,55,19,1977-02-19,21,Argentina,Argentina,Buenos Aires,179,76,,,,15,blanco,moreno,EQ003003.PKF,1584196,original
los-andes-1613-27593,27593,los-andes-1613,Los Andes,Ortiz,Gustavo Ariel ORTIZ,1,False,Delantero,FW,Delantero centro,62,62,65,59,61,64,65,62,62,59,55,19,1977-03-24,21,Argentina,Argentina,Villa Mercedes,,,,,,21,blanco,moreno,EQ003003.PKF,1584373,original
los-andes-1613-27594,27594,los-andes-1613,Los Andes,Martínez,Maximiliano MARTÍNEZ,1,False,Delantero,FW,Extremo izquierdo,65,65,66,66,65,63,55,65,55,56,56,19,1979-10-10,18,Argentina,Argentina,Junín (BA),,,,,,23,blanco,moreno,EQ003003.PKF,1584496,original
los-andes-1613-27595,27595,los-andes-1613,Los Andes,Bracamonte,Héctor A. BRACAMONTE,1,False,Delantero,FW,Delantero centro,65,65,66,65,66,63,60,63,64,61,47,19,1978-02-16,20,Argentina,Argentina,Río Cuarto (CO),,,,,,25,blanco,moreno,EQ003003.PKF,1584624,original
los-andes-1613-24811,24811,los-andes-1613,Los Andes,S. Martínez,Santiago MARTINEZ,0,False,Delantero,FW,Extremo derecho,66,66,68,65,65,69,66,68,59,68,55,19,1977-01-11,21,Argentina,Argentina,Buenos Aires,188,84,,,,16,blanco,moreno,EQ003003.PKF,1584753,original
los-andes-1613-24813,24813,los-andes-1613,Los Andes,D. Jiménez,Daniel Angel JIMENEZ,0,False,Delantero,FW,Delantero centro,66,66,68,66,65,67,63,66,68,59,55,19,1970-12-04,27,Argentina,Argentina,Rafaela (SF),198,65,,,,7,blanco,moreno,EQ003003.PKF,1584938,original
los-andes-1613-24815,24815,los-andes-1613,Los Andes,A. Dezotti,Adrián Eduardo DEZOTTI,0,False,Delantero,FW,Extremo derecho,67,67,68,67,66,68,62,66,66,62,53,19,1970-01-19,28,Argentina,Argentina,Rosario (SF),176,65,,,,9,blanco,moreno,EQ003003.PKF,1585125,original
talleres-cba-1759-25480,25480,talleres-cba-1759,Talleres (Cba),Ciancaglini,Jorge Luis CIANCAGLINI,23,True,Portero,GK,Portero,68,68,70,71,69,64,41,39,55,47,61,76,1966-07-27,31,Argentina,Argentina,Necochea (BA),,,,,,12,blanco,rubio,EQ003003.PKF,1588227,original
talleres-cba-1759-24818,24818,talleres-cba-1759,Talleres (Cba),Cuenca,Mario Eduardo CUENCA,1,True,Portero,GK,Portero,75,75,78,75,74,75,39,46,57,54,46,85,1975-06-03,23,Argentina,Argentina,Río Cuarto (Cba),188,84,,,,1,blanco,moreno,EQ003003.PKF,1590272,original
talleres-cba-1759-25698,25698,talleres-cba-1759,Talleres (Cba),S. Suárez,Silvio SUÁREZ,18,True,Defensa,DF,Lateral derecho,69,69,71,70,73,65,58,46,53,56,70,13,1969-01-05,29,Argentina,Paraguay,Paraguay,,,,,,14,blanco,moreno,EQ003003.PKF,1591106,original
talleres-cba-1759-25699,25699,talleres-cba-1759,Talleres (Cba),Maidana,Julián MAIDANA,14,True,Defensa,DF,Lateral izquierdo,64,64,64,63,67,62,61,55,56,58,66,13,1972-01-11,26,Argentina,Argentina,Lomas de Zamora,,,,,,23,blanco,castano,EQ003003.PKF,1591552,original
talleres-cba-1759-25700,25700,talleres-cba-1759,Talleres (Cba),Páez,Javier Marcelo PÁEZ,13,True,Defensa,DF,Libre,74,74,73,76,77,70,60,50,60,60,75,22,1975-09-23,22,Argentina,Argentina,Capital Federal,,,,,,4,blanco,castano,EQ003003.PKF,1591875,original
talleres-cba-1759-25701,25701,talleres-cba-1759,Talleres (Cba),D. Díaz,David DÍAZ,4,True,Defensa,DF,Lateral derecho,75,75,75,76,74,75,60,67,69,62,75,19,1975-09-25,22,Argentina,Argentina,Dean Funes (CBA),,,,,,2,blanco,moreno,EQ003003.PKF,1592261,original
talleres-cba-1759-24821,24821,talleres-cba-1759,Talleres (Cba),Lillo,Gustavo Alejandro LILLO,17,True,Medio,MF,Centrocampista derecha,56,56,59,57,55,56,63,62,70,63,59,14,1973-08-08,24,Argentina,Argentina,Mendoza,176,65,,,,13,blanco,moreno,EQ003003.PKF,1592526,original
talleres-cba-1759-17458,17458,talleres-cba-1759,Talleres (Cba),García,Cristian Gonzalo GARCIA,2,True,Defensa,DF,Central derecho,77,77,76,78,78,78,70,53,76,68,81,14,1974-04-13,24,Argentina,Argentina,Valle del Totoral (Cba),184,74,,,,15,blanco,moreno,EQ003003.PKF,1593012,original
talleres-cba-1759-8889,8889,talleres-cba-1759,Talleres (Cba),Serrizuela,José Tiburcio SERRIZUELA,21,True,Defensa,DF,Central izquierdo,76,76,80,76,74,75,62,66,75,70,69,6,1962-06-10,36,Argentina,Argentina,Palo Pozo (Tucumán),182,82,,,,20,blanco,moreno,EQ003003.PKF,1595847,original
talleres-cba-1759-24823,24823,talleres-cba-1759,Talleres (Cba),Rozzi,José María ROZZI,3,True,Defensa,DF,Lateral izquierdo,54,54,58,56,53,52,65,51,59,63,66,18,1973-05-01,25,Argentina,Argentina,Los Surgentes (Cba),176,65,,,,22,blanco,rubio,EQ003003.PKF,1599651,original
talleres-cba-1759-24824,24824,talleres-cba-1759,Talleres (Cba),Humoller,Horacio A. HUMOLLER,6,True,Defensa,DF,Lateral izquierdo,55,55,57,54,56,53,65,59,63,66,71,11,1966-12-12,31,Argentina,Argentina,Santa Fé,174,66,,,,3,blanco,rubio,EQ003003.PKF,1600057,original
talleres-cba-1759-25702,25702,talleres-cba-1759,Talleres (Cba),Fernández,José Luis María FERNÁNDEZ,11,True,Medio,MF,Interior izquierdo,55,55,50,50,62,58,61,58,56,60,54,58,1973-11-26,24,Argentina,Argentina,Córdoba,,,,,,6,blanco,moreno,EQ003003.PKF,1600544,original
talleres-cba-1759-18706,18706,talleres-cba-1759,Talleres (Cba),Trobbiani,Pablo Marcelo TROBBIANI,24,True,Medio,MF,Interior derecho,50,50,51,51,44,57,49,49,51,48,52,19,1976-12-28,21,España,España,Elche,188,78,,,,24,blanco,rubio,EQ003003.PKF,1600822,original
talleres-cba-1759-25703,25703,talleres-cba-1759,Talleres (Cba),Pino,Cristian Miguel PINO,15,True,Medio,MF,Centrocampista derecha,68,68,75,65,65,70,65,75,66,60,65,9,1976-12-24,21,Argentina,Argentina,Córdoba,,,,,,16,blanco,castano,EQ003003.PKF,1601713,original
talleres-cba-1759-25704,25704,talleres-cba-1759,Talleres (Cba),Albornoz,Daniel ALBORNOZ,8,True,Medio,MF,Centrocampista derecha,79,79,77,76,80,85,75,70,80,80,70,6,1977-07-17,20,Argentina,Argentina,Dean Funes (CBA),,,,,,7,blanco,castano,EQ003003.PKF,1602102,original
talleres-cba-1759-24827,24827,talleres-cba-1759,Talleres (Cba),Gorocito,Martín Roberto GOROCITO,16,True,Medio,MF,Interior izquierdo,53,53,54,53,55,52,70,68,63,68,51,18,1977-03-16,21,Argentina,Argentina,Córdoba (Cba),178,73,,,,17,blanco,moreno,EQ003003.PKF,1603044,original
talleres-cba-1759-24829,24829,talleres-cba-1759,Talleres (Cba),Astudillo,Rodrigo Daniel ASTUDILLO,26,True,Medio,MF,Media punta derecha,52,52,53,52,51,52,48,56,56,60,46,40,1977-11-23,20,Argentina,Argentina,Jesús María (Cba),179,76,,,,9,blanco,moreno,EQ003003.PKF,1603423,original
talleres-cba-1759-24830,24830,talleres-cba-1759,Talleres (Cba),Cabrera,Andrés Fabián CABRERA,30,True,Medio,MF,Medio centro defensivo,55,55,58,55,54,55,52,53,76,53,78,19,1970-01-19,28,Argentina,Argentina,Santo Tomé (SF),188,81,,,,5,blanco,sin pelo,EQ003003.PKF,1604048,original
talleres-cba-1759-24831,24831,talleres-cba-1759,Talleres (Cba),Villarreal,Javier Alejandro VILLARREAL,5,True,Medio,MF,Medio centro defensivo,53,53,54,54,54,53,52,48,49,57,55,7,1979-05-01,19,Argentina,Argentina,Alta Gracia (Cba),176,65,,,,8,blanco,moreno,EQ003003.PKF,1604431,original
talleres-cba-1759-24835,24835,talleres-cba-1759,Talleres (Cba),Garay,Diego Héctor GARAY,10,True,Medio,MF,Media punta por el centro,76,76,73,71,77,85,77,63,75,70,60,5,1975-02-01,23,Argentina,Argentina,San Francisco (Cba),167,68,,,,10,blanco,moreno,EQ003003.PKF,1604885,original
talleres-cba-1759-25705,25705,talleres-cba-1759,Talleres (Cba),Durán,Cristián DURÁN,32,True,Delantero,FW,Delantero centro,66,66,71,63,65,65,75,55,60,60,60,7,1978-01-31,20,Argentina,Argentina,Córdoba,,,,,,25,blanco,castano,EQ003003.PKF,1605341,original
talleres-cba-1759-25706,25706,talleres-cba-1759,Talleres (Cba),Canobbio,Osvaldo CANOBBIO,25,True,Delantero,FW,Extremo derecho,71,71,70,75,71,71,80,75,60,70,70,5,,,Uruguay,Uruguay,-,,,,,,11,blanco,moreno,EQ003003.PKF,1605621,original
talleres-cba-1759-25707,25707,talleres-cba-1759,Talleres (Cba),Cuba,Alberto CUBA,19,True,Delantero,FW,Delantero centro,73,73,80,66,73,73,70,65,65,70,70,5,1979-10-08,18,Argentina,Argentina,Córdoba,,,,,,21,blanco,moreno,EQ003003.PKF,1605833,original
talleres-cba-1759-8808,8808,talleres-cba-1759,Talleres (Cba),Medina Bello,Ramón Ismael MEDINA BELLO,7,True,Delantero,FW,Delantero centro,80,80,84,78,79,79,87,83,68,82,67,10,1966-04-29,32,Argentina,Argentina,Gualeguay (Entre Ríos),186,83,,,,18,blanco,moreno,EQ003003.PKF,1606062,original
talleres-cba-1759-24839,24839,talleres-cba-1759,Talleres (Cba),Zelaya,José Alfredo ZELAYA,9,True,Delantero,FW,Delantero centro,53,53,54,53,52,53,80,63,59,79,65,10,1968-12-06,29,Argentina,Argentina,San Miguel de Tucumán,176,65,,,,19,blanco,moreno,EQ003003.PKF,1610359,original
all-boys-1605-27596,27596,all-boys-1605,All Boys,De Nícola,Pablo DE NÍCOLA,1,False,Portero,GK,Portero,59,59,62,58,56,62,10,16,12,13,11,69,1977-04-25,21,Argentina,Argentina,Capital Federal,,,,,,12,blanco,moreno,EQ003003.PKF,1611476,original
all-boys-1605-24846,24846,all-boys-1605,All Boys,D. Rodríguez,Damián O. RODRIGUEZ,0,False,Portero,GK,Portero,72,72,72,71,73,72,9,14,15,13,14,72,1971-09-17,26,Argentina,Argentina,Buenos Aires,178,72,,,,1,blanco,rubio,EQ003003.PKF,1611603,original
all-boys-1605-27597,27597,all-boys-1605,All Boys,Williams,Leonardo F. WILLIAMS,1,False,Defensa,DF,Central derecho,60,60,62,59,58,63,57,60,62,54,67,19,1976-03-04,22,Argentina,Argentina,Capital Federal,,,,,,19,blanco,moreno,EQ003003.PKF,1612035,original
all-boys-1605-27598,27598,all-boys-1605,All Boys,Vázquez,Diego VÁZQUEZ,1,False,Defensa,DF,Lateral derecho,62,62,65,62,59,65,49,53,57,53,65,19,1976-01-27,22,Argentina,Argentina,Capital Federal,,,,,,18,blanco,moreno,EQ003003.PKF,1612163,original
all-boys-1605-27599,27599,all-boys-1605,All Boys,Romero,Adrián José ROMERO,1,False,Defensa,DF,Central derecho,66,66,66,65,65,68,61,64,69,56,70,19,1964-12-04,33,Argentina,Argentina,Capital Federal,,,,,,4,blanco,moreno,EQ003003.PKF,1612285,original
all-boys-1605-27600,27600,all-boys-1605,All Boys,Olarán,Carlos Isidro OLARÁN,1,False,Defensa,DF,Lateral derecho,65,65,66,66,63,68,66,66,70,59,68,19,1961-11-17,36,Argentina,Argentina,Alej. Roca (CO),,,,,,2,blanco,moreno,EQ003003.PKF,1612411,original
all-boys-1605-27601,27601,all-boys-1605,All Boys,Molina,Aán Cristián MOLINA,1,False,Defensa,DF,Delantero centro,60,60,61,62,58,62,63,65,66,59,67,18,1976-12-07,21,Argentina,Argentina,Laferrere (BA),,,,,,13,blanco,moreno,EQ003003.PKF,1612549,original
all-boys-1605-27602,27602,all-boys-1605,All Boys,Levy,Mauro Hernán LEVY,1,False,Defensa,DF,Lateral izquierdo,60,60,61,62,57,62,59,64,66,56,66,19,1976-12-15,21,Argentina,Argentina,Capital Federal,,,,,,20,blanco,castano,EQ003003.PKF,1612673,original
all-boys-1605-27603,27603,all-boys-1605,All Boys,F. Batista,Fernando Ariel BATISTA,1,False,Defensa,DF,Central derecho,58,58,59,59,53,61,54,58,66,56,64,19,1970-08-20,27,Argentina,Argentina,Capital Federal,,,,,,26,blanco,moreno,EQ003003.PKF,1612799,original
all-boys-1605-24849,24849,all-boys-1605,All Boys,Bogni,Maximiliano BOGNI,0,False,Defensa,DF,Lateral izquierdo,67,67,69,66,65,69,57,65,63,52,71,19,1975-02-16,23,Argentina,Argentina,Mendoza,176,65,,,,3,blanco,moreno,EQ003003.PKF,1612936,original
all-boys-1605-24851,24851,all-boys-1605,All Boys,Mayor,Carlos Alberto MAYOR,0,False,Defensa,DF,Central izquierdo,68,68,65,66,73,69,71,59,69,60,70,19,1965-10-05,32,Argentina,Argentina,Capital Federal,176,65,,,,6,blanco,moreno,EQ003003.PKF,1613108,original
all-boys-1605-27604,27604,all-boys-1605,All Boys,Sánchez,Fernando SÁNCHEZ,1,False,Medio,MF,Interior izquierdo,64,64,66,61,66,65,57,69,68,56,54,19,1976-01-20,22,Argentina,Argentina,Capital Federal,,,,,,17,blanco,moreno,EQ003003.PKF,1613294,original
all-boys-1605-27605,27605,all-boys-1605,All Boys,Lettieri,Gabriel L. LETTIERI,1,False,Medio,MF,Media punta por el centro,60,60,61,59,61,61,61,66,67,57,66,17,1975-03-01,23,Argentina,Argentina,Capital Federal,,,,,,21,blanco,moreno,EQ003003.PKF,1613422,original
all-boys-1605-27606,27606,all-boys-1605,All Boys,Giliberti,Mauro GILIBERTI,1,False,Medio,MF,Centrocampista derecha,61,61,63,65,55,63,55,65,63,59,54,19,1977-01-02,21,Argentina,Argentina,Capital Federal,,,,,,23,blanco,moreno,EQ003003.PKF,1613551,original
all-boys-1605-24858,24858,all-boys-1605,All Boys,Walter Paz,WALTER Javier PAZ,0,False,Medio,MF,Media punta por el centro,68,68,69,70,64,70,65,70,73,66,53,19,1973-03-04,25,Argentina,Argentina,Capital Federal,175,77,,,,10,blanco,moreno,EQ003003.PKF,1613680,original
all-boys-1605-24860,24860,all-boys-1605,All Boys,"""Checho"" Batista",Sergio Daniel BATISTA,0,False,Medio,MF,Medio centro defensivo,70,70,72,70,71,70,61,63,70,58,68,19,1962-11-09,35,Argentina,Argentina,Capital Federal,190,77,,,,5,blanco,moreno,EQ003003.PKF,1613862,original
all-boys-1605-24863,24863,all-boys-1605,All Boys,Pasini,Mariano Luis PASINI,0,False,Medio,MF,Centrocampista derecha,68,68,67,68,67,70,58,68,72,62,57,19,1976-10-19,21,Argentina,Argentina,Buenos Aires,178,73,,,,8,blanco,moreno,EQ003003.PKF,1614052,original
all-boys-1605-24864,24864,all-boys-1605,All Boys,F. Sánchez,Fernando SANCHEZ,0,False,Medio,MF,Media punta por el centro,66,66,67,66,66,65,68,69,71,54,50,19,1976-01-10,22,Argentina,Argentina,Capital Federal,176,70,,,,7,blanco,moreno,EQ003003.PKF,1614231,original
all-boys-1605-27607,27607,all-boys-1605,All Boys,Rudman,Sebastián RUDMAN,1,False,Delantero,FW,Extremo izquierdo,60,60,61,61,57,63,62,64,66,61,57,19,1976-11-22,21,Argentina,Argentina,Capital Federal,,,,,,15,blanco,moreno,EQ003003.PKF,1614415,original
all-boys-1605-27608,27608,all-boys-1605,All Boys,Rappacchiani,Juán José RAPACCHIANI,1,False,Delantero,FW,Delantero centro,61,61,64,61,58,61,63,65,64,57,57,19,1978-03-02,20,Argentina,Argentina,Córdoba,,,,,,14,blanco,moreno,EQ003003.PKF,1614539,original
all-boys-1605-27609,27609,all-boys-1605,All Boys,Ivancich,Cristian IVANCICH,1,False,Delantero,FW,Delantero centro,60,60,64,61,55,62,58,66,65,57,55,19,1977-03-29,21,Argentina,Argentina,Córdoba,,,,,,22,blanco,moreno,EQ003003.PKF,1614674,original
all-boys-1605-27610,27610,all-boys-1605,All Boys,García,Claudio Omar GARCÍA,1,False,Delantero,FW,Extremo izquierdo,61,61,62,60,61,63,60,63,62,58,53,19,1963-08-24,34,Argentina,Argentina,Capital Federal,,,,,,24,blanco,moreno,EQ003003.PKF,1614794,original
all-boys-1605-27611,27611,all-boys-1605,All Boys,Diz,Facundo DIZ,1,False,Delantero,FW,Delantero centro,61,61,59,64,60,63,62,64,61,64,55,19,1979-04-16,19,Argentina,Argentina,Capital Federal,,,,,,25,blanco,moreno,EQ003003.PKF,1614921,original
all-boys-1605-27612,27612,all-boys-1605,All Boys,Castano,Maximiliano M. CASTANO,1,False,Delantero,FW,Delantero centro,60,60,61,60,61,60,59,65,66,64,59,19,1976-12-12,21,Argentina,Argentina,Capital Federal,,,,,,16,blanco,moreno,EQ003003.PKF,1615043,original
all-boys-1605-24866,24866,all-boys-1605,All Boys,Lovera,Carlos Alberto LOVERA,0,False,Delantero,FW,Extremo derecho,66,66,67,66,66,68,64,65,66,61,57,19,1973-01-23,25,Argentina,Argentina,Capital Federal,175,71,,,,9,blanco,moreno,EQ003003.PKF,1615174,original
all-boys-1605-24869,24869,all-boys-1605,All Boys,Bordi,BORDI,0,False,Delantero,FW,Delantero centro,67,67,71,69,61,69,59,71,69,57,56,19,1976-07-05,21,Argentina,Argentina,Buenos Aires,176,65,,,,11,blanco,moreno,EQ003003.PKF,1615359,original
gimnasia-y-tiro-1752-17578,17578,gimnasia-y-tiro-1752,Gimnasia y Tiro,Manchado,Claudio Gabriel MANCHADO,1,False,Portero,GK,Portero,66,66,70,69,58,68,15,20,19,18,22,86,1971-03-10,27,Argentina,Argentina,Mendoza,186,75,,,,1,blanco,castano,EQ003003.PKF,1616094,original
gimnasia-y-tiro-1752-17579,17579,gimnasia-y-tiro-1752,Gimnasia y Tiro,R. Alvarez,Ramón Benito ALVAREZ,12,False,Portero,GK,Portero,68,68,70,69,68,66,24,17,20,20,18,87,1961-03-21,37,Argentina,Argentina,Riacho Negro (Formosa),182,77,,,,12,blanco,moreno,EQ003003.PKF,1616385,original
gimnasia-y-tiro-1752-25882,25882,gimnasia-y-tiro-1752,Gimnasia y Tiro,Castilla,Miguel Alfredo CASTILLA,1,False,Defensa,DF,Central izquierdo,54,54,57,54,51,56,55,49,53,55,52,19,1978-01-01,20,Argentina,Argentina,Salta,,,,,,5,blanco,moreno,EQ003003.PKF,1616776,original
gimnasia-y-tiro-1752-25883,25883,gimnasia-y-tiro-1752,Gimnasia y Tiro,Chaile,Carlos Walter CHAILE,1,False,Defensa,DF,Lateral izquierdo,55,55,56,52,54,58,50,57,52,57,55,10,1975-01-14,23,Argentina,Argentina,Bella Vista (Tucumán),,,,,,3,blanco,castano,EQ003003.PKF,1616902,original
gimnasia-y-tiro-1752-25884,25884,gimnasia-y-tiro-1752,Gimnasia y Tiro,Marcelo,Mario Oscar MARCELO,1,False,Defensa,DF,Central derecho,53,53,53,49,53,58,50,51,57,55,58,19,1967-04-05,31,Argentina,Argentina,González Chávez,,,,,,2,blanco,moreno,EQ003003.PKF,1617034,original
gimnasia-y-tiro-1752-17581,17581,gimnasia-y-tiro-1752,Gimnasia y Tiro,Cejas,Diego Martín CEJAS,19,False,Defensa,DF,Lateral izquierdo,66,66,69,70,59,68,61,65,67,65,82,11,1972-02-14,26,Argentina,Argentina,Capital Federal,176,65,,,,13,blanco,moreno,EQ003003.PKF,1617160,original
gimnasia-y-tiro-1752-17584,17584,gimnasia-y-tiro-1752,Gimnasia y Tiro,M. Jiménez,Mario Alberto JIMENEZ,4,False,Defensa,DF,Lateral derecho,54,54,54,55,55,53,68,66,63,67,84,11,1968-03-26,30,Argentina,Argentina,San Miguel de Tucumán,176,65,,,,4,blanco,moreno,EQ003003.PKF,1617515,original
gimnasia-y-tiro-1752-17585,17585,gimnasia-y-tiro-1752,Gimnasia y Tiro,Cuadrado,Roberto Adrián CUADRADO,16,False,Defensa,DF,Libre,53,53,55,53,54,53,66,60,66,69,89,14,1972-08-30,25,Argentina,Argentina,Capital Federal,176,65,,,,20,blanco,moreno,EQ003003.PKF,1617877,original
gimnasia-y-tiro-1752-25885,25885,gimnasia-y-tiro-1752,Gimnasia y Tiro,Rodríguez,Alberto C. RODRÍGUEZ,1,False,Medio,MF,Centrocampista derecha,53,53,57,54,50,53,56,59,53,50,62,19,1968-05-01,30,Argentina,Argentina,Capital Federal,,,,,,25,blanco,moreno,EQ003003.PKF,1618130,original
gimnasia-y-tiro-1752-25886,25886,gimnasia-y-tiro-1752,Gimnasia y Tiro,Merlo,Gustavo Miguel MERLO,1,False,Medio,MF,Centrocampista izquierda,54,54,55,57,50,55,53,54,56,59,55,19,1969-06-29,29,Argentina,Argentina,Junín (Buenos Aires),,,,,,24,blanco,castano,EQ003003.PKF,1618261,original
gimnasia-y-tiro-1752-25887,25887,gimnasia-y-tiro-1752,Gimnasia y Tiro,Ramasco,Daniel Esteban RAMASCO,1,False,Medio,MF,Centrocampista izquierda,53,53,57,52,50,56,56,60,54,57,53,19,1978-05-23,20,Argentina,Argentina,Salta,,,,,,19,blanco,moreno,EQ003003.PKF,1618399,original
gimnasia-y-tiro-1752-25888,25888,gimnasia-y-tiro-1752,Gimnasia y Tiro,Riggio,Renato Enrique RIGGIO,1,False,Medio,MF,Medio centro organizador,52,52,51,55,49,55,59,53,54,62,56,19,1978-04-30,20,Argentina,Argentina,Salta,,,,,,15,blanco,castano,EQ003003.PKF,1618523,original
gimnasia-y-tiro-1752-25889,25889,gimnasia-y-tiro-1752,Gimnasia y Tiro,Trasancos,Esteban TRASANCOS,1,False,Medio,MF,Media punta por el centro,56,56,59,55,53,59,56,59,54,57,56,19,1980-08-19,17,Argentina,Argentina,Cerrillos (Salta),,,,,,14,blanco,moreno,EQ003003.PKF,1618645,original
gimnasia-y-tiro-1752-25890,25890,gimnasia-y-tiro-1752,Gimnasia y Tiro,Comminges,Martín COMMINGES,1,False,Medio,MF,Media punta izquierda,60,60,59,60,59,63,58,53,63,61,57,19,1975-10-06,22,Argentina,Argentina,Córdoba,,,,,,11,blanco,castano,EQ003003.PKF,1618778,original
gimnasia-y-tiro-1752-25891,25891,gimnasia-y-tiro-1752,Gimnasia y Tiro,Zurita,Cristian Rodrigo ZURITA,1,False,Medio,MF,Medio centro organizador,52,52,54,50,53,52,58,51,55,60,55,19,1979-07-24,18,Argentina,Argentina,Salta,,,,,,8,blanco,moreno,EQ003003.PKF,1618904,original
gimnasia-y-tiro-1752-25892,25892,gimnasia-y-tiro-1752,Gimnasia y Tiro,Leone,Ramiro Emiliano LEONE,1,False,Medio,MF,Interior derecho,56,56,60,58,53,56,57,52,63,57,59,19,1977-06-01,21,Argentina,Argentina,Rosario (Santa Fe),,,,,,6,blanco,moreno,EQ003003.PKF,1619028,original
gimnasia-y-tiro-1752-17589,17589,gimnasia-y-tiro-1752,Gimnasia y Tiro,Fornero,Adrián Javier FORNERO,23,False,Medio,MF,Interior derecho,53,53,54,53,55,52,69,89,82,67,65,19,1968-08-17,29,Argentina,Argentina,Leones (Cba),178,73,,,,22,blanco,moreno,EQ003003.PKF,1619167,original
gimnasia-y-tiro-1752-17593,17593,gimnasia-y-tiro-1752,Gimnasia y Tiro,Guiberguis,Pedro Alberto GUIBERGUIS,8,False,Medio,MF,Media punta por el centro,54,54,55,54,53,54,69,80,82,63,65,17,1969-07-26,28,Argentina,Argentina,Lib. Gral. S. Martín (Jujuy),169,66,,,,10,blanco,moreno,EQ003003.PKF,1619492,original
gimnasia-y-tiro-1752-17596,17596,gimnasia-y-tiro-1752,Gimnasia y Tiro,Iturrieta,Isidro ITURRIETA,10,False,Medio,MF,Medio centro defensivo,53,53,54,53,54,52,63,88,82,67,60,12,1967-05-30,31,Argentina,Argentina,Calilegua (Jujuy),178,73,,,,17,blanco,moreno,EQ003003.PKF,1619835,original
gimnasia-y-tiro-1752-17597,17597,gimnasia-y-tiro-1752,Gimnasia y Tiro,Cervera,Jorge Elio CERVERA,22,False,Medio,MF,Media punta por el centro,79,79,88,75,75,80,66,82,85,64,69,17,1975-01-17,23,Argentina,Argentina,San Rafael (Mza),182,76,,,,23,blanco,moreno,EQ003003.PKF,1620157,original
gimnasia-y-tiro-1752-25893,25893,gimnasia-y-tiro-1752,Gimnasia y Tiro,Rojas,Atilio Navor ROJAS,1,False,Delantero,FW,Delantero centro,52,52,54,52,51,54,48,53,51,53,57,19,1976-06-08,22,Argentina,Argentina,Salta,,,,,,21,blanco,moreno,EQ003003.PKF,1621694,original
gimnasia-y-tiro-1752-25894,25894,gimnasia-y-tiro-1752,Gimnasia y Tiro,Flores,Gustavo Rodolfo FLORES,1,False,Delantero,FW,Delantero centro,54,54,54,52,51,59,61,53,53,58,56,19,1972-05-08,26,Argentina,Argentina,Lanús (Buenos Aires),,,,,,18,blanco,moreno,EQ003003.PKF,1621820,original
gimnasia-y-tiro-1752-25895,25895,gimnasia-y-tiro-1752,Gimnasia y Tiro,Bonnet,Luis Alberto BONNET,1,False,Delantero,FW,Delantero centro,54,54,57,54,52,53,60,57,51,56,57,19,1971-04-27,27,Argentina,Argentina,Capital Federal,,,,,,9,blanco,moreno,EQ003003.PKF,1621953,original
gimnasia-y-tiro-1752-17598,17598,gimnasia-y-tiro-1752,Gimnasia y Tiro,González,Alfredo Aníbal GONZALEZ,0,False,Delantero,FW,Delantero centro,54,54,55,54,55,53,68,57,53,55,61,19,1966-05-29,32,Argentina,Argentina,Gral. Güemes (Salta),176,65,,,,16,blanco,moreno,EQ003003.PKF,1622080,original
gimnasia-y-tiro-1752-17600,17600,gimnasia-y-tiro-1752,Gimnasia y Tiro,Saldaño,Jesús Pablo SALDAÑO,7,False,Delantero,FW,Extremo derecho,54,54,54,55,54,53,81,90,60,88,69,18,1972-03-31,26,Argentina,Argentina,Cafayate (Salta),170,67,,,,7,blanco,moreno,EQ003003.PKF,1622281,original
unión-1699-8838,8838,unión-1699,Unión,Cavallero,Pablo Oscar CAVALLERO,12,True,Portero,GK,Portero,81,81,79,87,79,80,24,19,15,24,15,81,1974-04-13,24,Argentina,Argentina,Lomas de Zamora (BA),185,78,,,,1,blanco,moreno,EQ003003.PKF,1623294,original
unión-1699-17602,17602,unión-1699,Unión,Llinas,Rodrigo Fernando LLINAS,23,True,Portero,GK,Portero,68,68,70,71,69,64,21,18,23,20,18,84,1975-06-04,23,Argentina,Argentina,Santa Fé,185,76,,,,16,blanco,moreno,EQ003003.PKF,1627277,original
unión-1699-25694,25694,unión-1699,Unión,Biaggioni,BIAGGIONI,34,True,Defensa,DF,Central derecho,73,73,75,75,75,70,75,57,70,70,75,20,,,Argentina,Argentina,Argentina,,,,,,4,blanco,castano,EQ003003.PKF,1627705,original
unión-1699-25695,25695,unión-1699,Unión,Vera,Óscar Luis VERA,18,True,Defensa,DF,Central derecho,66,66,65,66,70,65,52,29,60,60,70,10,1976-05-11,22,Argentina,Argentina,Santa Fe,,,,,,14,blanco,moreno,EQ003003.PKF,1628014,original
unión-1699-25696,25696,unión-1699,Unión,M. Donnet,Matías DONNET,35,True,Defensa,DF,Libre,68,68,63,70,75,65,65,50,65,70,80,15,,,Argentina,Argentina,Esperanza,,,,,,22,blanco,moreno,EQ003003.PKF,1628359,original
unión-1699-20772,20772,unión-1699,Unión,Moner,Fernando Daniel MONER,3,True,Defensa,DF,Lateral izquierdo,80,80,79,80,85,78,69,67,69,65,87,19,1967-12-30,30,Argentina,Argentina,Mercedes (BA),188,75,,,,3,blanco,sin pelo,EQ003003.PKF,1628525,original
unión-1699-25450,25450,unión-1699,Unión,Lautaro Trullet,Lautaro Javier TRULLET,25,True,Defensa,DF,Lateral derecho,78,78,80,80,75,77,62,60,65,67,83,11,1976-12-06,21,Argentina,Argentina,Santa Fe (SF),175,68,,,,23,blanco,moreno,EQ003003.PKF,1630320,original
unión-1699-17468,17468,unión-1699,Unión,Trotta,Roberto Luis TROTTA,2,True,Defensa,DF,Central izquierdo,80,80,82,80,78,80,70,68,76,73,84,15,1969-01-28,29,Argentina,Argentina,Pigué (BA),180,73,,,,5,blanco,moreno,EQ003003.PKF,1632746,original
unión-1699-25482,25482,unión-1699,Unión,C. Mazzoni,Carlos Martín MAZZONI,17,True,Defensa,DF,Central izquierdo,80,80,78,82,84,77,60,60,69,68,82,16,1976-03-06,22,Argentina,Argentina,Santa Fé,183,78,,,,18,blanco,moreno,EQ003003.PKF,1636751,original
unión-1699-17609,17609,unión-1699,Unión,Cárdenas,Juan Pablo CARDENAS,21,True,Defensa,DF,Central izquierdo,61,61,62,64,60,61,61,67,63,65,86,11,1978-05-28,20,Argentina,Argentina,Capital Federal,180,70,,,,6,blanco,moreno,EQ003003.PKF,1638470,original
unión-1699-17610,17610,unión-1699,Unión,F. Pereyra,Félix Ismael PEREYRA,15,True,Defensa,DF,Central izquierdo,74,74,79,69,65,83,62,68,66,67,88,17,1973-01-26,25,Argentina,Argentina,Paraná (ER),183,72,,,,19,blanco,moreno,EQ003003.PKF,1638987,original
unión-1699-25483,25483,unión-1699,Unión,Ariel Donnet,Ariel José DONNET,4,True,Defensa,DF,Lateral derecho,77,77,80,76,73,79,69,61,66,62,86,15,1974-02-23,24,Argentina,Argentina,Esperanza (SF),175,69,,,,2,blanco,moreno,EQ003003.PKF,1639408,original
unión-1699-6284,6284,unión-1699,Unión,N. Fernández,Norberto Antonio FERNANDEZ,8,True,Medio,MF,Interior derecho,79,79,79,80,77,80,62,86,88,64,62,19,1973-01-28,25,Argentina,Argentina,Córdoba,176,70,,,,7,blanco,moreno,EQ003003.PKF,1640420,original
unión-1699-25697,25697,unión-1699,Unión,Garro,Lorenzo José Argentino GARRO,13,True,Medio,MF,Interior derecho,70,70,69,72,72,70,66,65,75,59,70,18,1978-06-01,20,Argentina,Argentina,Bell Ville (CBA),,,,,,13,blanco,castano,EQ003003.PKF,1642186,original
unión-1699-20823,20823,unión-1699,Unión,Cabrol,Darío Gabriel CABROL,10,True,Medio,MF,Media punta por el centro,81,81,81,79,75,89,69,84,82,80,65,15,1972-01-30,26,Argentina,Argentina,Santa Fé,170,66,,,,10,blanco,moreno,EQ003003.PKF,1642459,original
unión-1699-25484,25484,unión-1699,Unión,Mendoza,Silvio Fernando MENDOZA,20,True,Medio,MF,Medio centro defensivo,80,80,79,80,79,82,68,84,82,65,62,16,1976-02-21,22,Argentina,Argentina,Santa Fé,177,70,,,,8,blanco,moreno,EQ003003.PKF,1644847,original
unión-1699-25485,25485,unión-1699,Unión,Garate,Rubén Horacio GARATE,5,True,Medio,MF,Medio centro organizador,76,76,76,77,80,74,64,90,80,62,64,19,1967-07-16,30,Argentina,Argentina,Empalme Villa Constitución (SF),185,79,,,,17,blanco,moreno,EQ003003.PKF,1645576,original
unión-1699-17612,17612,unión-1699,Unión,Rosales,Ramón Enrique ROSALES,29,True,Medio,MF,Centrocampista derecha,76,76,78,76,75,76,61,86,80,68,66,12,1975-09-27,22,Argentina,Argentina,Villa Minetti (SF),180,74,,,,21,blanco,moreno,EQ003003.PKF,1646577,original
unión-1699-17613,17613,unión-1699,Unión,Bourdier,Harles BOURDIER Molinas,14,True,Medio,MF,Media punta por el centro,76,76,74,79,75,76,67,80,90,67,62,16,1972-08-14,25,Paraguay,Paraguay,Asunción (Paraguay),180,73,,,,15,blanco,moreno,EQ003003.PKF,1648302,original
unión-1699-20894,20894,unión-1699,Unión,Noriega,Daniel Gustavo NORIEGA,7,True,Delantero,FW,Extremo izquierdo,71,71,77,68,70,72,75,72,73,74,65,19,1977-03-14,21,Venezuela,Venezuela,Puerto Ordaz,170,74,,,,9,negro,moreno,EQ003003.PKF,1648799,original
unión-1699-21048,21048,unión-1699,Unión,Gigena,Darío Alberto GIGENA,9,True,Delantero,FW,Delantero centro,70,70,68,75,66,71,72,70,64,70,64,19,1978-01-21,20,Argentina,Argentina,Córdoba,183,75,,,,11,blanco,moreno,EQ003003.PKF,1650449,original
unión-1699-17614,17614,unión-1699,Unión,Barreto,Miguel Alberto BARRETO,16,True,Delantero,FW,Media punta izquierda,73,73,73,74,73,75,87,90,61,80,65,18,1978-09-14,19,Argentina,Argentina,Tostado (SF),177,70,,,,20,blanco,moreno,EQ003003.PKF,1651695,original
unión-1699-25486,25486,unión-1699,Unión,Perezlindo,Fernando Martín PEREZLINDO,30,True,Delantero,FW,Delantero centro,77,77,81,76,73,81,83,80,64,82,67,19,1977-01-03,21,Argentina,Argentina,Santa Fé,180,75,,,,12,blanco,moreno,EQ003003.PKF,1652300,original
godoy-cruz-1400-25804,25804,godoy-cruz-1400,Godoy Cruz,Pannero,Hernán Darío PANNERO,1,False,Portero,GK,Portero,55,55,55,59,52,56,13,8,18,14,47,59,1975-10-15,22,Argentina,Argentina,Córdoba,,,,,,1,blanco,castano,EQ003003.PKF,1655440,original
godoy-cruz-1400-24874,24874,godoy-cruz-1400,Godoy Cruz,M. Gómez,Marcelo A. GOMEZ,0,False,Portero,GK,Portero,72,72,73,72,72,71,10,13,20,14,38,56,1976-10-23,21,Argentina,Argentina,Mendoza,178,72,,,,12,blanco,moreno,EQ003003.PKF,1655572,original
godoy-cruz-1400-25805,25805,godoy-cruz-1400,Godoy Cruz,Ruggeri,Daniel Eduardo RUGGERI,1,False,Defensa,DF,Lateral derecho,68,68,65,71,68,69,48,53,52,55,57,19,1977-05-10,21,Argentina,Argentina,Mendoza,,,,,,20,blanco,castano,EQ003003.PKF,1655748,original
godoy-cruz-1400-25806,25806,godoy-cruz-1400,Godoy Cruz,Leguizamón,Daniel R. LEGUIZAMÓN,1,False,Defensa,DF,Lateral derecho,67,67,71,66,61,73,55,50,51,57,55,19,1978-07-04,19,Argentina,Argentina,Mendoza,,,,,,19,blanco,castano,EQ003003.PKF,1655884,original
godoy-cruz-1400-25807,25807,godoy-cruz-1400,Godoy Cruz,Estrada,Diego Adrián ESTRADA,1,False,Defensa,DF,Libre,69,69,71,66,68,72,53,52,49,55,59,19,1977-12-12,20,Argentina,Argentina,Mendoza,,,,,,18,blanco,moreno,EQ003003.PKF,1656011,original
godoy-cruz-1400-25808,25808,godoy-cruz-1400,Godoy Cruz,Herrera,Dardo Martín HERRERA,1,False,Defensa,DF,Lateral derecho,70,70,71,68,70,74,50,51,48,55,52,19,1977-07-31,20,Argentina,Argentina,Mendoza,,,,,,14,blanco,castano,EQ003003.PKF,1656144,original
godoy-cruz-1400-25809,25809,godoy-cruz-1400,Godoy Cruz,Antico,Mariano Silvio ANTICO,1,False,Defensa,DF,Lateral izquierdo,68,68,71,68,64,72,48,53,51,54,51,19,1977-04-25,21,Argentina,Argentina,Capital Federal,,,,,,13,blanco,castano,EQ003003.PKF,1656268,original
godoy-cruz-1400-25810,25810,godoy-cruz-1400,Godoy Cruz,Gauna,Facundo GAUNA,1,False,Defensa,DF,Lateral derecho,52,52,57,53,47,53,46,51,53,49,53,19,1977-03-13,21,Argentina,Argentina,Mendoza,,,,,,2,blanco,moreno,EQ003003.PKF,1656397,original
godoy-cruz-1400-25811,25811,godoy-cruz-1400,Godoy Cruz,Iglesias,Rafael Eduardo IGLESIAS,1,False,Defensa,DF,Central izquierdo,55,55,57,55,52,57,52,48,56,52,58,19,1971-04-17,27,Argentina,Argentina,Mendoza,,,,,,3,blanco,castano,EQ003003.PKF,1656512,original
godoy-cruz-1400-24882,24882,godoy-cruz-1400,Godoy Cruz,Oldrá,Daniel Walter OLDRA,0,False,Defensa,DF,Central izquierdo,54,54,54,55,55,53,53,49,61,54,57,19,1967-03-15,31,Argentina,Argentina,Godoy Cruz (Mza),176,65,,,,4,blanco,castano,EQ003003.PKF,1656645,original
godoy-cruz-1400-25812,25812,godoy-cruz-1400,Godoy Cruz,Salinas,Héctor Alfredo SALINAS,1,False,Medio,MF,Medio centro organizador,69,69,70,68,70,71,56,51,52,60,56,19,1972-12-27,25,Argentina,Argentina,Mendoza,,,,,,22,blanco,moreno,EQ003003.PKF,1656829,original
godoy-cruz-1400-25813,25813,godoy-cruz-1400,Godoy Cruz,Cabrera,Hernán CABRERA,1,False,Medio,MF,Centrocampista derecha,73,73,71,77,72,74,60,51,56,54,58,19,1980-05-08,18,Argentina,Argentina,Mendoza,,,,,,17,blanco,castano,EQ003003.PKF,1656963,original
godoy-cruz-1400-25814,25814,godoy-cruz-1400,Godoy Cruz,Correa,Mariano Eduardo CORREA,1,False,Medio,MF,Media punta izquierda,69,69,74,71,66,68,56,52,54,58,54,19,1974-06-07,24,Argentina,Argentina,Mendoza,,,,,,16,blanco,castano,EQ003003.PKF,1657081,original
godoy-cruz-1400-25815,25815,godoy-cruz-1400,Godoy Cruz,J.A. Sánchez,Javier Aurelio SÁNCHEZ,1,False,Medio,MF,Centrocampista izquierda,68,68,66,73,64,72,54,59,57,59,57,19,1975-12-27,22,Argentina,Argentina,Mendoza,,,,,,15,blanco,moreno,EQ003003.PKF,1657216,original
godoy-cruz-1400-25816,25816,godoy-cruz-1400,Godoy Cruz,Fullana,Ernesto Roberto FULLANA,1,False,Medio,MF,Centrocampista izquierda,52,52,54,52,49,53,51,50,58,54,55,19,1974-05-29,24,Argentina,Argentina,San Juan,,,,,,11,blanco,moreno,EQ003003.PKF,1657347,original
godoy-cruz-1400-25817,25817,godoy-cruz-1400,Godoy Cruz,Gattesco,Gonzalo Alfredo GATTESCO,1,False,Medio,MF,Centrocampista derecha,56,56,59,56,54,56,58,56,58,65,61,19,1977-08-04,20,Argentina,Argentina,Córdoba,,,,,,8,blanco,castano,EQ003003.PKF,1657483,original
godoy-cruz-1400-25818,25818,godoy-cruz-1400,Godoy Cruz,Dobrik,Daniel Gustavo DOBRIK,1,False,Medio,MF,Medio centro organizador,54,54,56,52,54,56,51,55,54,50,55,19,1975-02-02,23,Argentina,Argentina,Capital Federal,,,,,,6,blanco,moreno,EQ003003.PKF,1657610,original
godoy-cruz-1400-25819,25819,godoy-cruz-1400,Godoy Cruz,Mercado,Daniel Gustavo MERCADO,0,False,Medio,MF,Interior izquierdo,73,73,75,70,72,76,63,69,72,69,69,19,1971-01-29,27,Argentina,Argentina,Córdoba,182,76,,,,7,blanco,moreno,EQ003003.PKF,1657746,original
godoy-cruz-1400-24888,24888,godoy-cruz-1400,Godoy Cruz,Lentz,Humberto Fabián LENTZ,0,False,Medio,MF,Medio centro defensivo,56,56,58,56,54,56,61,54,59,55,60,19,1966-05-07,32,Argentina,Argentina,Mendoza,188,81,,,,5,blanco,moreno,EQ003003.PKF,1658211,original
godoy-cruz-1400-25820,25820,godoy-cruz-1400,Godoy Cruz,Watson,Sergio Edgar WATSON,0,False,Delantero,FW,Delantero centro,55,55,53,60,53,56,58,60,55,60,54,19,1974-01-05,24,Argentina,Argentina,Capital Federal,,,,,,10,blanco,moreno,EQ003003.PKF,1658384,original
godoy-cruz-1400-25821,25821,godoy-cruz-1400,Godoy Cruz,Mir,Claudio Andrés MIR,1,False,Delantero,FW,Delantero centro,56,56,57,54,55,58,58,52,54,59,54,19,1965-07-11,32,Argentina,Argentina,Mar de la Plata (Buenos Aires),,,,,,9,blanco,moreno,EQ003003.PKF,1658510,original
godoy-cruz-1400-24895,24895,godoy-cruz-1400,Godoy Cruz,Egarrat,Marcelo Daniel EGARRAT,0,False,Delantero,FW,Delantero centro,68,68,72,66,70,66,49,51,55,60,56,19,1975-08-06,22,Argentina,Argentina,San Carlos (Mza),175,71,,,,21,blanco,moreno,EQ003003.PKF,1658655,original
san-martín-sj-1683-25774,25774,san-martín-sj-1683,San Martín (SJ),F.S. González,Fabián Santiago GONZÁLEZ,1,False,Portero,GK,Portero,52,52,53,49,52,56,9,9,13,9,50,56,1977-06-22,21,Argentina,Argentina,San Juan,,,,,,22,blanco,castano,EQ003003.PKF,1660929,original
san-martín-sj-1683-25775,25775,san-martín-sj-1683,San Martín (SJ),De Lemos,Walter F. DE LEMOS,1,False,Portero,GK,Portero,53,53,56,54,48,55,13,7,17,11,42,57,1972-02-15,26,Argentina,Argentina,San Juan,,,,,,12,blanco,moreno,EQ003003.PKF,1661064,original
san-martín-sj-1683-24901,24901,san-martín-sj-1683,San Martín (SJ),Misetich,Marcelo Alejandro MISETICH,0,False,Portero,GK,Portero,57,57,58,56,57,58,10,14,20,20,48,56,1968-04-08,30,Argentina,Argentina,Córdoba,178,72,,,,1,blanco,moreno,EQ003003.PKF,1661196,original
san-martín-sj-1683-25776,25776,san-martín-sj-1683,San Martín (SJ),Bustamante,Germán D. BUSTAMANTE,1,False,Defensa,DF,Lateral derecho,51,51,53,50,47,57,53,50,48,53,57,54,1970-12-26,27,Argentina,Argentina,Rosario (Santa Fe),,,,,,18,blanco,castano,EQ003003.PKF,1661371,original
san-martín-sj-1683-25777,25777,san-martín-sj-1683,San Martín (SJ),Minervino,Gustavo J.L. MINERVINO,1,False,Defensa,DF,Central izquierdo,53,53,50,54,52,56,53,57,60,58,60,19,1969-03-19,29,Argentina,Argentina,Chacabuco (Buenos Aires),,,,,,17,blanco,moreno,EQ003003.PKF,1661506,original
san-martín-sj-1683-25778,25778,san-martín-sj-1683,San Martín (SJ),Manfredi,Cristian Hernán MANFREDI,1,False,Defensa,DF,Lateral derecho,51,51,56,51,47,52,49,55,52,57,51,19,1973-06-09,25,Argentina,Argentina,Olivos (Buenos Aires),,,,,,13,blanco,moreno,EQ003003.PKF,1661661,original
san-martín-sj-1683-24903,24903,san-martín-sj-1683,San Martín (SJ),L. Méndez,Ariel Lucas MENDEZ,0,False,Defensa,DF,Central izquierdo,54,54,54,55,55,53,54,52,58,53,55,19,1975-09-20,22,Argentina,Argentina,San Juan,176,65,,,,4,blanco,moreno,EQ003003.PKF,1661803,original
san-martín-sj-1683-24904,24904,san-martín-sj-1683,San Martín (SJ),J. González,Julio Antonio GONZALEZ,0,False,Defensa,DF,Lateral izquierdo,51,51,53,51,52,50,46,53,48,52,49,19,1969-08-02,28,Argentina,Argentina,San Juan,176,65,,,,3,blanco,moreno,EQ003003.PKF,1661983,original
san-martín-sj-1683-24906,24906,san-martín-sj-1683,San Martín (SJ),Yanzón,Juan Alberto YANZON,0,False,Defensa,DF,Lateral derecho,56,56,58,57,55,56,54,55,59,51,55,19,1968-02-08,30,Argentina,Argentina,Caucete (SJ),176,65,,,,2,blanco,moreno,EQ003003.PKF,1662169,original
san-martín-sj-1683-25779,25779,san-martín-sj-1683,San Martín (SJ),Medina,Gustavo Fabio MEDINA,1,False,Delantero,FW,Delantero centro,55,55,57,54,53,56,58,59,55,52,60,19,1972-11-22,25,Argentina,Argentina,San Jorge (Santa Fe),,,,,,15,blanco,moreno,EQ003003.PKF,1662354,original
san-martín-sj-1683-25780,25780,san-martín-sj-1683,San Martín (SJ),H.M. Arce,Horacio Marcelo ARCE,1,False,Delantero,FW,Extremo derecho,56,56,55,58,53,61,55,60,58,58,57,19,1970-10-20,27,Argentina,Argentina,Pehuajó (Buenos Aires),,,,,,7,blanco,moreno,EQ003003.PKF,1662494,original
san-martín-sj-1683-24910,24910,san-martín-sj-1683,San Martín (SJ),Marini,Pablo Alejandro MARINI,0,False,Delantero,FW,Media punta por el centro,53,53,55,53,53,54,56,53,49,55,54,19,1967-01-31,31,Argentina,Argentina,Pérez (SF),178,73,,,,10,blanco,moreno,EQ003003.PKF,1662631,original
san-martín-sj-1683-25781,25781,san-martín-sj-1683,San Martín (SJ),Zamora,René Eduardo ZAMORA,1,False,Medio,MF,Interior izquierdo,52,52,51,57,49,54,59,52,57,60,58,19,1978-06-16,20,Argentina,Argentina,Rosario (Santa Fe),,,,,,24,blanco,castano,EQ003003.PKF,1662805,original
san-martín-sj-1683-25782,25782,san-martín-sj-1683,San Martín (SJ),Gómez,Alejandro Javier GÓMEZ,1,False,Medio,MF,Media punta por el centro,56,56,58,53,56,59,46,53,51,56,57,19,1978-01-21,20,Argentina,Argentina,San Juan,,,,,,23,blanco,castano,EQ003003.PKF,1662935,original
san-martín-sj-1683-25783,25783,san-martín-sj-1683,San Martín (SJ),Priseajniuc,Sergio José PRISEAJNIUC,1,False,Medio,MF,Centrocampista derecha,54,54,56,54,50,56,56,50,57,54,60,19,1969-04-19,29,Argentina,Argentina,Rosario (Santa Fe),,,,,,21,blanco,moreno,EQ003003.PKF,1663060,original
san-martín-sj-1683-25784,25784,san-martín-sj-1683,San Martín (SJ),Moreyra,Juan Manuel MOREYRA,1,False,Medio,MF,Medio centro organizador,55,55,55,58,52,57,54,50,58,59,54,19,1976-09-19,21,Argentina,Argentina,Rosario (Santa Fe),,,,,,20,blanco,moreno,EQ003003.PKF,1663212,original
san-martín-sj-1683-25785,25785,san-martín-sj-1683,San Martín (SJ),La Groterría,Cristian A. LA GROTTERÍA,1,False,Medio,MF,Centrocampista izquierda,52,52,55,53,49,53,51,52,55,54,56,19,1974-07-25,23,Argentina,Argentina,La Plata (Buenos Aires),,,,,,19,blanco,moreno,EQ003003.PKF,1663351,original
san-martín-sj-1683-25786,25786,san-martín-sj-1683,San Martín (SJ),Maciar,Marcelo Rubén MACIAR,1,False,Medio,MF,Media punta derecha,51,51,53,50,46,56,47,57,53,59,56,19,1977-06-27,21,Argentina,Argentina,Mendoza,,,,,,16,blanco,castano,EQ003003.PKF,1663510,original
san-martín-sj-1683-25787,25787,san-martín-sj-1683,San Martín (SJ),Carballo,Horacio Jorge CARBALLO,1,False,Medio,MF,Centrocampista derecha,52,52,56,52,49,54,57,53,53,62,59,19,1974-04-29,24,Argentina,Argentina,Capital Federal,,,,,,14,blanco,moreno,EQ003003.PKF,1663639,original
san-martín-sj-1683-25788,25788,san-martín-sj-1683,San Martín (SJ),Patrassi,Daniel Omar PATRASSI,1,False,Medio,MF,Media punta derecha,55,55,54,56,53,59,55,57,57,59,64,59,1973-10-08,24,Argentina,Argentina,Las Heras (Mendoza),,,,,,11,blanco,moreno,EQ003003.PKF,1663778,original
san-martín-sj-1683-24911,24911,san-martín-sj-1683,San Martín (SJ),Celani,Gustavo Alberto CELANI,0,False,Medio,MF,Interior derecho,53,53,55,53,54,52,57,60,56,54,53,19,1972-12-26,25,Argentina,Argentina,San Juan,176,65,,,,8,blanco,moreno,EQ003003.PKF,1663915,original
san-martín-sj-1683-24912,24912,san-martín-sj-1683,San Martín (SJ),Artéz,Mario Alfredo ARTEZ,0,False,Defensa,DF,Libre,55,55,57,56,54,56,53,50,55,51,53,19,1972-05-19,26,Argentina,Argentina,San Juan,188,81,,,,5,blanco,moreno,EQ003003.PKF,1664101,original
san-martín-sj-1683-24913,24913,san-martín-sj-1683,San Martín (SJ),R. Rodríguez,Alberto Rodolfo RODRIGUEZ,0,False,Medio,MF,Medio centro organizador,55,55,57,55,56,55,49,53,57,55,53,19,1966-07-26,31,Argentina,Argentina,San Juan,176,65,,,,6,blanco,moreno,EQ003003.PKF,1664278,original
san-martín-sj-1683-24921,24921,san-martín-sj-1683,San Martín (SJ),A. Ortíz,Alejandro Nelson ORTIZ,0,False,Delantero,FW,Delantero centro,54,54,55,54,54,53,52,56,53,59,55,19,1972-10-15,25,Argentina,Argentina,San Juan,176,65,,,,9,blanco,moreno,EQ003003.PKF,1664468,original
atl-rafaela-1356-25837,25837,atl-rafaela-1356,Atl. Rafaela,Bravo,Guillermo BRAVO,1,False,Defensa,DF,Central derecho,52,52,51,47,53,57,49,54,52,55,51,19,1976-11-01,21,Argentina,Argentina,Rafaela (Santa Fe),,,,,,5,blanco,castano,EQ003003.PKF,1665216,original
atl-rafaela-1356-25838,25838,atl-rafaela-1356,Atl. Rafaela,Oliveira,Alejandro OLIVEIRA,1,False,Defensa,DF,Central izquierdo,50,50,56,50,46,51,47,52,48,51,46,19,1976-12-21,21,Argentina,Argentina,Santa Fe,,,,,,4,blanco,castano,EQ003003.PKF,1665344,original
atl-rafaela-1356-25839,25839,atl-rafaela-1356,Atl. Rafaela,Díaz,Mario Ruiz DÍAZ,1,False,Defensa,DF,Central izquierdo,52,52,53,49,51,56,53,51,50,56,53,19,1976-06-08,22,Argentina,Argentina,Villa Constitución (Santa Fe),,,,,,3,blanco,castano,EQ003003.PKF,1665463,original
atl-rafaela-1356-24930,24930,atl-rafaela-1356,Atl. Rafaela,Castro,Alejandro José CASTRO,0,False,Defensa,DF,Libre,57,57,60,57,57,54,45,56,51,57,54,19,1971-12-05,26,Argentina,Argentina,Rafaela (SF),176,65,,,,2,blanco,moreno,EQ003003.PKF,1665603,original
atl-rafaela-1356-25840,25840,atl-rafaela-1356,Atl. Rafaela,Schiavi,Mario SCHIAVI,1,False,Medio,MF,Media punta derecha,66,66,70,67,65,63,50,52,57,61,57,19,1978-10-27,19,Argentina,Argentina,Rafaela (Santa Fe),,,,,,21,blanco,moreno,EQ003003.PKF,1665787,original
atl-rafaela-1356-25841,25841,atl-rafaela-1356,Atl. Rafaela,Riberi,César RIBERI,1,False,Medio,MF,Medio centro organizador,64,64,63,65,66,63,51,53,59,55,51,19,1979-05-23,19,Argentina,Argentina,Rafaela (Santa Fe),,,,,,20,blanco,castano,EQ003003.PKF,1665915,original
atl-rafaela-1356-25842,25842,atl-rafaela-1356,Atl. Rafaela,García,Federico GARCÍA,1,False,Medio,MF,Centrocampista izquierda,64,64,66,64,62,66,49,56,46,58,56,19,1979-01-04,19,Argentina,Argentina,Córdoba,,,,,,19,blanco,castano,EQ003003.PKF,1666041,original
atl-rafaela-1356-25843,25843,atl-rafaela-1356,Atl. Rafaela,Bonet,Carlos BONET,1,False,Medio,MF,Interior derecho,63,63,65,60,63,65,46,55,50,52,47,19,1977-10-02,20,Paraguay,Paraguay,Asunción,,,,,,17,blanco,moreno,EQ003003.PKF,1666159,original
atl-rafaela-1356-25844,25844,atl-rafaela-1356,Atl. Rafaela,Romero,Diego ROMERO,1,False,Medio,MF,Centrocampista derecha,65,65,64,68,63,66,54,50,56,61,51,19,1975-01-03,23,Argentina,Argentina,Quilmes (Buenos Aires),,,,,,14,blanco,castano,EQ003003.PKF,1666276,original
atl-rafaela-1356-25845,25845,atl-rafaela-1356,Atl. Rafaela,M. García,Marcelo GARCÍA,1,False,Medio,MF,Medio centro organizador,66,66,62,68,70,67,49,53,57,54,56,19,1976-11-12,21,Argentina,Argentina,Pilar (Santa fe),,,,,,13,blanco,castano,EQ003003.PKF,1666403,original
atl-rafaela-1356-25846,25846,atl-rafaela-1356,Atl. Rafaela,Marczuk,Carlos MARCZUK,1,False,Medio,MF,Centrocampista izquierda,51,51,53,51,49,51,52,51,55,56,61,8,1976-01-11,22,Argentina,Argentina,Oberá (Misiones),,,,,,10,blanco,castano,EQ003003.PKF,1666532,original
atl-rafaela-1356-25847,25847,atl-rafaela-1356,Atl. Rafaela,F.A. Sánchez,Fabrizio Antonio SÁNCHEZ,1,False,Medio,MF,Centrocampista derecha,53,53,53,52,51,57,52,56,50,54,52,19,1976-08-21,21,Argentina,Argentina,Aldao (Santa Fe),,,,,,8,blanco,moreno,EQ003003.PKF,1666659,original
atl-rafaela-1356-25848,25848,atl-rafaela-1356,Atl. Rafaela,Bovaglio,Lucas BOVAGLIO,1,False,Medio,MF,Medio centro organizador,52,52,53,49,53,56,49,53,51,56,52,19,1975-04-19,23,Argentina,Argentina,Rafaela (Santa Fe),,,,,,6,blanco,castano,EQ003003.PKF,1666806,original
atl-rafaela-1356-25494,25494,atl-rafaela-1356,Atl. Rafaela,C. González,Carlos Alcides GONZALEZ,0,False,Medio,MF,Centrocampista derecha,62,62,59,64,61,67,62,54,64,59,64,19,1963-11-11,34,Argentina,Argentina,Seguí (Entre Ríos),184,78,,,,7,blanco,moreno,EQ003003.PKF,1666936,original
atl-rafaela-1356-25849,25849,atl-rafaela-1356,Atl. Rafaela,Del Bono,Gonzalo DEL BONO,1,False,Delantero,FW,Media punta izquierda,63,63,64,63,59,66,57,56,50,53,53,19,1981-02-08,17,Argentina,Argentina,Rafaela (Santa Fe),,,,,,18,blanco,castano,EQ003003.PKF,1668151,original
atl-rafaela-1356-25850,25850,atl-rafaela-1356,Atl. Rafaela,R. González,Raúl GONZÁLEZ,1,False,Delantero,FW,Media punta derecha,51,51,53,51,48,53,51,55,49,53,50,19,1976-06-09,22,Argentina,Argentina,Rosario (Santa Fe),,,,,,11,blanco,moreno,EQ003003.PKF,1668283,original
atl-rafaela-1356-25851,25851,atl-rafaela-1356,Atl. Rafaela,R. González,Roberto GONZÁLEZ,1,False,Delantero,FW,Delantero centro,52,52,51,54,53,53,56,55,47,56,51,19,1969-06-05,29,Argentina,Argentina,Quilmes (Buenos Aires),,,,,,9,blanco,moreno,EQ003003.PKF,1668419,original
atl-rafaela-1356-17562,17562,atl-rafaela-1356,Atl. Rafaela,Suligoy,Juan Manuel SULIGOY,32,False,Delantero,FW,Delantero centro,91,91,93,91,89,92,82,88,61,80,68,14,1976-07-15,21,Argentina,Argentina,El Arazá (SF),175,71,,,,15,blanco,moreno,EQ003003.PKF,1668569,original
atl-rafaela-1356-24944,24944,atl-rafaela-1356,Atl. Rafaela,Ferraro,Patricio Agustín FERRARO,0,False,Delantero,FW,Extremo izquierdo,68,68,69,68,66,69,54,50,46,57,53,19,1975-07-20,22,Argentina,Argentina,Rafaela (SF),176,65,,,,16,blanco,moreno,EQ003003.PKF,1669108,original
atl-rafaela-1356-25852,25852,atl-rafaela-1356,Atl. Rafaela,Escobar,José ESCOBAR,1,False,Portero,GK,Portero,63,63,67,64,62,62,8,10,22,20,47,55,1975-05-01,23,Argentina,Argentina,Santa Fe,,,,,,12,blanco,castano,EQ003003.PKF,1669298,original
atl-rafaela-1356-25853,25853,atl-rafaela-1356,Atl. Rafaela,Maciel,Juan Carlos MACIEL,1,False,Portero,GK,Portero,55,55,59,57,54,52,5,7,16,12,50,57,1969-09-28,28,Argentina,Argentina,San Fernando (Buenos Aires),,,,,,1,blanco,moreno,EQ003003.PKF,1669414,original
huracán-ctes-1719-25724,25724,huracán-ctes-1719,Huracán (Ctes),R.D. Sánchez,Rubén Dario SÁNCHEZ,1,False,Defensa,DF,Lateral izquierdo,51,51,53,50,53,48,55,48,53,47,55,19,1979-03-03,19,Argentina,Argentina,Corrientes,,,,,,25,blanco,castano,EQ003003.PKF,1670152,original
huracán-ctes-1719-25725,25725,huracán-ctes-1719,Huracán (Ctes),Sánchez,Mauro Martín SÁNCHEZ,1,False,Defensa,DF,Lateral derecho,51,51,49,55,50,53,50,53,48,50,53,19,1979-11-05,18,Argentina,Argentina,Corrientes,,,,,,24,blanco,moreno,EQ003003.PKF,1670283,original
huracán-ctes-1719-25726,25726,huracán-ctes-1719,Huracán (Ctes),Lugo,Roberto LUGO,1,False,Defensa,DF,Libre,52,52,50,55,50,53,54,50,52,54,53,19,1967-06-25,31,Paraguay,Paraguay,Villa Hayes,,,,,,20,blanco,moreno,EQ003003.PKF,1670410,original
huracán-ctes-1719-25727,25727,huracán-ctes-1719,Huracán (Ctes),Sánchez,Manuel A. SÁNCHEZ,1,False,Defensa,DF,Central derecho,51,51,55,51,50,50,52,48,55,53,58,19,1979-03-07,19,Argentina,Argentina,Corrientes,,,,,,14,blanco,moreno,EQ003003.PKF,1670535,original
huracán-ctes-1719-25728,25728,huracán-ctes-1719,Huracán (Ctes),Batalla,Walter Santiago BATALLA,1,False,Defensa,DF,Central izquierdo,52,52,50,53,52,54,53,52,46,50,48,19,1970-11-03,27,Argentina,Argentina,Las Palmas (Chaco),,,,,,5,blanco,moreno,EQ003003.PKF,1670659,original
huracán-ctes-1719-25729,25729,huracán-ctes-1719,Huracán (Ctes),Suárez,Pablo Sixto SUÁREZ,1,False,Defensa,DF,Lateral derecho,50,50,52,50,49,52,46,49,59,53,50,19,1966-12-18,31,Argentina,Argentina,Corrientes,,,,,,2,blanco,moreno,EQ003003.PKF,1670797,original
huracán-ctes-1719-24949,24949,huracán-ctes-1719,Huracán (Ctes),Landaida,Juan Manuel LANDAIDA,0,False,Defensa,DF,Lateral derecho,66,66,68,63,65,69,65,58,69,68,59,19,1976-09-15,21,Paraguay,Paraguay,Asunción (Paraguay),188,73,,,,4,blanco,moreno,EQ003003.PKF,1670920,original
huracán-ctes-1719-25498,25498,huracán-ctes-1719,Huracán (Ctes),Marinilli,Julio César MARINILLI,0,False,Defensa,DF,Central izquierdo,65,65,68,66,62,65,51,56,53,59,57,19,1970-07-09,27,Argentina,Argentina,Corrientes (Ctes.),180,75,,,,3,blanco,moreno,EQ003003.PKF,1672298,original
huracán-ctes-1719-24950,24950,huracán-ctes-1719,Huracán (Ctes),Billordo,Lino Mauricio BILLORDO,0,False,Defensa,DF,Libre,56,56,62,52,58,55,60,50,56,64,59,19,1977-09-17,20,Argentina,Argentina,Corrientes,178,70,,,,13,blanco,moreno,EQ003003.PKF,1673321,original
huracán-ctes-1719-25730,25730,huracán-ctes-1719,Huracán (Ctes),Ramírez,Ariel Santiago RAMÍREZ,1,False,Portero,GK,Portero,50,50,51,52,47,53,7,4,14,11,40,55,1977-07-25,20,Argentina,Argentina,Caá Catí (Corrientes),,,,,,22,blanco,castano,EQ003003.PKF,1674843,original
huracán-ctes-1719-25731,25731,huracán-ctes-1719,Huracán (Ctes),Gauto,Walter César Mari GAUTO,1,False,Portero,GK,Portero,52,52,59,51,48,53,5,7,14,11,49,56,1970-03-08,28,Argentina,Argentina,Corrientes,,,,,,12,blanco,castano,EQ003003.PKF,1674990,original
huracán-ctes-1719-25732,25732,huracán-ctes-1719,Huracán (Ctes),Fernández,Adrián Alfredo FERNÁNDEZ,1,False,Portero,GK,Portero,54,54,54,56,51,55,6,5,18,14,42,56,1976-01-26,22,Argentina,Argentina,Rosario (Santa Fe),,,,,,1,blanco,moreno,EQ003003.PKF,1675116,original
huracán-ctes-1719-25733,25733,huracán-ctes-1719,Huracán (Ctes),Ruiz Díaz,Ariel Gustavo RUIZ DÍAZ,1,False,Medio,MF,Interior izquierdo,50,50,53,51,47,49,53,49,56,53,53,19,1977-12-23,20,Argentina,Argentina,Corrientes,,,,,,23,blanco,castano,EQ003003.PKF,1675255,original
huracán-ctes-1719-25734,25734,huracán-ctes-1719,Huracán (Ctes),Rentera,Ricardo Nicolás RENTERA,1,False,Medio,MF,Medio centro organizador,51,51,52,50,49,54,48,50,48,51,47,10,1966-01-09,32,Argentina,Argentina,Desiderio Tello,,,,,,21,blanco,moreno,EQ003003.PKF,1675387,original
huracán-ctes-1719-25735,25735,huracán-ctes-1719,Huracán (Ctes),González,Juan Miguel GONZÁLEZ,1,False,Medio,MF,Medio centro organizador,50,50,52,49,49,51,47,50,49,51,47,19,1974-06-24,24,Argentina,Argentina,Capital Federal,,,,,,19,blanco,moreno,EQ003003.PKF,1675529,original
huracán-ctes-1719-25736,25736,huracán-ctes-1719,Huracán (Ctes),Covi,Carlos Alberto COVI,1,False,Medio,MF,Media punta derecha,49,49,46,48,50,53,54,51,53,55,52,19,1976-07-22,21,Argentina,Argentina,Bell Ville (Córdoba),,,,,,18,blanco,castano,EQ003003.PKF,1675670,original
huracán-ctes-1719-25737,25737,huracán-ctes-1719,Huracán (Ctes),Benítez,Miguel Angel BENÍTEZ,1,False,Medio,MF,Medio centro organizador,51,51,58,49,47,53,51,53,59,57,54,19,1974-09-16,23,Argentina,Argentina,Corrientes,,,,,,17,blanco,moreno,EQ003003.PKF,1675813,original
huracán-ctes-1719-25738,25738,huracán-ctes-1719,Huracán (Ctes),Donato,Hugo DONATO,1,False,Medio,MF,Media punta derecha,53,53,56,52,50,54,50,53,54,60,59,19,1974-10-25,23,Argentina,Argentina,R. Escalada (Buenos Aires),,,,,,15,blanco,moreno,EQ003003.PKF,1675944,original
huracán-ctes-1719-25739,25739,huracán-ctes-1719,Huracán (Ctes),Allende,Lucas Martín ALLENDE,1,False,Medio,MF,Media punta por el centro,52,52,53,49,54,53,55,52,51,53,50,19,1978-10-16,19,Argentina,Argentina,Córdoba,,,,,,11,blanco,moreno,EQ003003.PKF,1676081,original
huracán-ctes-1719-25740,25740,huracán-ctes-1719,Huracán (Ctes),Ortiz,Diego Armando ORTIZ,1,False,Medio,MF,Media punta por el centro,50,50,57,48,43,54,53,52,49,57,56,19,1980-03-03,18,Argentina,Argentina,Corrientes,,,,,,10,blanco,castano,EQ003003.PKF,1676207,original
huracán-ctes-1719-25741,25741,huracán-ctes-1719,Huracán (Ctes),Alfonso,Luis Osvaldo ALFONSO,1,False,Medio,MF,Media punta izquierda,51,51,53,50,49,53,52,51,49,53,52,19,1981-09-09,16,Argentina,Argentina,Resistencia (Chaco),,,,,,8,blanco,castano,EQ003003.PKF,1676341,original
huracán-ctes-1719-25742,25742,huracán-ctes-1719,Huracán (Ctes),Salinas,Luis Antonio SALINAS,1,False,Medio,MF,Centrocampista izquierda,50,50,53,50,48,52,55,48,50,58,54,19,1971-04-07,27,Argentina,Argentina,San Roque (Corrientes),,,,,,6,blanco,moreno,EQ003003.PKF,1676481,original
huracán-ctes-1719-25743,25743,huracán-ctes-1719,Huracán (Ctes),Quiroga,Federico M. QUIROGA,1,False,Delantero,FW,Delantero centro,51,51,52,49,52,53,48,52,53,51,58,19,1973-03-14,25,Argentina,Argentina,González Chávez (Buenos Aires),,,,,,16,blanco,moreno,EQ003003.PKF,1676617,original
huracán-ctes-1719-25744,25744,huracán-ctes-1719,Huracán (Ctes),Toledo,Marcos Daniel TOLEDO,1,False,Delantero,FW,Delantero centro,51,51,56,52,48,51,50,48,53,51,48,19,1969-02-21,29,Argentina,Argentina,San Cosme (Corrientes),,,,,,9,blanco,moreno,EQ003003.PKF,1676765,original
huracán-ctes-1719-25745,25745,huracán-ctes-1719,Huracán (Ctes),García,Julio Cesar GARCÍA,1,False,Delantero,FW,Delantero centro,52,52,55,53,51,52,56,62,50,53,51,19,1976-08-23,21,Argentina,Argentina,Corrientes,,,,,,7,blanco,moreno,EQ003003.PKF,1676916,original
nueva-chicago-1584-27613,27613,nueva-chicago-1584,Nueva Chicago,Labarre,César Orlando LBARRE,1,False,Portero,GK,Portero,62,62,63,62,64,61,19,14,13,20,13,67,1968-05-06,30,Argentina,Argentina,Río V.,,,,,,22,blanco,moreno,EQ003003.PKF,1677626,original
nueva-chicago-1584-24961,24961,nueva-chicago-1584,Nueva Chicago,Malinowski,Gustavo Ariel MALINOWSKI,0,False,Portero,GK,Portero,64,64,67,64,64,64,10,13,10,9,9,66,1975-10-14,22,Argentina,Argentina,Capital Federal,178,72,,,,12,blanco,rubio,EQ003003.PKF,1677750,original
nueva-chicago-1584-24963,24963,nueva-chicago-1584,Nueva Chicago,Frangella,Flavio Juan FRANGELLA,0,False,Portero,GK,Portero,65,65,66,64,63,69,16,19,14,17,13,70,1975-03-07,23,Argentina,Argentina,Capital Federal,178,72,,,,1,blanco,moreno,EQ003003.PKF,1677937,original
nueva-chicago-1584-27614,27614,nueva-chicago-1584,Nueva Chicago,Yriarte,Christian F. YRIARTE,1,False,Defensa,DF,Central derecho,64,64,66,65,62,65,52,66,64,55,69,19,1974-07-08,23,Argentina,Argentina,Lanús (BA),,,,,,4,blanco,moreno,EQ003003.PKF,1678124,original
nueva-chicago-1584-27615,27615,nueva-chicago-1584,Nueva Chicago,Orellano,Ariel Gustavo ORELLANO,1,False,Defensa,DF,Lateral izquierdo,64,64,68,62,59,67,57,66,66,53,68,19,1975-12-07,22,Argentina,Argentina,Mendoza,,,,,,3,blanco,moreno,EQ003003.PKF,1678251,original
nueva-chicago-1584-27616,27616,nueva-chicago-1584,Nueva Chicago,Meloño,Alejanfro G. MELOÑO,1,False,Defensa,DF,Central derecho,63,63,65,62,64,61,54,58,65,59,65,19,1977-07-27,20,Uruguay,Uruguay,Montevideo,,,,,,20,blanco,moreno,EQ003003.PKF,1678378,original
nueva-chicago-1584-27617,27617,nueva-chicago-1584,Nueva Chicago,Kloker,René Carlos KLOKER,1,False,Defensa,DF,Central derecho,63,63,63,63,64,64,60,63,63,58,62,19,1971-01-07,27,Argentina,Argentina,José C. Paz,,,,,,2,blanco,moreno,EQ003003.PKF,1678504,original
nueva-chicago-1584-27618,27618,nueva-chicago-1584,Nueva Chicago,Gamarra,Germán F. GAMARRA,1,False,Defensa,DF,Lateral izquierdo,63,63,64,64,61,65,52,57,62,57,64,19,1977-02-12,21,Argentina,Argentina,Rosario (SF),,,,,,19,blanco,moreno,EQ003003.PKF,1678632,original
nueva-chicago-1584-27619,27619,nueva-chicago-1584,Nueva Chicago,Cioffi,Pablo Daniel CIOFFI,1,False,Defensa,DF,Lateral izquierdo,61,61,67,64,51,64,56,58,57,57,69,19,1977-02-06,21,Argentina,Argentina,Capital Federal,,,,,,18,blanco,moreno,EQ003003.PKF,1678759,original
nueva-chicago-1584-27620,27620,nueva-chicago-1584,Nueva Chicago,Castellanos,Damián J. CASTELLANOS,1,False,Defensa,DF,Central derecho,63,63,67,59,66,63,52,61,62,50,63,19,1976-08-12,21,Argentina,Argentina,Capital Federal,,,,,,17,blanco,moreno,EQ003003.PKF,1678889,original
nueva-chicago-1584-27621,27621,nueva-chicago-1584,Nueva Chicago,Borda,Ariel Estebán BORDA,1,False,Defensa,DF,Lateral derecho,63,63,62,64,63,65,56,65,55,54,64,19,1979-05-25,19,Argentina,Argentina,Santa Fe,,,,,,24,blanco,moreno,EQ003003.PKF,1679021,original
nueva-chicago-1584-27622,27622,nueva-chicago-1584,Nueva Chicago,Benito,Félix Leonardo BENITO,1,False,Defensa,DF,Central izquierdo,62,62,64,62,61,61,49,54,51,53,66,19,1978-01-20,20,Argentina,Argentina,Capital Federal,,,,,,25,blanco,moreno,EQ003003.PKF,1679139,original
nueva-chicago-1584-24969,24969,nueva-chicago-1584,Nueva Chicago,Figini,Fernando Juan FIGINI,0,False,Defensa,DF,Central izquierdo,66,66,66,65,66,68,52,56,56,54,71,19,1975-07-26,22,Argentina,Argentina,Capital Federal,176,65,,,,6,blanco,moreno,EQ003003.PKF,1679272,original
nueva-chicago-1584-27623,27623,nueva-chicago-1584,Nueva Chicago,Tonelotto,Luis Francisco TONELOTTO,1,False,Delantero,FW,Delantero centro,64,64,68,64,60,67,68,68,69,71,55,19,1976-04-13,22,Argentina,Argentina,C. del Uruguay,,,,,,9,blanco,moreno,EQ003003.PKF,1679456,original
nueva-chicago-1584-27624,27624,nueva-chicago-1584,Nueva Chicago,Leiga,Roberto Héctor LEIGA,1,False,Delantero,FW,Delantero centro,65,65,66,62,63,69,67,68,68,63,57,19,1971-06-03,27,Argentina,Argentina,Capital Federal,,,,,,8,blanco,moreno,EQ003003.PKF,1679596,original
nueva-chicago-1584-27625,27625,nueva-chicago-1584,Nueva Chicago,Enrique,Mauro ENRIQUE,1,False,Portero,GK,Extremo izquierdo,62,62,65,61,63,61,55,63,63,59,54,19,1979-07-27,18,Argentina,Argentina,La Matanza (BA),,,,,,23,blanco,moreno,EQ003003.PKF,1679726,original
nueva-chicago-1584-27626,27626,nueva-chicago-1584,Nueva Chicago,Canio,Sebastián Héctor CANIO,1,False,Delantero,FW,Extremo derecho,63,63,66,60,64,63,61,66,64,59,45,38,1977-12-08,20,Argentina,Argentina,La Matanza (BA),,,,,,14,blanco,moreno,EQ003003.PKF,1679850,original
nueva-chicago-1584-24978,24978,nueva-chicago-1584,Nueva Chicago,Jesús,Rubén Ariel JESUS,0,False,Delantero,FW,Extremo derecho,60,60,69,66,53,55,43,45,44,46,47,12,1974-06-06,24,Argentina,Argentina,Capital Federal,175,77,,,,10,blanco,moreno,EQ003003.PKF,1679982,original
nueva-chicago-1584-27627,27627,nueva-chicago-1584,Nueva Chicago,Unzurrunzaga,Fabián M. UNZURRUNZAGA,1,False,Medio,MF,Interior izquierdo,63,63,66,63,63,63,62,64,62,59,63,19,1980-02-10,18,Argentina,Argentina,La Tablada (BA),,,,,,16,blanco,moreno,EQ003003.PKF,1680174,original
nueva-chicago-1584-27628,27628,nueva-chicago-1584,Nueva Chicago,Romero,Orlando Enrique ROMERO,1,False,Medio,MF,Medio centro defensivo,66,66,65,65,63,72,64,64,72,54,60,19,1967-07-21,30,Argentina,Argentina,Lanús (BA),,,,,,5,blanco,moreno,EQ003003.PKF,1680312,original
nueva-chicago-1584-27629,27629,nueva-chicago-1584,Nueva Chicago,López,Cristián Daniel LÓPEZ,1,False,Medio,MF,Interior derecho,62,62,63,62,61,62,59,64,63,61,57,19,1979-03-12,19,Argentina,Argentina,Capital Federal,,,,,,21,blanco,moreno,EQ003003.PKF,1680444,original
nueva-chicago-1584-27630,27630,nueva-chicago-1584,Nueva Chicago,Hernández,Diego Javier HERNÁNDEZ,1,False,Medio,MF,Interior derecho,62,62,63,63,61,63,54,57,62,55,66,19,1979-05-21,19,Argentina,Argentina,La Tablada (BA),,,,,,15,blanco,moreno,EQ003003.PKF,1680574,original
nueva-chicago-1584-27631,27631,nueva-chicago-1584,Nueva Chicago,Filosa,Claudio Gustavo FILOSA,1,False,Medio,MF,Interior izquierdo,65,65,63,64,68,66,63,65,64,64,57,19,1972-06-13,26,Argentina,Argentina,Quilmes,,,,,,7,blanco,moreno,EQ003003.PKF,1680710,original
nueva-chicago-1584-27632,27632,nueva-chicago-1584,Nueva Chicago,Casiano,Leonel Alberto CASIANO,1,False,Medio,MF,Media punta por el centro,66,66,69,67,58,70,67,70,73,66,55,19,1963-06-05,35,Argentina,Argentina,La Plata (BA),,,,,,11,blanco,moreno,EQ003003.PKF,1680834,original
nueva-chicago-1584-27633,27633,nueva-chicago-1584,Nueva Chicago,Caballero,Jorge Antonio CABALLERO,1,False,Medio,MF,Centrocampista derecha,63,63,64,65,62,63,62,64,63,62,58,19,1969-01-21,29,Argentina,Argentina,Resistencia,,,,,,13,blanco,moreno,EQ003003.PKF,1680974,original
instituto-cba-1690-25758,25758,instituto-cba-1690,Instituto (Cba),Caranta,Mauricio Ariel CARANTA,1,False,Portero,GK,Portero,51,51,52,48,50,54,5,8,15,10,46,57,1978-07-31,19,Argentina,Argentina,Bell Ville (Córdoba),,,,,,22,blanco,moreno,EQ003003.PKF,1681678,original
instituto-cba-1690-24989,24989,instituto-cba-1690,Instituto (Cba),Cabrera,Roberto Pablo CABRERA,0,False,Portero,GK,Portero,56,56,57,56,56,55,4,9,20,15,44,58,1969-06-20,29,Argentina,Argentina,Rosario (SF),178,72,,,,1,blanco,moreno,EQ003003.PKF,1681817,original
instituto-cba-1690-24990,24990,instituto-cba-1690,Instituto (Cba),J. Klimowicz,Javier Hernán KLIMOWICZ,0,False,Portero,GK,Portero,57,57,58,56,58,59,10,8,17,13,48,55,1977-03-10,21,Argentina,Argentina,Quilmes (Buenos Aires),178,72,,,,12,blanco,moreno,EQ003003.PKF,1681993,original
instituto-cba-1690-25759,25759,instituto-cba-1690,Instituto (Cba),Álvarez,Aníbal Ezequiel ÁLVAREZ,1,False,Defensa,DF,Lateral izquierdo,52,52,56,53,47,53,55,54,48,57,52,19,1975-08-14,22,Argentina,Argentina,Córdoba,,,,,,24,blanco,castano,EQ003003.PKF,1682195,original
instituto-cba-1690-25760,25760,instituto-cba-1690,Instituto (Cba),Rodríguez,José Guillermo RODRÍGUEZ,1,False,Defensa,DF,Central derecho,52,52,57,49,50,53,50,49,58,56,58,19,1977-08-24,20,Argentina,Argentina,Córdoba,,,,,,18,blanco,castano,EQ003003.PKF,1682322,original
instituto-cba-1690-25761,25761,instituto-cba-1690,Instituto (Cba),Fernández,José Manuel FERNÁNDEZ,1,False,Defensa,DF,Central derecho,53,53,54,51,54,56,59,51,56,57,53,19,1972-04-10,26,Argentina,Argentina,Resistencia (Chaco),,,,,,13,blanco,castano,EQ003003.PKF,1682452,original
instituto-cba-1690-25762,25762,instituto-cba-1690,Instituto (Cba),Moyano,Leonardo Javier MOYANO,1,False,Defensa,DF,Central izquierdo,54,54,55,56,52,53,55,51,58,48,56,19,1977-05-26,21,Argentina,Argentina,Córdoba,,,,,,5,blanco,castano,EQ003003.PKF,1682599,original
instituto-cba-1690-25763,25763,instituto-cba-1690,Instituto (Cba),Galarza,Ramón Humberto GALARZA,1,False,Defensa,DF,Central derecho,53,53,53,55,51,55,48,53,55,51,53,19,1971-09-23,26,Argentina,Argentina,San Miguel (Tucumán),,,,,,4,blanco,castano,EQ003003.PKF,1682724,original
instituto-cba-1690-17430,17430,instituto-cba-1690,Instituto (Cba),Guerrero,José Orlando GUERRERO,19,False,Defensa,DF,Lateral derecho,77,77,78,76,79,76,67,61,66,65,62,13,1972-12-14,25,Argentina,Argentina,Córdoba,176,65,,,,2,blanco,moreno,EQ003003.PKF,1682872,original
instituto-cba-1690-24993,24993,instituto-cba-1690,Instituto (Cba),Alarcón,Diego Fernando ALARCON,0,False,Defensa,DF,Lateral izquierdo,54,54,57,55,53,54,54,55,51,55,59,19,1976-08-09,21,Argentina,Argentina,Córdoba,176,65,,,,3,blanco,moreno,EQ003003.PKF,1684447,original
instituto-cba-1690-25764,25764,instituto-cba-1690,Instituto (Cba),Dignani,Gabriel Romeo DIGNANI,1,False,Medio,MF,Extremo derecho,51,51,52,50,46,56,53,54,49,59,55,19,1978-09-07,19,Argentina,Argentina,Pascana (Córdoba),,,,,,21,blanco,castano,EQ003003.PKF,1684628,original
instituto-cba-1690-25765,25765,instituto-cba-1690,Instituto (Cba),Moratalla,Lucas Daniel MORATALLA,1,False,Medio,MF,Centrocampista derecha,54,54,57,51,55,53,52,48,53,54,59,19,1979-12-06,18,Argentina,Argentina,Córdoba,,,,,,20,blanco,castano,EQ003003.PKF,1684763,original
instituto-cba-1690-25766,25766,instituto-cba-1690,Instituto (Cba),Rimoldi,Lucas Roberto RIMOLDI,1,False,Medio,MF,Centrocampista izquierda,51,51,53,50,49,55,52,51,57,49,55,19,1980-02-07,18,Argentina,Argentina,Córdoba,,,,,,19,blanco,moreno,EQ003003.PKF,1684891,original
instituto-cba-1690-25767,25767,instituto-cba-1690,Instituto (Cba),Buján,Hernán Leonel BUJÁN,1,False,Medio,MF,Media punta izquierda,54,54,53,55,52,56,49,55,50,52,54,19,1974-12-05,23,Argentina,Argentina,Capital Federal,,,,,,16,blanco,moreno,EQ003003.PKF,1685016,original
instituto-cba-1690-25768,25768,instituto-cba-1690,Instituto (Cba),Risio,Silvio David RISIO,1,False,Medio,MF,Media punta por el centro,53,53,53,51,53,58,54,58,55,59,55,19,1971-06-09,27,Argentina,Argentina,Bulnes (Córdoba),,,,,,15,blanco,moreno,EQ003003.PKF,1685144,original
instituto-cba-1690-25769,25769,instituto-cba-1690,Instituto (Cba),Alaniz,Oscar Daniel ALANIZ,1,False,Medio,MF,Medio centro organizador,53,53,53,52,54,56,58,49,52,57,54,19,1971-07-04,26,Argentina,Argentina,Mendoza,,,,,,6,blanco,moreno,EQ003003.PKF,1685275,original
instituto-cba-1690-25001,25001,instituto-cba-1690,Instituto (Cba),Felicia,Damián Roberto FELICIA,0,False,Medio,MF,Medio centro defensivo,56,56,59,56,55,56,53,55,60,58,55,19,1980-10-16,17,Argentina,Argentina,Córdoba,188,81,,,,14,blanco,moreno,EQ003003.PKF,1685407,original
instituto-cba-1690-25002,25002,instituto-cba-1690,Instituto (Cba),J. López,Javier Oscar LOPEZ,0,False,Medio,MF,Interior derecho,54,54,55,54,53,55,53,55,53,59,57,19,1966-03-23,32,Argentina,Argentina,Santa Fé,175,77,,,,8,blanco,rubio,EQ003003.PKF,1685588,original
instituto-cba-1690-25007,25007,instituto-cba-1690,Instituto (Cba),Maldonado,Raúl Horacio MALDONADO,0,False,Medio,MF,Media punta por el centro,53,53,55,54,53,53,56,54,53,57,56,19,1975-03-11,23,Argentina,Argentina,Córdoba,179,76,,,,10,blanco,moreno,EQ003003.PKF,1685770,original
instituto-cba-1690-25770,25770,instituto-cba-1690,Instituto (Cba),Brizuela,Lucas Ezequiel BRIZUELA,1,False,Delantero,FW,Extremo izquierdo,51,51,55,50,47,52,54,59,49,55,51,19,1979-08-28,18,Argentina,Argentina,Córdoba,,,,,,25,blanco,castano,EQ003003.PKF,1685964,original
instituto-cba-1690-25771,25771,instituto-cba-1690,Instituto (Cba),Castro,Fernando Eduardo CASTRO,1,False,Delantero,FW,Delantero centro,54,54,53,50,57,56,58,52,54,59,54,19,1969-08-22,28,Argentina,Argentina,Capital Federal,,,,,,23,blanco,moreno,EQ003003.PKF,1686092,original
instituto-cba-1690-25772,25772,instituto-cba-1690,Instituto (Cba),O. Lupo,Dante Gerardo O. LUPO,1,False,Delantero,FW,Delantero centro,54,54,53,51,57,57,51,54,53,56,53,19,1980-08-12,17,Argentina,Argentina,Rufino (Santa Fe),,,,,,17,blanco,castano,EQ003003.PKF,1686229,original
instituto-cba-1690-25773,25773,instituto-cba-1690,Instituto (Cba),Cavalleris,Fabio Darío CAVALLERIS,1,False,Delantero,FW,Delantero centro,53,53,58,52,50,52,57,53,49,53,55,19,1972-11-16,25,Argentina,Argentina,San Francisco (Córdoba),,,,,,7,blanco,moreno,EQ003003.PKF,1686364,original
instituto-cba-1690-25012,25012,instituto-cba-1690,Instituto (Cba),Pagani,Rodolfo Luis PAGANI,0,False,Delantero,FW,Delantero centro,54,54,55,54,56,54,62,54,57,59,56,19,1973-08-02,24,Argentina,Argentina,Córdoba,179,76,,,,9,blanco,moreno,EQ003003.PKF,1686518,original
instituto-cba-1690-25014,25014,instituto-cba-1690,Instituto (Cba),Sarriá,Claudio Romualdo SARRÍA,0,False,Delantero,FW,Extremo izquierdo,54,54,54,53,55,54,57,62,53,58,57,19,1975-08-10,22,Argentina,Argentina,Córdoba,175,71,,,,11,blanco,moreno,EQ003003.PKF,1686697,original
quilmes-1649-26569,26569,quilmes-1649,Quilmes,Sciuti,Daniel Ángle SCIUTI,1,False,Portero,GK,Portero,65,65,67,66,63,65,12,13,20,10,17,66,1976-09-10,21,Argentina,Argentina,Balcarce (BA),,,,,,21,blanco,moreno,EQ003003.PKF,1687451,original
quilmes-1649-26570,26570,quilmes-1649,Quilmes,Lema,Gustavo Alberto LEMA,1,False,Portero,GK,Portero,66,66,70,66,62,69,12,17,27,20,24,71,1978-11-01,19,Argentina,Argentina,Capital Federal,,,,,,1,blanco,moreno,EQ003003.PKF,1687579,original
quilmes-1649-25019,25019,quilmes-1649,Quilmes,Fazio,Gerardo César FAZIO,0,False,Portero,GK,Portero,66,66,68,66,65,67,9,13,16,18,21,68,1974-01-25,24,Argentina,Argentina,Quilmes,178,72,,,,12,blanco,moreno,EQ003003.PKF,1687711,original
quilmes-1649-26571,26571,quilmes-1649,Quilmes,Meske,Hernán Carlos MESKE,1,False,Defensa,DF,Central derecho,65,65,64,64,68,65,54,57,60,52,71,19,1969-02-13,29,Argentina,Argentina,Capital Federal,,,,,,19,blanco,moreno,EQ003003.PKF,1687885,original
quilmes-1649-26572,26572,quilmes-1649,Quilmes,Lemos,Leonardo Rodolfo LEMOS,1,False,Defensa,DF,Lateral izquierdo,66,66,68,69,62,67,55,57,60,55,68,19,1977-06-08,21,Argentina,Argentina,Quilmes (BA),,,,,,18,blanco,moreno,EQ003003.PKF,1688016,original
quilmes-1649-26573,26573,quilmes-1649,Quilmes,Guaymas,Christian GUAYMAS,1,False,Defensa,DF,Lateral derecho,66,66,67,65,66,67,64,66,66,55,69,19,1977-11-19,20,Argentina,Argentina,Capital Federal,,,,,,15,blanco,moreno,EQ003003.PKF,1688145,original
quilmes-1649-25022,25022,quilmes-1649,Quilmes,Nicastro,Daniel Eduardo NICASTRO,0,False,Defensa,DF,Lateral derecho,67,67,68,66,67,68,66,68,69,56,67,19,1974-05-27,24,Argentina,Argentina,San Martín (BA),176,65,,,,13,blanco,castano,EQ003003.PKF,1688274,original
quilmes-1649-25024,25024,quilmes-1649,Quilmes,Velázquez,Luis Rolando VELAZQUEZ,0,False,Defensa,DF,Lateral izquierdo,67,67,68,67,68,68,52,67,68,66,68,19,1972-07-25,25,Argentina,Argentina,Quilmes,174,66,,,,3,blanco,moreno,EQ003003.PKF,1688456,original
quilmes-1649-25026,25026,quilmes-1649,Quilmes,Nis,Omar Eduardo NIS,0,False,Defensa,DF,Lateral izquierdo,63,63,68,65,55,67,56,66,64,55,69,19,1975-07-27,22,Argentina,Argentina,San Fco. Solano (BA),176,65,,,,20,blanco,moreno,EQ003003.PKF,1688637,original
quilmes-1649-25027,25027,quilmes-1649,Quilmes,Morello,Norberto Martín MORELLO,0,False,Defensa,DF,Libre,66,66,68,66,64,68,54,56,66,60,67,19,1977-03-16,21,Argentina,Argentina,Mar del Plata (BA),186,76,,,,4,blanco,moreno,EQ003003.PKF,1688819,original
quilmes-1649-26574,26574,quilmes-1649,Quilmes,Sever,Gustavo César SEVER,1,False,Medio,MF,Centrocampista derecha,64,64,64,63,63,66,54,64,65,55,59,19,1980-08-01,17,Argentina,Argentina,Quilmes (BA),,,,,,22,blanco,moreno,EQ003003.PKF,1689010,original
quilmes-1649-26575,26575,quilmes-1649,Quilmes,Marini,Adrián Claudio MARINI,1,False,Medio,MF,Interior izquierdo,62,62,67,69,50,65,61,65,66,57,56,19,1972-10-14,25,Argentina,Argentina,Santa Fé,,,,,,23,blanco,moreno,EQ003003.PKF,1689136,original
quilmes-1649-26576,26576,quilmes-1649,Quilmes,Giampetri,Adrián G. GIAMPETRI,1,False,Medio,MF,Centrocampista derecha,68,68,69,69,67,69,70,68,69,68,64,19,1979-02-22,19,Argentina,Argentina,La Plata (BA),,,,,,8,blanco,moreno,EQ003003.PKF,1689270,original
quilmes-1649-26577,26577,quilmes-1649,Quilmes,Claut,Javier Orlando CLAUT,1,False,Medio,MF,Centrocampista izquierda,65,65,65,66,64,68,66,68,63,66,57,19,1970-06-08,28,Argentina,Argentina,Capital Federal,,,,,,6,blanco,moreno,EQ003003.PKF,1689401,original
quilmes-1649-26578,26578,quilmes-1649,Quilmes,Catán,Sergio Armando CATÁN,1,False,Medio,MF,Centrocampista derecha,67,67,68,68,66,68,66,66,68,63,55,19,1974-12-29,23,Argentina,Argentina,Gral. Belgrano,,,,,,25,blanco,moreno,EQ003003.PKF,1689526,original
quilmes-1649-25503,25503,quilmes-1649,Quilmes,Terés,Damián Pablo TERÉS,0,False,Medio,MF,Medio centro defensivo,72,72,72,74,73,72,66,68,69,59,68,19,1976-03-26,22,Argentina,Argentina,Marcos Juarez (Cba),170,74,,,,5,blanco,moreno,EQ003003.PKF,1689659,original
quilmes-1649-25031,25031,quilmes-1649,Quilmes,Colombo,Leonardo Javier COLOMBO,0,False,Medio,MF,Media punta por el centro,65,65,68,65,63,67,65,66,68,65,57,19,1970-02-16,28,Argentina,Argentina,Cañuelas (BA),175,77,,,,10,blanco,moreno,EQ003003.PKF,1690852,original
quilmes-1649-25032,25032,quilmes-1649,Quilmes,Galarza,Roberto Carlos GALARZA,0,False,Defensa,DF,Central derecho,67,67,68,67,66,68,58,66,66,64,68,19,1975-05-03,23,Argentina,Argentina,Avellaneda,178,73,,,,2,blanco,moreno,EQ003003.PKF,1691043,original
quilmes-1649-26579,26579,quilmes-1649,Quilmes,Torres,Cristian Gabriel TORRES,1,False,Delantero,FW,Delantero centro,65,65,67,63,66,67,64,67,65,67,55,19,1975-08-28,22,Argentina,Argentina,Santa Fe,,,,,,17,blanco,moreno,EQ003003.PKF,1691215,original
quilmes-1649-26580,26580,quilmes-1649,Quilmes,Tagliani,Nicolás Martín TAGLIANI,1,False,Delantero,FW,Delantero centro,68,68,70,67,66,69,71,69,69,71,56,19,1975-01-30,23,Argentina,Argentina,Lomas de Zamora,,,,,,7,blanco,pelirrojo,EQ003003.PKF,1691337,original
quilmes-1649-26581,26581,quilmes-1649,Quilmes,Figueroa,Darío Damían FIGUEROA,1,False,Delantero,FW,Extremo derecho,67,67,68,68,67,67,65,67,65,65,56,19,1978-02-13,20,Argentina,Argentina,Mendoza,,,,,,24,blanco,moreno,EQ003003.PKF,1691477,original
quilmes-1649-26582,26582,quilmes-1649,Quilmes,Cenci,Matías Esteban CENCI,1,False,Delantero,FW,Extremo izquierdo,67,67,68,68,66,68,66,68,68,70,59,19,1978-02-12,20,Argentina,Argentina,Quilmes (BA),,,,,,11,blanco,moreno,EQ003003.PKF,1691598,original
quilmes-1649-26583,26583,quilmes-1649,Quilmes,Bermegui,Juan Carlos BERMEGUI,1,False,Delantero,FW,Delantero centro,67,67,69,70,58,71,73,69,63,77,53,19,1968-11-03,29,Argentina,Argentina,Colonia Canchay,,,,,,9,blanco,moreno,EQ003003.PKF,1691725,original
quilmes-1649-25035,25035,quilmes-1649,Quilmes,Romero,Alfredo Arnaldo ROMERO,0,False,Delantero,FW,Extremo derecho,66,66,69,65,66,67,64,66,65,60,57,19,1977-05-16,21,Argentina,Argentina,Fcio. Varela (BA),176,65,,,,16,blanco,moreno,EQ003003.PKF,1691862,original
quilmes-1649-25036,25036,quilmes-1649,Quilmes,Neto,Matías Emiliano NETO,0,False,Medio,MF,Media punta por el centro,67,67,68,67,66,67,57,67,63,64,57,19,1977-06-08,21,Argentina,Argentina,Mar del Plata (BA),175,71,,,,14,blanco,moreno,EQ003003.PKF,1692052,original
douglas-haig-1465-25854,25854,douglas-haig-1465,Douglas Haig,Escalera,Héctor Osvaldo ESCALERA,1,False,Portero,GK,Portero,53,53,55,53,51,55,7,8,16,12,51,57,1976-05-04,22,Argentina,Argentina,Pergamino (Buenos Aires),,,,,,20,blanco,moreno,EQ003003.PKF,1692820,original
douglas-haig-1465-25855,25855,douglas-haig-1465,Douglas Haig,Dalsasso,Gustavo Tulio DALSASSO,1,False,Portero,GK,Portero,54,54,53,50,58,56,7,10,18,13,45,57,1976-09-25,21,Argentina,Argentina,Villa Regina (Río Negro),,,,,,17,blanco,moreno,EQ003003.PKF,1692969,original
douglas-haig-1465-25038,25038,douglas-haig-1465,Douglas Haig,Borro,Lucas Darío BORRO,0,False,Portero,GK,Portero,58,58,59,58,57,59,5,7,17,8,42,57,1975-03-31,23,Argentina,Argentina,Guerrico (Buenos Aires),178,72,,,,12,blanco,moreno,EQ003003.PKF,1693115,original
douglas-haig-1465-25039,25039,douglas-haig-1465,Douglas Haig,Perassi,José Felipe PERASSI,0,False,Portero,GK,Portero,58,58,59,58,57,59,4,7,18,15,53,58,1956-09-28,41,Argentina,Argentina,Corral de Bustos (Cba),178,72,,,,1,blanco,moreno,EQ003003.PKF,1693304,original
douglas-haig-1465-25856,25856,douglas-haig-1465,Douglas Haig,Cerro,Diego Enrique CERRO,1,False,Defensa,DF,Lateral derecho,52,52,53,52,50,55,53,50,54,52,56,19,1968-08-23,29,Argentina,Argentina,Rosario (Santa Fe),,,,,,19,blanco,moreno,EQ003003.PKF,1693497,original
douglas-haig-1465-25857,25857,douglas-haig-1465,Douglas Haig,Loza,César Daniel LOZA,1,False,Defensa,DF,Central derecho,51,51,53,50,47,55,57,53,50,55,50,19,1971-10-30,26,Argentina,Argentina,Córdoba,,,,,,13,blanco,moreno,EQ003003.PKF,1693629,original
douglas-haig-1465-25041,25041,douglas-haig-1465,Douglas Haig,Canelo,Daniel Humberto CANELO,0,False,Defensa,DF,Lateral derecho,56,56,59,57,55,56,53,51,53,55,52,19,1968-06-25,30,Argentina,Argentina,Rosario (SF),176,65,,,,2,blanco,moreno,EQ003003.PKF,1693742,original
douglas-haig-1465-25043,25043,douglas-haig-1465,Douglas Haig,R. Gómez,Rubén Darío GOMEZ,0,False,Defensa,DF,Lateral derecho,56,56,59,57,55,56,51,46,55,53,54,19,1961-09-07,36,Argentina,Argentina,Adrogué (BA),176,65,,,,4,blanco,rubio,EQ003003.PKF,1693926,original
douglas-haig-1465-25044,25044,douglas-haig-1465,Douglas Haig,Cantoni,Enrique Horacio CANTONI,0,False,Defensa,DF,Central izquierdo,54,54,58,56,53,52,58,53,51,60,55,19,1969-03-03,29,Argentina,Argentina,Pergamino (BA),176,65,,,,6,blanco,moreno,EQ003003.PKF,1694099,original
douglas-haig-1465-25858,25858,douglas-haig-1465,Douglas Haig,Nigro,Fabio Héctor NIGRO,1,False,Medio,MF,Interior derecho,49,49,49,45,48,55,46,56,50,53,53,19,1965-12-29,32,Argentina,Argentina,Junín (Buenos Aires),,,,,,18,blanco,castano,EQ003003.PKF,1694288,original
douglas-haig-1465-25859,25859,douglas-haig-1465,Douglas Haig,Rosello,Rubén José ROSELLO,1,False,Medio,MF,Centrocampista izquierda,49,49,53,49,46,51,54,49,56,52,56,19,1964-05-24,34,Argentina,Argentina,Pergamino (Buenos Aires),,,,,,21,blanco,moreno,EQ003003.PKF,1694416,original
douglas-haig-1465-25860,25860,douglas-haig-1465,Douglas Haig,Peralta,Fabián Orlando PERALTA,1,False,Medio,MF,Interior derecho,52,52,55,53,49,54,52,53,56,54,58,19,1974-06-03,24,Argentina,Argentina,Rosario (Santa Fe),,,,,,14,blanco,moreno,EQ003003.PKF,1694557,original
douglas-haig-1465-25861,25861,douglas-haig-1465,Douglas Haig,Sepúlveda,César A. SEPÚLVEDA,1,False,Medio,MF,Media punta derecha,52,52,54,52,51,53,56,55,61,55,54,19,1977-04-04,21,Argentina,Argentina,Bahía Blanca (Buenos Aires),,,,,,8,blanco,castano,EQ003003.PKF,1694698,original
douglas-haig-1465-25050,25050,douglas-haig-1465,Douglas Haig,Lamadrid,Hugo Humberto LAMADRID,0,False,Medio,MF,Medio centro defensivo,55,55,57,55,54,54,51,44,58,52,53,7,1966-03-08,32,Argentina,Argentina,Capital Federal,186,76,,,,5,blanco,rubio,EQ003003.PKF,1694850,original
douglas-haig-1465-25051,25051,douglas-haig-1465,Douglas Haig,D'Amore,Silvio D'AMORE,0,False,Medio,MF,Interior izquierdo,56,56,59,56,55,56,50,57,55,50,47,19,1970-10-17,27,Argentina,Argentina,Pergamino (BA),188,81,,,,11,blanco,moreno,EQ003003.PKF,1695026,original
douglas-haig-1465-25053,25053,douglas-haig-1465,Douglas Haig,Sahud,Diego Abel SAHUD,0,False,Medio,MF,Centrocampista derecha,55,55,55,56,53,57,52,54,49,50,45,19,1967-06-30,31,Argentina,Argentina,Pergamino (BA),175,77,,,,3,blanco,moreno,EQ003003.PKF,1695206,original
douglas-haig-1465-25862,25862,douglas-haig-1465,Douglas Haig,Rodríguez,Claudio L. RODRÍGUEZ,1,False,Delantero,FW,Delantero centro,52,52,54,57,48,51,57,53,56,60,59,19,1969-02-03,29,Argentina,Argentina,Stgo. del Estero,,,,,,15,blanco,castano,EQ003003.PKF,1695374,original
douglas-haig-1465-25863,25863,douglas-haig-1465,Douglas Haig,Silva,Héctor Ariel SILVA,1,False,Delantero,FW,Media punta derecha,52,52,55,49,51,54,57,51,55,58,56,19,1976-01-17,22,Argentina,Argentina,Santa Fe,,,,,,10,blanco,moreno,EQ003003.PKF,1695517,original
douglas-haig-1465-25864,25864,douglas-haig-1465,Douglas Haig,Alianello,Julián Martín ALIANELLO,1,False,Delantero,FW,Delantero centro,53,53,55,53,51,54,55,52,58,53,52,19,1977-03-13,21,Argentina,Argentina,Chivilcoy (Buenos Aires),,,,,,9,blanco,moreno,EQ003003.PKF,1695633,original
douglas-haig-1465-25865,25865,douglas-haig-1465,Douglas Haig,Rojas,Sergio Rubén ROJAS,1,False,Delantero,FW,Extremo derecho,52,52,53,56,49,51,51,53,56,51,54,19,1973-11-08,24,Argentina,Argentina,Resistencia (Chaco),,,,,,7,blanco,moreno,EQ003003.PKF,1695776,original
douglas-haig-1465-25056,25056,douglas-haig-1465,Douglas Haig,Pelanda,José Luis PELANDA,0,False,Delantero,FW,Extremo derecho,54,54,53,54,55,55,57,54,51,57,53,19,1976-12-06,21,Argentina,Argentina,Rosario (Santa Fe),188,84,,,,16,blanco,moreno,EQ003003.PKF,1695912,original
atl-tucumán-1662-25711,25711,atl-tucumán-1662,Atl. Tucumán,Pardal,Nilton Edgard PARDAL,1,False,Portero,GK,Portero,52,52,48,56,52,54,7,9,15,4,46,56,1966-04-26,32,Argentina,Argentina,Rio Colorado (Rio Negro),,,,,,1,blanco,moreno,EQ003003.PKF,1696666,original
atl-tucumán-1662-25060,25060,atl-tucumán-1662,Atl. Tucumán,A. Jemio,Andrés Martín JEMIO Portugal,0,False,Portero,GK,Portero,68,68,70,68,68,67,11,8,15,14,39,53,1976-07-06,21,Argentina,Argentina,San Miguel de Tucumán,178,72,,,,12,blanco,moreno,EQ003003.PKF,1696804,original
atl-tucumán-1662-25712,25712,atl-tucumán-1662,Atl. Tucumán,Rimba,Miguel Angel RIMBA,1,False,Defensa,DF,Central derecho,65,65,66,73,60,63,55,45,54,53,54,19,1967-11-01,30,Bolivia,Bolivia,Riveralta,,,,,,20,blanco,moreno,EQ003003.PKF,1697006,original
atl-tucumán-1662-25713,25713,atl-tucumán-1662,Atl. Tucumán,Beltrán,Alfredo Antonio BELTRÁN,1,False,Defensa,DF,Central derecho,64,64,68,65,60,65,53,51,46,55,51,9,1973-11-15,24,Argentina,Argentina,Santiago del Estero,,,,,,17,blanco,moreno,EQ003003.PKF,1697130,original
atl-tucumán-1662-25714,25714,atl-tucumán-1662,Atl. Tucumán,Galoppo,Marcelino René GALOPPO,1,False,Defensa,DF,Central derecho,52,52,52,55,50,53,49,48,56,52,54,19,1970-05-08,28,Argentina,Argentina,Freyre (Córdoba),,,,,,5,blanco,moreno,EQ003003.PKF,1697279,original
atl-tucumán-1662-25063,25063,atl-tucumán-1662,Atl. Tucumán,Biasotto,Hernán Armando BIASOTTO,0,False,Defensa,DF,Central izquierdo,53,53,55,53,54,52,49,50,53,54,50,19,1972-10-20,25,Argentina,Argentina,Anquillo (Cba),176,65,,,,4,blanco,rubio,EQ003003.PKF,1697417,original
atl-tucumán-1662-25064,25064,atl-tucumán-1662,Atl. Tucumán,Dalmasso,Daniel Fabián DALMASSO,0,False,Defensa,DF,Lateral izquierdo,55,55,59,57,54,53,57,52,49,53,46,19,1965-11-24,32,Argentina,Argentina,Santa Fe,176,65,,,,3,blanco,moreno,EQ003003.PKF,1697610,original
atl-tucumán-1662-25067,25067,atl-tucumán-1662,Atl. Tucumán,Córdoba,Gustavo Alejandro CORDOBA,0,False,Defensa,DF,Lateral derecho,56,56,59,57,55,56,50,51,60,57,52,19,1975-02-08,23,Argentina,Argentina,Alderetes (TUC),176,65,,,,2,blanco,moreno,EQ003003.PKF,1697789,original
atl-tucumán-1662-25070,25070,atl-tucumán-1662,Atl. Tucumán,Cativa,Héctor Ricardo CATIVA,0,False,Defensa,DF,Lateral izquierdo,66,66,67,68,66,65,47,52,52,55,52,19,1969-11-25,28,Argentina,Argentina,San Miguel de Tucumán,176,65,,,,13,blanco,moreno,EQ003003.PKF,1697981,original
atl-tucumán-1662-25715,25715,atl-tucumán-1662,Atl. Tucumán,Martínez,José María MARTÍNEZ,1,False,Medio,MF,Interior derecho,62,62,65,62,58,64,51,53,57,46,51,19,1967-06-28,31,Argentina,Argentina,Chivilcoy (Buenos Aires),,,,,,21,blanco,moreno,EQ003003.PKF,1698164,original
atl-tucumán-1662-25716,25716,atl-tucumán-1662,Atl. Tucumán,Aredes,Raúl Heriberto AREDES,1,False,Medio,MF,Medio centro organizador,64,64,63,65,63,67,47,52,59,57,55,19,1965-12-15,32,Argentina,Argentina,San Miguel (Tucumán),,,,,,19,blanco,moreno,EQ003003.PKF,1698304,original
atl-tucumán-1662-25717,25717,atl-tucumán-1662,Atl. Tucumán,Fernández,Pablo César FERNÁNDEZ,1,False,Medio,MF,Centrocampista derecha,65,65,67,64,63,66,49,58,56,60,52,19,1971-06-04,27,Argentina,Argentina,La Plata (Buenos Aires),,,,,,18,blanco,castano,EQ003003.PKF,1698446,original
atl-tucumán-1662-25718,25718,atl-tucumán-1662,Atl. Tucumán,Amato,Mauro Javier AMATO,1,False,Medio,MF,Centrocampista izquierda,66,66,68,63,66,70,50,52,60,57,54,19,1973-12-19,24,Argentina,Argentina,La Plata (Buenos Aires),,,,,,15,blanco,moreno,EQ003003.PKF,1698591,original
atl-tucumán-1662-25719,25719,atl-tucumán-1662,Atl. Tucumán,San Román,José A. SAN ROMÁN,1,False,Medio,MF,Media punta derecha,67,67,73,66,63,66,51,52,57,56,52,19,1976-04-22,22,Argentina,Argentina,San Miguel (Tucumán),,,,,,14,blanco,moreno,EQ003003.PKF,1698735,original
atl-tucumán-1662-25720,25720,atl-tucumán-1662,Atl. Tucumán,Sosa,Néstor Hugo SOSA,1,False,Medio,MF,Centrocampista izquierda,54,54,57,58,49,53,55,54,58,49,57,11,1970-05-19,28,Argentina,Argentina,Río Hondo (Stgo. Del Estero),,,,,,10,blanco,castano,EQ003003.PKF,1698871,original
atl-tucumán-1662-25721,25721,atl-tucumán-1662,Atl. Tucumán,Clementz,Fernando R. CLEMENTZ,1,False,Medio,MF,Medio centro organizador,52,52,52,56,48,54,58,49,52,55,53,19,1971-04-27,27,Argentina,Argentina,Rafaela (Santa Fe),,,,,,6,blanco,moreno,EQ003003.PKF,1699019,original
atl-tucumán-1662-25076,25076,atl-tucumán-1662,Atl. Tucumán,R. Márquez,Ricardo D. MARQUEZ,0,False,Medio,MF,Medio centro defensivo,58,58,61,58,57,58,51,55,60,52,48,19,1977-04-02,21,Argentina,Argentina,San Miguel de Tucumán,188,81,,,,7,blanco,moreno,EQ003003.PKF,1699158,original
atl-tucumán-1662-25080,25080,atl-tucumán-1662,Atl. Tucumán,C. Ibañez,Carlos Ariel IBAÑEZ,0,False,Medio,MF,Centrocampista derecha,54,54,54,54,55,54,56,52,53,54,53,19,1975-04-27,23,Argentina,Argentina,Termas de Río Hondo (Sgo.del Estero),188,84,,,,8,blanco,moreno,EQ003003.PKF,1699352,original
atl-tucumán-1662-24842,24842,atl-tucumán-1662,Atl. Tucumán,D.Graieb,Diego Carlos GRAIEB,0,False,Delantero,FW,Extremo izquierdo,66,66,67,66,68,66,62,54,59,60,56,19,1974-06-08,24,Argentina,Argentina,Río Ceballos (Cba),179,76,,,,22,blanco,moreno,EQ003003.PKF,1699578,original
atl-tucumán-1662-25722,25722,atl-tucumán-1662,Atl. Tucumán,Díaz,Silvio Octavio DÍAZ,1,False,Delantero,FW,Extremo derecho,62,62,65,57,62,67,54,50,62,57,54,19,1978-03-28,20,Argentina,Argentina,Tafí Viejo (Tucumán),,,,,,16,blanco,castano,EQ003003.PKF,1699762,original
atl-tucumán-1662-25723,25723,atl-tucumán-1662,Atl. Tucumán,Czornomaz,Adrién Carlos CZORNOMAZ,1,False,Delantero,FW,Delantero centro,56,56,65,60,51,51,62,52,54,57,54,19,1968-04-30,30,Argentina,Argentina,Avellaneda (Buenos Aires),,,,,,9,blanco,moreno,EQ003003.PKF,1699896,original
atl-tucumán-1662-25083,25083,atl-tucumán-1662,Atl. Tucumán,F. Bustos,Fabián Daniel BUSTOS,0,False,Delantero,FW,Delantero centro,53,53,54,53,52,53,49,51,55,54,57,19,1969-03-28,29,Argentina,Argentina,Córdoba,176,65,,,,11,blanco,moreno,EQ003003.PKF,1700042,original
chacarita-jrs-1646-26532,26532,chacarita-jrs-1646,Chacarita Jrs.,Vivaldo,Jorge Antonio VIVALDO,1,False,Portero,GK,Portero,69,69,69,68,69,71,10,20,43,18,35,71,1967-02-18,31,Argentina,Argentina,Luján (BA),,,,,,1,blanco,moreno,EQ003003.PKF,1700822,original
chacarita-jrs-1646-25090,25090,chacarita-jrs-1646,Chacarita Jrs.,Anconetani,Albano ANCONETANI,0,False,Portero,GK,Portero,66,66,67,65,66,67,18,23,22,22,18,67,1976-03-06,22,Argentina,Argentina,San Martín (BA),178,72,,,,12,blanco,moreno,EQ003003.PKF,1700947,original
chacarita-jrs-1646-26533,26533,chacarita-jrs-1646,Chacarita Jrs.,Sciacqua,Leonardo H. SCIACQUA,1,False,Defensa,DF,Central derecho,68,68,69,68,67,68,59,60,66,58,71,19,1970-10-15,27,Argentina,Argentina,Santa Fé,,,,,,5,blanco,rubio,EQ003003.PKF,1701134,original
chacarita-jrs-1646-26534,26534,chacarita-jrs-1646,Chacarita Jrs.,Grothius,Ariel Alejandro GROTHIUS,1,False,Defensa,DF,Lateral derecho,66,66,64,63,68,69,59,56,64,56,68,19,1978-05-25,20,Argentina,Argentina,Capital Federal,,,,,,18,blanco,moreno,EQ003003.PKF,1701263,original
chacarita-jrs-1646-25092,25092,chacarita-jrs-1646,Chacarita Jrs.,Schiavi,Favio Hernán SCHIAVI,0,False,Defensa,DF,Libre,68,68,69,68,66,69,56,61,65,58,69,19,1970-11-09,27,Argentina,Argentina,Lincoln (BA),186,76,,,,2,blanco,moreno,EQ003003.PKF,1701395,original
chacarita-jrs-1646-25506,25506,chacarita-jrs-1646,Chacarita Jrs.,Pagés,Ricardo Hernán PAGES,0,False,Defensa,DF,Lateral izquierdo,72,72,77,71,70,72,59,60,67,58,76,19,1973-05-02,25,Argentina,Argentina,Capital Federal,175,74,,,,3,blanco,moreno,EQ003003.PKF,1701583,original
chacarita-jrs-1646-25094,25094,chacarita-jrs-1646,Chacarita Jrs.,Della Sala,Fernando DELLA SALA,0,False,Defensa,DF,Central izquierdo,67,67,70,67,65,69,54,60,63,53,70,19,1976-10-06,21,Argentina,Argentina,Villa del Dique (CBA),176,65,,,,4,blanco,moreno,EQ003003.PKF,1702837,original
chacarita-jrs-1646-26535,26535,chacarita-jrs-1646,Chacarita Jrs.,Rondina,Sergio Gabriel RONDINA,1,False,Medio,MF,Medio centro organizador,70,70,70,72,71,67,61,63,65,62,69,19,1971-11-03,26,Argentina,Argentina,S.A. de Padua (BA),,,,,,8,blanco,moreno,EQ003003.PKF,1703031,original
chacarita-jrs-1646-26536,26536,chacarita-jrs-1646,Chacarita Jrs.,Romero,Miguel S. ROMERO,1,False,Medio,MF,Interior izquierdo,64,64,68,62,60,69,58,60,65,62,69,19,1979-12-14,18,Argentina,Argentina,Florida (BA),,,,,,13,blanco,moreno,EQ003003.PKF,1703165,original
chacarita-jrs-1646-26537,26537,chacarita-jrs-1646,Chacarita Jrs.,Mignini,Mariano N. MIGNINI,1,False,Medio,MF,Medio centro organizador,67,67,70,60,68,71,65,68,71,66,57,19,1975-10-11,22,Argentina,Argentina,Mar del Plata (BA),,,,,,15,blanco,moreno,EQ003003.PKF,1703290,original
chacarita-jrs-1646-26538,26538,chacarita-jrs-1646,Chacarita Jrs.,Garay,José Atilio GARAY,1,False,Medio,MF,Medio centro organizador,68,68,69,67,68,69,64,66,72,57,64,19,1980-01-02,18,Argentina,Argentina,San Isidro (BA),,,,,,6,blanco,moreno,EQ003003.PKF,1703421,original
chacarita-jrs-1646-26539,26539,chacarita-jrs-1646,Chacarita Jrs.,Ferrero,Leonardo Javier FERRERO,1,False,Medio,MF,Centrocampista izquierda,65,65,66,65,64,67,56,65,63,62,59,19,1977-04-23,21,Argentina,Argentina,Capital Federal,,,,,,19,blanco,moreno,EQ003003.PKF,1703548,original
chacarita-jrs-1646-26540,26540,chacarita-jrs-1646,Chacarita Jrs.,Arias,Hipólito Marcelo ARIAS,1,False,Medio,MF,Centrocampista izquierda,65,65,66,65,65,67,56,66,65,59,57,19,1978-12-26,19,Argentina,Argentina,S. Justo (BA),,,,,,23,blanco,moreno,EQ003003.PKF,1703680,original
chacarita-jrs-1646-26541,26541,chacarita-jrs-1646,Chacarita Jrs.,Alé,Abdel Saíd ALÉ,1,False,Medio,MF,Interior izquierdo,63,63,66,64,59,65,57,67,67,57,57,19,1977-07-22,20,Argentina,Argentina,Capital Federal,,,,,,24,blanco,moreno,EQ003003.PKF,1703811,original
chacarita-jrs-1646-26542,26542,chacarita-jrs-1646,Chacarita Jrs.,Agüero,Eduardo Carlos AGÜERO,1,False,Medio,MF,Medio centro organizador,64,64,64,62,65,66,64,65,62,57,59,19,1979-08-16,18,Argentina,Argentina,Maipú (MZ),,,,,,25,blanco,moreno,EQ003003.PKF,1703928,original
chacarita-jrs-1646-25100,25100,chacarita-jrs-1646,Chacarita Jrs.,Boujon,Edgardo Fabio BOUJON,0,False,Medio,MF,Centrocampista izquierda,66,66,67,65,62,72,63,71,71,65,56,19,1967-06-15,31,Argentina,Argentina,Colón (Entre Ríos),175,77,,,,7,blanco,rubio,EQ003003.PKF,1704055,original
chacarita-jrs-1646-25105,25105,chacarita-jrs-1646,Chacarita Jrs.,Alex Rodríguez,Alex Gustavo RODRIGUEZ,0,False,Medio,MF,Media punta por el centro,67,67,69,69,61,69,69,70,70,64,57,19,1970-06-01,28,Uruguay,Uruguay,Montevideo (Uruguay),179,76,,,,9,blanco,moreno,EQ003003.PKF,1704235,original
chacarita-jrs-1646-25109,25109,chacarita-jrs-1646,Chacarita Jrs.,Otaño,Diego Roberto OTAÑO,0,False,Medio,MF,Medio centro defensivo,65,65,66,63,66,65,56,59,63,54,65,19,1975-04-01,23,Argentina,Argentina,Buenos Aires,182,76,,,,20,blanco,moreno,EQ003003.PKF,1704429,original
chacarita-jrs-1646-26543,26543,chacarita-jrs-1646,Chacarita Jrs.,Uliambre,Pedro Damián ULIAMBRE,1,False,Delantero,FW,Extremo izquierdo,66,66,68,66,64,68,69,68,67,55,51,19,1968-02-23,30,Argentina,Argentina,Gral. S. Martín (CH),,,,,,14,blanco,moreno,EQ003003.PKF,1704610,original
chacarita-jrs-1646-26544,26544,chacarita-jrs-1646,Chacarita Jrs.,Prado,Miguel Eduardo PRADO,1,False,Delantero,FW,Extremo derecho,69,69,68,70,69,70,73,71,70,69,55,19,1979-06-20,19,Argentina,Argentina,San Martín (BA),,,,,,11,blanco,moreno,EQ003003.PKF,1704744,original
chacarita-jrs-1646-26545,26545,chacarita-jrs-1646,Chacarita Jrs.,Islas,Pablo Eduardo ISLAS,1,False,Delantero,FW,Extremo derecho,68,68,69,68,66,69,65,67,69,66,58,19,1979-02-19,19,Argentina,Argentina,Capital Federal,,,,,,17,blanco,moreno,EQ003003.PKF,1704874,original
chacarita-jrs-1646-26546,26546,chacarita-jrs-1646,Chacarita Jrs.,Fernández,Daniel A. FERNÁNDEZ,1,False,Delantero,FW,Extremo derecho,66,66,67,66,65,67,65,66,68,56,54,19,1978-02-23,20,Argentina,Argentina,San Martín (BA),,,,,,16,blanco,moreno,EQ003003.PKF,1704997,original
chacarita-jrs-1646-26547,26547,chacarita-jrs-1646,Chacarita Jrs.,Carrario,Silvio René CARRARIO,1,False,Delantero,FW,Delantero centro,71,71,72,71,68,73,72,70,71,72,55,19,1971-08-31,26,Argentina,Argentina,Bell Ville,,,,,,10,blanco,moreno,EQ003003.PKF,1705130,original
chacarita-jrs-1646-26548,26548,chacarita-jrs-1646,Chacarita Jrs.,Bustos,Sergio Rolando BUSTOS,1,False,Delantero,FW,Extremo derecho,66,66,68,65,64,67,64,66,67,62,58,19,1972-12-20,25,Argentina,Argentina,Capital Federal,,,,,,21,blanco,moreno,EQ003003.PKF,1705260,original
chacarita-jrs-1646-26549,26549,chacarita-jrs-1646,Chacarita Jrs.,Avalós,Luciano Andrés AVALÓS,1,False,Delantero,FW,Delantero centro,64,64,66,65,63,65,64,59,61,66,51,19,1978-03-13,20,Argentina,Argentina,Coronel Mom (BA),,,,,,22,blanco,castano,EQ003003.PKF,1705397,original
atlanta-1636-26584,26584,atlanta-1636,Atlanta,Romero,Fabián Carlos ROMERO,1,False,Portero,GK,Portero,55,55,58,54,52,56,13,15,15,13,22,67,1979-03-25,19,Argentina,Argentina,Reconquista (SF),,,,,,18,blanco,moreno,EQ003003.PKF,1706073,original
atlanta-1636-26585,26585,atlanta-1636,Atlanta,Fantini,Ezequiel FANTINI,1,False,Portero,GK,Portero,56,56,57,57,54,56,16,19,23,19,24,68,1978-08-12,19,Argentina,Argentina,Ramón Mejía (BA),,,,,,13,blanco,moreno,EQ003003.PKF,1706199,original
atlanta-1636-25116,25116,atlanta-1636,Atlanta,Reynoso,Rodrigo REYNOSO,0,False,Portero,GK,Portero,67,67,69,68,68,66,17,17,34,23,29,68,1975-03-21,23,Argentina,Argentina,San Miguel de Tucumán,178,72,,,,1,blanco,moreno,EQ003003.PKF,1706328,original
atlanta-1636-26586,26586,atlanta-1636,Atlanta,Raimondi,Diego Gabriel RAIMONDI,1,False,Defensa,DF,Central derecho,64,64,65,64,64,66,59,59,64,56,68,19,1977-09-27,20,Argentina,Argentina,Olavarría (BA),,,,,,5,blanco,moreno,EQ003003.PKF,1706516,original
atlanta-1636-26587,26587,atlanta-1636,Atlanta,Morales,Federico G. MORALES,1,False,Defensa,DF,Central derecho,63,63,67,66,57,65,53,56,68,58,69,19,1977-06-13,21,Argentina,Argentina,Capital Federal,,,,,,4,blanco,moreno,EQ003003.PKF,1706659,original
atlanta-1636-26588,26588,atlanta-1636,Atlanta,Díaz,Rubén Gabriel DÍAZ,1,False,Defensa,DF,Lateral derecho,54,54,55,54,53,57,54,64,67,57,68,19,1977-01-26,21,Argentina,Argentina,Lanús,,,,,,17,blanco,moreno,EQ003003.PKF,1706790,original
atlanta-1636-26589,26589,atlanta-1636,Atlanta,Benítez,Juán José BENÍTEZ,1,False,Defensa,DF,Central derecho,56,56,56,55,56,57,54,55,57,55,69,19,1978-01-27,20,Argentina,Argentina,Capital Federal,,,,,,12,blanco,moreno,EQ003003.PKF,1706902,original
atlanta-1636-25125,25125,atlanta-1636,Atlanta,Alcami,Ariel Fernando ALCAMI,0,False,Defensa,DF,Lateral derecho,65,65,65,64,65,66,57,64,65,58,66,19,1974-04-23,24,Argentina,Argentina,Capital Federal,176,65,,,,3,blanco,moreno,EQ003003.PKF,1707032,original
atlanta-1636-25126,25126,atlanta-1636,Atlanta,Farrera,Miguel Angel FARRERA,0,False,Defensa,DF,Libre,66,66,69,73,55,69,53,59,62,52,71,19,1978-01-25,20,Argentina,Argentina,Buenos Aires,176,65,,,,2,blanco,moreno,EQ003003.PKF,1707219,original
atlanta-1636-26590,26590,atlanta-1636,Atlanta,Polonzky,Andrés POLONZKY,1,False,Medio,MF,Centrocampista derecha,54,54,57,56,48,57,62,64,66,61,55,19,1975-10-20,22,Argentina,Argentina,Capital Federal,,,,,,19,blanco,moreno,EQ003003.PKF,1707403,original
atlanta-1636-26591,26591,atlanta-1636,Atlanta,Pérez,Ricardo Alberto PÉREZ,1,False,Medio,MF,Interior izquierdo,51,51,58,55,43,50,53,58,65,60,60,19,1981-04-22,17,Argentina,Argentina,Capital Federal,,,,,,20,blanco,moreno,EQ003003.PKF,1707526,original
atlanta-1636-26592,26592,atlanta-1636,Atlanta,V. Insaurralde,Víctor Rafael INSAURRALDE,1,False,Medio,MF,Medio centro organizador,53,53,54,52,55,53,62,66,66,64,55,19,1979-04-20,19,Argentina,Argentina,Capital Federal,,,,,,22,blanco,moreno,EQ003003.PKF,1707665,original
atlanta-1636-26593,26593,atlanta-1636,Atlanta,González,Daniel Antonio GONZÁLEZ,1,False,Medio,MF,Centrocampista izquierda,53,53,53,52,53,54,62,63,64,59,55,19,1968-05-12,30,Argentina,Argentina,Capital Federal,,,,,,23,blanco,moreno,EQ003003.PKF,1707811,original
atlanta-1636-26594,26594,atlanta-1636,Atlanta,Forte,José FORTE,1,False,Medio,MF,Interior izquierdo,54,54,53,55,53,57,59,62,62,61,65,19,1968-09-09,29,Argentina,Argentina,Mar del Plata (BA),,,,,,24,blanco,moreno,EQ003003.PKF,1707949,original
atlanta-1636-26595,26595,atlanta-1636,Atlanta,L. Fantini,Lucas FANTINI,1,False,Medio,MF,Interior izquierdo,53,53,53,53,50,57,57,59,66,60,59,19,1977-03-01,21,Argentina,Argentina,Capital Federal,,,,,,14,blanco,moreno,EQ003003.PKF,1708080,original
atlanta-1636-26596,26596,atlanta-1636,Atlanta,De Bernardis,Carlos DE BERNARDIS,1,False,Medio,MF,Centrocampista derecha,54,54,53,53,53,59,53,66,67,65,53,19,1977-05-26,21,Argentina,Argentina,Capital Federal,,,,,,25,blanco,moreno,EQ003003.PKF,1708208,original
atlanta-1636-25128,25128,atlanta-1636,Atlanta,Virardi,Héctor Adrián VIRARDI,0,False,Medio,MF,Medio centro defensivo,64,64,68,67,56,67,52,62,67,57,62,19,1974-05-07,24,Argentina,Argentina,Avellaneda (BA),188,81,,,,6,blanco,moreno,EQ003003.PKF,1708344,original
atlanta-1636-25131,25131,atlanta-1636,Atlanta,Insaurralde,Alejandro Oscar INSAURRALDE,0,False,Medio,MF,Media punta por el centro,65,65,66,64,63,68,63,64,69,59,54,19,1972-01-24,26,Argentina,Argentina,Capital Federal,179,76,,,,10,blanco,moreno,EQ003003.PKF,1708532,original
atlanta-1636-26597,26597,atlanta-1636,Atlanta,Oyarbide,Diego OYARBIDE,1,False,Delantero,FW,Extremo izquierdo,64,64,68,64,62,65,66,66,65,65,59,19,1972-01-10,26,Argentina,Argentina,Rosario (SF),,,,,,11,blanco,moreno,EQ003003.PKF,1708730,original
atlanta-1636-26598,26598,atlanta-1636,Atlanta,Oliva,Diego Rodolfo OLIVA,1,False,Delantero,FW,Extremo derecho,55,55,57,56,53,57,66,66,59,59,56,19,1978-11-01,19,Argentina,Argentina,Capital Federal,,,,,,21,blanco,moreno,EQ003003.PKF,1708852,original
atlanta-1636-26599,26599,atlanta-1636,Atlanta,Laviano,Nicolás Jesús LAVIANO,1,False,Delantero,FW,Delantero centro,54,54,54,53,54,56,61,63,64,59,64,19,1979-02-22,19,Argentina,Argentina,Rosario (SF),,,,,,16,blanco,moreno,EQ003003.PKF,1708981,original
atlanta-1636-26600,26600,atlanta-1636,Atlanta,Gerk,Mauró Néstor GERK,1,False,Delantero,FW,Delantero centro,67,67,68,67,67,66,67,68,68,70,57,19,1977-05-09,21,Argentina,Argentina,Cor. Dorrego (BA),,,,,,9,blanco,castano,EQ003003.PKF,1709114,original
atlanta-1636-25138,25138,atlanta-1636,Atlanta,Ceballos,Iván Daniel CEBALLOS,0,False,Delantero,FW,Extremo izquierdo,56,56,57,55,54,58,55,58,66,56,55,19,1976-12-12,21,Argentina,Argentina,Capital Federal,176,65,,,,15,blanco,moreno,EQ003003.PKF,1709240,original
atlanta-1636-25139,25139,atlanta-1636,Atlanta,Paredes,Víctor Marcelino PAREDES,0,False,Medio,MF,Centrocampista derecha,66,66,68,66,65,68,59,63,63,57,65,19,1971-01-25,27,Argentina,Argentina,El Espinillo (Formosa),179,76,,,,8,blanco,moreno,EQ003003.PKF,1709428,original
atlanta-1636-25141,25141,atlanta-1636,Atlanta,Moreno,Héctor Antonio MORENO,0,False,Delantero,FW,Delantero centro,68,68,68,66,69,69,64,61,63,66,56,19,1974-05-04,24,Argentina,Argentina,Buenos Aires,175,71,,,,7,blanco,moreno,EQ003003.PKF,1709626,original
san-miguel-1620-26516,26516,san-miguel-1620,San Miguel,Larroque,Héctor Damián LARROQUE,1,False,Portero,GK,Portero,60,60,65,59,56,62,19,19,19,15,19,66,1971-11-30,26,Argentina,Argentina,Capital Federal,,,,,,12,blanco,castano,EQ003003.PKF,1710372,original
san-miguel-1620-25171,25171,san-miguel-1620,San Miguel,Cirrincione,Daniel Omar CIRRINCIONE,0,False,Portero,GK,Portero,66,66,68,66,67,66,19,18,28,19,28,70,1970-02-02,28,Argentina,Argentina,Morón (BA),178,72,,,,1,blanco,moreno,EQ003003.PKF,1710507,original
san-miguel-1620-26517,26517,san-miguel-1620,San Miguel,De Lara,Leonel Hernán DE LARA,1,False,Defensa,DF,Central derecho,62,62,62,62,59,65,57,62,63,56,65,19,1973-12-03,24,Argentina,Argentina,J.C.Paz (BA),,,,,,15,blanco,moreno,EQ003003.PKF,1710689,original
san-miguel-1620-26518,26518,san-miguel-1620,San Miguel,Acosta,Horacio Antonio ACOSTA,1,False,Defensa,DF,Central derecho,64,64,64,65,63,66,58,59,69,55,66,19,1971-07-30,26,Argentina,Argentina,Avellaneda (BA),,,,,,4,blanco,moreno,EQ003003.PKF,1710820,original
san-miguel-1620-25174,25174,san-miguel-1620,San Miguel,Busto,Esteban Horacio BUSTO,0,False,Defensa,DF,Lateral izquierdo,66,66,66,66,64,68,55,64,63,56,68,19,1973-08-07,24,Argentina,Argentina,Chacabuco (BA),176,65,,,,3,blanco,moreno,EQ003003.PKF,1710957,original
san-miguel-1620-25175,25175,san-miguel-1620,San Miguel,Zaragoza,Carlos Marcelino ZARAGOZA,0,False,Defensa,DF,Central izquierdo,67,67,65,71,64,69,55,57,66,55,70,19,1973-01-06,25,Argentina,Argentina,Capital Federal,174,66,,,,6,blanco,moreno,EQ003003.PKF,1711138,original
san-miguel-1620-25176,25176,san-miguel-1620,San Miguel,Taberna,Miguel Angel TABERNA,0,False,Defensa,DF,Libre,63,63,62,60,60,71,52,55,62,55,76,19,1972-03-07,26,Argentina,Argentina,Salta,176,65,,,,2,blanco,moreno,EQ003003.PKF,1711332,original
san-miguel-1620-25177,25177,san-miguel-1620,San Miguel,Berardi,Walter Javier BERARDI,0,False,Defensa,DF,Lateral izquierdo,61,61,63,62,60,60,59,63,61,58,66,19,1971-01-02,27,Argentina,Argentina,Capital Federal,176,65,,,,13,blanco,moreno,EQ003003.PKF,1711509,original
san-miguel-1620-26519,26519,san-miguel-1620,San Miguel,Testa,Fabián Valentín TESTA,1,False,Medio,MF,Media punta por el centro,68,68,70,68,66,70,68,70,73,66,52,19,1975-04-23,23,Argentina,Argentina,La Plata (BA),,,,,,10,blanco,moreno,EQ003003.PKF,1711695,original
san-miguel-1620-26520,26520,san-miguel-1620,San Miguel,Pitasi,Gustavo José PITASI,1,False,Medio,MF,Media punta derecha,57,57,59,57,53,61,60,62,60,57,53,19,1968-04-13,30,Argentina,Argentina,Cpital Federal,,,,,,21,blanco,moreno,EQ003003.PKF,1711824,original
san-miguel-1620-26521,26521,san-miguel-1620,San Miguel,Molina,Hernán Matías MOLINA,1,False,Medio,MF,Interior derecho,60,60,65,56,59,62,54,66,63,59,56,19,1978-03-05,20,Argentina,Argentina,Córdoba,,,,,,22,blanco,moreno,EQ003003.PKF,1711956,original
san-miguel-1620-26522,26522,san-miguel-1620,San Miguel,Magallanes,Víctor S. MAGALLANES,1,False,Medio,MF,Medio centro organizador,63,63,64,63,62,64,53,63,64,63,52,19,1975-04-15,23,Argentina,Argentina,Toscanas (CO),,,,,,19,blanco,moreno,EQ003003.PKF,1712077,original
san-miguel-1620-26523,26523,san-miguel-1620,San Miguel,Grismado,Ariel Ángel GRISMADO,1,False,Medio,MF,Medio centro organizador,59,59,58,56,63,61,54,59,66,63,59,19,1977-06-25,21,Argentina,Argentina,San Martín (BA),,,,,,23,blanco,moreno,EQ003003.PKF,1712204,original
san-miguel-1620-26524,26524,san-miguel-1620,San Miguel,Goverbille,Pablo A. GOVERBILLE,1,False,Medio,MF,Interior derecho,63,63,62,65,62,63,58,65,63,51,65,19,1971-03-05,27,Argentina,Argentina,Capital Federal,,,,,,18,blanco,moreno,EQ003003.PKF,1712339,original
san-miguel-1620-26525,26525,san-miguel-1620,San Miguel,Carceglia,José María CARCEGLIA,1,False,Medio,MF,Interior derecho,60,60,60,59,61,61,59,63,66,59,58,19,1977-02-06,21,Argentina,Argentina,Córdoba,,,,,,25,blanco,moreno,EQ003003.PKF,1712474,original
san-miguel-1620-26526,26526,san-miguel-1620,San Miguel,Bogado,Andrés S. BOGADO,1,False,Medio,MF,Interior derecho,65,65,68,66,64,64,66,69,66,62,65,19,1973-10-26,24,Argentina,Argentina,Paraná (ER),,,,,,8,blanco,moreno,EQ003003.PKF,1712595,original
san-miguel-1620-25181,25181,san-miguel-1620,San Miguel,Acciari,José Luis ACCIARI,0,False,Medio,MF,Medio centro defensivo,72,72,71,73,74,72,57,62,59,56,70,19,1978-11-29,19,Argentina,Argentina,San Miguel (BA),170,68,,,,5,blanco,moreno,EQ003003.PKF,1712716,original
san-miguel-1620-25182,25182,san-miguel-1620,San Miguel,Rodas,Manuel René RODAS,0,False,Medio,MF,Medio centro defensivo,59,59,60,59,58,59,65,66,65,65,66,8,1978-05-23,20,Argentina,Argentina,Buenos Aires,186,76,,,,14,blanco,moreno,EQ003003.PKF,1713679,original
san-miguel-1620-25186,25186,san-miguel-1620,San Miguel,Oreskovich,Gustavo Darío ORESKOVICH,0,False,Medio,MF,Medio centro defensivo,64,64,67,65,61,65,60,63,61,53,57,19,1975-08-25,22,Argentina,Argentina,Resistencia (Chaco),179,76,,,,7,blanco,moreno,EQ003003.PKF,1713858,original
san-miguel-1620-26527,26527,san-miguel-1620,San Miguel,Soria,Dante Daniel SORIA,1,False,Delantero,FW,Extremo derecho,59,59,59,57,56,65,63,66,68,66,57,19,1979-07-22,18,Argentina,Argentina,San Miguel (TU),,,,,,20,blanco,moreno,EQ003003.PKF,1714058,original
san-miguel-1620-26528,26528,san-miguel-1620,San Miguel,Rodini,José María RODINI,1,False,Delantero,FW,Delantero centro,65,65,64,69,63,65,69,66,63,69,52,19,1975-09-29,22,Argentina,Argentina,Córdoba,,,,,,16,blanco,moreno,EQ003003.PKF,1714186,original
san-miguel-1620-26529,26529,san-miguel-1620,San Miguel,Gómez,Christian Adrián GÓMEZ,1,False,Delantero,FW,Extremo derecho,62,62,64,62,61,63,63,66,69,62,54,19,1975-10-29,22,Argentina,Argentina,Basavilbaso (ER),,,,,,17,blanco,moreno,EQ003003.PKF,1714304,original
san-miguel-1620-26530,26530,san-miguel-1620,San Miguel,Giménez,Daniel Marcelo GIMÉNEZ,1,False,Delantero,FW,Delantero centro,69,69,71,68,68,72,72,67,67,73,51,19,1977-02-19,21,Argentina,Argentina,Capital Federal,,,,,,9,blanco,moreno,EQ003003.PKF,1714442,original
san-miguel-1620-26531,26531,san-miguel-1620,San Miguel,Enríquez,Carlos Marcelo ENRÍQUEZ,1,False,Delantero,FW,Extremo derecho,63,63,63,62,61,66,53,64,65,63,60,19,1966-01-27,32,Argentina,Argentina,San Justo (BA),,,,,,24,blanco,castano,EQ003003.PKF,1714579,original
san-miguel-1620-25192,25192,san-miguel-1620,San Miguel,R. Díaz,Ricardo Martín DIAZ,0,False,Delantero,FW,Delantero centro,63,63,67,63,55,68,59,64,64,59,56,19,1977-08-19,20,Argentina,Argentina,Moreno (BA),179,76,,,,11,blanco,moreno,EQ003003.PKF,1714714,original
defensa-y-just-1529-26501,26501,defensa-y-just-1529,Defensa y Just.,González,Fermín A. GONZÁLEZ,1,False,Portero,GK,Portero,57,57,58,58,55,58,16,19,23,17,21,64,1976-02-05,22,Argentina,Argentina,Capital Federal,,,,,,23,blanco,moreno,EQ003003.PKF,1715475,original
defensa-y-just-1529-26502,26502,defensa-y-just-1529,Defensa y Just.,Gagliardi,Guillermo GAGLIARDI,1,False,Portero,GK,Portero,60,60,61,59,60,61,7,4,46,33,40,64,1975-05-06,23,Argentina,Argentina,Quilmes (BA),,,,,,13,blanco,moreno,EQ003003.PKF,1715606,original
defensa-y-just-1529-25197,25197,defensa-y-just-1529,Defensa y Just.,San Martín,Aníbal Carlos Cruz SAN MARTIN,0,False,Portero,GK,Portero,64,64,66,62,64,65,9,11,57,16,44,67,1971-01-02,27,Argentina,Argentina,La Plata (BA),178,72,,,,1,blanco,moreno,EQ003003.PKF,1715737,original
defensa-y-just-1529-26503,26503,defensa-y-just-1529,Defensa y Just.,Lisi,Hernán LISI,1,False,Defensa,DF,Lateral izquierdo,66,66,64,66,64,70,64,65,69,55,73,19,1971-04-12,27,Argentina,Argentina,Fighiera,,,,,,3,blanco,moreno,EQ003003.PKF,1715933,original
defensa-y-just-1529-26504,26504,defensa-y-just-1529,Defensa y Just.,Koscius,Miguel Ángel KOSCIUS,1,False,Defensa,DF,Central derecho,62,62,63,62,63,63,59,60,61,60,66,19,1977-11-28,20,Argentina,Argentina,Ranelagh (BA),,,,,,19,blanco,moreno,EQ003003.PKF,1716044,original
defensa-y-just-1529-26505,26505,defensa-y-just-1529,Defensa y Just.,Guerra,Martín Ariel GUERRA,1,False,Defensa,DF,Central derecho,59,59,61,60,56,59,60,58,57,55,62,19,1977-10-28,20,Argentina,Argentina,Quilmes (BA),,,,,,22,blanco,castano,EQ003003.PKF,1716171,original
defensa-y-just-1529-25199,25199,defensa-y-just-1529,Defensa y Just.,Vallejos,Angel Omar VALLEJOS,0,False,Defensa,DF,Lateral derecho,67,67,68,67,66,69,63,64,61,57,65,19,1974-02-04,24,Argentina,Argentina,Quilmes (BA),176,65,,,,4,blanco,moreno,EQ003003.PKF,1716297,original
defensa-y-just-1529-25201,25201,defensa-y-just-1529,Defensa y Just.,N.Benítez,Néstor Omar BENITEZ,0,False,Defensa,DF,Central izquierdo,64,64,62,62,65,68,53,63,64,62,69,19,1975-01-20,23,Argentina,Argentina,Avellaneda (BA),174,66,,,,6,blanco,moreno,EQ003003.PKF,1716475,original
defensa-y-just-1529-25202,25202,defensa-y-just-1529,Defensa y Just.,De La Fuente,Mariano José DE LA FUENTE,0,False,Defensa,DF,Lateral derecho,66,66,68,66,66,66,57,62,60,54,66,19,1971-03-19,27,Argentina,Argentina,Capital Federal,176,65,,,,2,blanco,moreno,EQ003003.PKF,1716661,original
defensa-y-just-1529-26506,26506,defensa-y-just-1529,Defensa y Just.,Silva,Ricardo SILVA,1,False,Medio,MF,Extremo izquierdo,68,68,69,69,67,69,68,69,69,68,56,19,1977-03-23,21,Argentina,Argentina,Avellaneda (BA),,,,,,11,blanco,moreno,EQ003003.PKF,1716867,original
defensa-y-just-1529-26507,26507,defensa-y-just-1529,Defensa y Just.,Moura,José Camargo MOURA,1,False,Medio,MF,Media punta por el centro,64,64,65,63,62,67,57,70,62,65,57,19,1970-04-04,28,Brasil,Brasil,Uruguayana,,,,,,15,mulato,moreno,EQ003003.PKF,1716989,original
defensa-y-just-1529-26508,26508,defensa-y-just-1529,Defensa y Just.,Díaz,Rodrigo Sebastián DÍAZ,1,False,Medio,MF,Interior derecho,61,61,62,61,61,61,55,63,59,57,61,19,1977-05-21,21,Argentina,Argentina,Capital Federal,,,,,,18,blanco,moreno,EQ003003.PKF,1717116,original
defensa-y-just-1529-26509,26509,defensa-y-just-1529,Defensa y Just.,Cabrera,Sergio CABRERA,1,False,Medio,MF,Centrocampista derecha,62,62,63,62,61,63,63,65,63,62,63,19,1977-02-08,21,Argentina,Argentina,Ciudadela (BA),,,,,,12,blanco,moreno,EQ003003.PKF,1717247,original
defensa-y-just-1529-26510,26510,defensa-y-just-1529,Defensa y Just.,Arébalo,Alejandro J. ARÉBALO,1,False,Defensa,DF,Central derecho,61,61,66,62,56,62,54,62,64,60,58,19,1979-03-13,19,Argentina,Argentina,La Plata (BA),,,,,,5,blanco,moreno,EQ003003.PKF,1717372,original
defensa-y-just-1529-25206,25206,defensa-y-just-1529,Defensa y Just.,Correa,Roberto Carlos CORREA,0,False,Medio,MF,Centrocampista derecha,68,68,69,68,67,71,61,66,63,61,49,19,1975-03-21,23,Argentina,Argentina,Capital Federal,176,65,,,,8,blanco,moreno,EQ003003.PKF,1717502,original
defensa-y-just-1529-25207,25207,defensa-y-just-1529,Defensa y Just.,Galleguillo,Jorge Alberto GALLEGUILLO,0,False,Medio,MF,Media punta por el centro,67,67,68,66,68,68,69,71,72,69,51,19,1976-09-11,21,Argentina,Argentina,Florencio Varela (BA),175,77,,,,10,blanco,moreno,EQ003003.PKF,1717688,original
defensa-y-just-1529-25209,25209,defensa-y-just-1529,Defensa y Just.,Agotegaray,Néstor Ariel AGOTEGARAY,0,False,Medio,MF,Medio centro defensivo,62,62,64,60,61,66,62,64,62,64,51,19,1977-01-02,21,Argentina,Argentina,Florencio Varela (BA),178,73,,,,21,blanco,moreno,EQ003003.PKF,1717877,original
defensa-y-just-1529-25212,25212,defensa-y-just-1529,Defensa y Just.,Sandoval,Martín Alejandro SANDOVAL,0,False,Defensa,DF,Lateral izquierdo,64,64,64,64,63,66,63,65,62,62,62,19,1975-09-03,22,Argentina,Argentina,Corrientes,176,65,,,,7,blanco,moreno,EQ003003.PKF,1718074,original
defensa-y-just-1529-26511,26511,defensa-y-just-1529,Defensa y Just.,Rojas,Pablo Martín ROJAS,1,False,Delantero,FW,Delantero centro,67,67,69,65,63,71,73,70,64,70,42,13,1971-08-17,26,Argentina,Argentina,Avellaneda (BA),,,,,,9,blanco,moreno,EQ003003.PKF,1718260,original
defensa-y-just-1529-26512,26512,defensa-y-just-1529,Defensa y Just.,Pavone,Gonzalo N. PAVONE,1,False,Delantero,FW,Delantero centro,63,63,63,63,62,66,67,68,69,68,59,19,1977-06-14,21,Argentina,Argentina,Chacabuco (BA),,,,,,20,blanco,moreno,EQ003003.PKF,1718390,original
defensa-y-just-1529-26513,26513,defensa-y-just-1529,Defensa y Just.,Junis,Marcos JUNIS,1,False,Delantero,FW,Extremo derecho,59,59,62,60,58,59,64,66,65,64,57,19,1977-05-04,21,Argentina,Argentina,Mar del Plata (BA),,,,,,14,blanco,moreno,EQ003003.PKF,1718521,original
defensa-y-just-1529-26514,26514,defensa-y-just-1529,Defensa y Just.,Galvan,Miguel GALVAN,1,False,Delantero,FW,Delantero centro,62,62,63,62,60,63,61,63,62,63,55,19,1973-02-07,25,Argentina,Argentina,Santiago del Estero,,,,,,16,blanco,moreno,EQ003003.PKF,1718643,original
defensa-y-just-1529-26515,26515,defensa-y-just-1529,Defensa y Just.,Cuneo,Alejandro Fabián CUNEO,1,False,Delantero,FW,Extremo derecho,60,60,60,60,59,62,65,66,65,66,60,19,1976-03-31,22,Argentina,Argentina,Capital Federal,,,,,,17,blanco,moreno,EQ003003.PKF,1718768,original
aldosivi-m-p-1853-25866,25866,aldosivi-m-p-1853,Aldosivi (M.P),Varisco,Héctor Iván VARISCO,1,False,Portero,GK,Portero,60,60,61,65,59,57,12,4,15,11,42,55,1969-09-02,28,Argentina,Argentina,Paraná (Entre Rios),,,,,,22,blanco,castano,EQ003003.PKF,1719473,original
aldosivi-m-p-1853-25219,25219,aldosivi-m-p-1853,Aldosivi (M.P),G. Benítez,Guillermo Osvaldo BENITEZ,0,False,Portero,GK,Portero,64,64,65,64,63,65,13,11,16,10,45,56,1976-10-15,21,Argentina,Argentina,Gral. Alvear (BA),178,72,,,,12,blanco,moreno,EQ003003.PKF,1719605,original
aldosivi-m-p-1853-25220,25220,aldosivi-m-p-1853,Aldosivi (M.P),Merlo,Néstor José MERLO,0,False,Portero,GK,Portero,54,54,55,55,52,57,7,11,21,13,46,58,1960-07-31,37,Argentina,Argentina,Capital Federal,178,72,,,,1,blanco,moreno,EQ003003.PKF,1719802,original
aldosivi-m-p-1853-25867,25867,aldosivi-m-p-1853,Aldosivi (M.P),Celebroni,Ariel Pedro CELEBRONI,1,False,Defensa,DF,Central derecho,63,63,65,64,60,63,55,48,59,55,57,19,1974-04-01,24,Argentina,Argentina,Rosario (Santa Fe),,,,,,15,blanco,moreno,EQ003003.PKF,1719985,original
aldosivi-m-p-1853-25868,25868,aldosivi-m-p-1853,Aldosivi (M.P),Radaelli,Fabio Javier RADAELLI,1,False,Defensa,DF,Central izquierdo,60,60,57,62,59,62,50,51,59,57,55,19,1969-04-13,29,Argentina,Argentina,Benito Juárez (Córdoba),,,,,,4,blanco,castano,EQ003003.PKF,1720134,original
aldosivi-m-p-1853-17586,17586,aldosivi-m-p-1853,Aldosivi (M.P),Fernández,Leonardo Carlos FERNANDEZ,0,False,Defensa,DF,Lateral izquierdo,55,55,57,55,54,54,52,54,55,52,49,15,1972-03-16,26,Argentina,Argentina,Rosario (SF),186,76,,,,2,blanco,moreno,EQ003003.PKF,1720284,original
aldosivi-m-p-1853-25222,25222,aldosivi-m-p-1853,Aldosivi (M.P),Lizza,Miguel Angel LIZZA,0,False,Defensa,DF,Libre,54,54,54,55,55,53,48,53,60,57,56,19,1972-10-16,25,Argentina,Argentina,Rosario (SF),186,76,,,,6,blanco,moreno,EQ003003.PKF,1720472,original
aldosivi-m-p-1853-25223,25223,aldosivi-m-p-1853,Aldosivi (M.P),Garat,Roberto Gustavo GARAT,0,False,Defensa,DF,Central izquierdo,73,73,72,76,74,71,58,56,70,64,57,19,1970-04-10,28,Argentina,Argentina,Bahía Blanca (BA),183,75,,,,5,blanco,moreno,EQ003003.PKF,1720661,original
aldosivi-m-p-1853-25226,25226,aldosivi-m-p-1853,Aldosivi (M.P),J. Villarreal,José Alejandro VILLARREAL,0,False,Defensa,DF,Lateral izquierdo,54,54,58,56,53,52,53,57,56,52,57,19,1964-06-19,34,Argentina,Argentina,San Fernando (BA),176,65,,,,3,blanco,moreno,EQ003003.PKF,1721507,original
aldosivi-m-p-1853-25869,25869,aldosivi-m-p-1853,Aldosivi (M.P),Reyna,Walter Román REYNA,1,False,Medio,MF,Medio centro organizador,65,65,64,67,63,68,59,57,69,66,62,19,1967-10-13,30,Argentina,Argentina,Rosario (Santa Fe),,,,,,24,blanco,moreno,EQ003003.PKF,1721713,original
aldosivi-m-p-1853-25870,25870,aldosivi-m-p-1853,Aldosivi (M.P),Jiménez,Joe L. Vargas JIMÉNEZ,1,False,Medio,MF,Media punta derecha,60,60,64,59,55,63,54,56,59,61,57,19,1974-08-31,23,Ecuador,Ecuador,Guayaquil,,,,,,23,blanco,moreno,EQ003003.PKF,1721849,original
aldosivi-m-p-1853-25871,25871,aldosivi-m-p-1853,Aldosivi (M.P),Ojeda,Martín Pablo OJEDA,1,False,Medio,MF,Medio centro organizador,63,63,62,66,63,61,55,59,63,51,57,19,1972-12-23,25,Argentina,Argentina,Rosario (Santa Fe),,,,,,21,blanco,castano,EQ003003.PKF,1721986,original
aldosivi-m-p-1853-25872,25872,aldosivi-m-p-1853,Aldosivi (M.P),Malvestiti,Andrés MALVESTITI,1,False,Medio,MF,Media punta por el centro,66,66,65,70,63,66,56,57,63,67,57,19,1974-01-19,24,Argentina,Argentina,Rosario (Santa Fe),,,,,,18,blanco,moreno,EQ003003.PKF,1722129,original
aldosivi-m-p-1853-25873,25873,aldosivi-m-p-1853,Aldosivi (M.P),Ruíz,Martín Julián RUÍZ,1,False,Medio,MF,Media punta por el centro,60,60,67,61,55,57,52,59,59,64,57,19,1976-05-28,22,Argentina,Argentina,Mar de la Plata (Buenos Aires),,,,,,17,blanco,castano,EQ003003.PKF,1722261,original
aldosivi-m-p-1853-25874,25874,aldosivi-m-p-1853,Aldosivi (M.P),Cabrera,Daniel Fernando CABRERA,1,False,Medio,MF,Media punta izquierda,62,62,67,62,59,63,54,55,57,65,55,19,1976-04-27,22,Argentina,Argentina,Capital Federal,,,,,,16,blanco,moreno,EQ003003.PKF,1722418,original
aldosivi-m-p-1853-25875,25875,aldosivi-m-p-1853,Aldosivi (M.P),Sánchez,Héctor Hernán SÁNCHEZ,1,False,Medio,MF,Media punta por el centro,58,58,61,58,54,60,67,61,54,66,63,19,1969-02-05,29,Argentina,Argentina,Capital Federal,,,,,,8,blanco,moreno,EQ003003.PKF,1722550,original
aldosivi-m-p-1853-25876,25876,aldosivi-m-p-1853,Aldosivi (M.P),Balmaceda,Juan R. David BALMACEDA,1,False,Medio,MF,Interior derecho,63,63,64,60,57,73,53,57,67,63,59,19,1974-09-02,23,Argentina,Argentina,Rosario (Santa Fe),,,,,,13,blanco,castano,EQ003003.PKF,1722691,original
aldosivi-m-p-1853-25235,25235,aldosivi-m-p-1853,Aldosivi (M.P),Mónaco,Salvador Felipe MONACO,0,False,Medio,MF,Medio centro defensivo,62,62,65,62,61,62,52,50,60,58,57,19,1968-10-12,29,Argentina,Argentina,San Miguel de Tucumán,188,81,,,,14,blanco,moreno,EQ003003.PKF,1722836,original
aldosivi-m-p-1853-25236,25236,aldosivi-m-p-1853,Aldosivi (M.P),Corti,Pablo Rodolfo CORTI,0,False,Medio,MF,Interior izquierdo,56,56,57,55,56,57,56,53,59,57,63,19,1973-10-03,24,Argentina,Argentina,Buenos Aires,176,65,,,,11,blanco,moreno,EQ003003.PKF,1723032,original
aldosivi-m-p-1853-25237,25237,aldosivi-m-p-1853,Aldosivi (M.P),Ortega,César Gabriel ORTEGA,0,False,Medio,MF,Centrocampista izquierda,55,55,55,56,53,57,59,48,70,51,40,14,1970-08-10,27,Argentina,Argentina,Olavarría (BA),175,77,,,,10,blanco,moreno,EQ003003.PKF,1723208,original
aldosivi-m-p-1853-25877,25877,aldosivi-m-p-1853,Aldosivi (M.P),Santoni,Marcelo A. SANTONI,1,False,Delantero,FW,Delantero centro,57,57,61,53,57,59,63,57,48,50,45,19,1972-01-31,26,Argentina,Argentina,Maipú (Mendoza),,,,,,25,blanco,castano,EQ003003.PKF,1723397,original
aldosivi-m-p-1853-25878,25878,aldosivi-m-p-1853,Aldosivi (M.P),Bernaola,Eloy Walter D. BERNAOLA,1,False,Delantero,FW,Delantero centro,60,60,67,59,55,60,51,65,54,59,52,19,1980-01-08,18,Argentina,Argentina,Mar de la Plata (Buenos Aires),,,,,,20,blanco,castano,EQ003003.PKF,1723529,original
aldosivi-m-p-1853-25879,25879,aldosivi-m-p-1853,Aldosivi (M.P),Amaya,Marcelo Hugo AMAYA,1,False,Delantero,FW,Delantero centro,60,60,63,61,57,60,62,63,52,56,53,19,1974-10-30,23,Argentina,Argentina,Villa María (Córdoba),,,,,,19,blanco,castano,EQ003003.PKF,1723680,original
aldosivi-m-p-1853-25880,25880,aldosivi-m-p-1853,Aldosivi (M.P),Parra,Pablo Ariel PARRA,1,False,Delantero,FW,Delantero centro,58,58,65,59,54,57,67,59,61,67,57,19,1973-04-05,25,Argentina,Argentina,Cipolletti (Rio Negro),,,,,,9,blanco,moreno,EQ003003.PKF,1723815,original
aldosivi-m-p-1853-25881,25881,aldosivi-m-p-1853,Aldosivi (M.P),Hormaechea,Adrián E. HORMAECHEA,1,False,Delantero,FW,Extremo derecho,58,58,61,64,49,59,63,61,49,59,53,8,1976-01-03,22,Argentina,Argentina,Cdte. Otamendi (Buenos Aires),,,,,,7,blanco,moreno,EQ003003.PKF,1723947,original
almagro-1590-26550,26550,almagro-1590,Almagro,Perduk,Walter Daniel PERDUK,1,False,Portero,GK,Portero,69,69,70,68,67,71,36,37,40,33,32,74,1974-07-26,23,Argentina,Argentina,Roque S. Peña,,,,,,1,blanco,moreno,EQ003003.PKF,1724639,original
almagro-1590-25248,25248,almagro-1590,Almagro,Grosso,Damián GROSSO,0,False,Portero,GK,Portero,49,49,51,49,50,49,19,27,27,38,27,62,1975-02-03,23,Argentina,Argentina,Buenos Aires,178,72,,,,13,blanco,moreno,EQ003003.PKF,1724768,original
almagro-1590-26551,26551,almagro-1590,Almagro,Arce,Lino Alejandro ARCE,1,False,Defensa,DF,Central derecho,55,55,56,54,52,58,52,59,56,54,67,19,1976-11-10,21,Argentina,Argentina,Tartagal (Salta),,,,,,17,blanco,moreno,EQ003003.PKF,1724946,original
almagro-1590-26552,26552,almagro-1590,Almagro,Rivero,Gerrado Damián RIVERO,1,False,Defensa,DF,Lateral izquierdo,65,65,66,65,64,65,54,65,62,58,70,19,1975-03-12,23,Argentina,Argentina,Capital Federal,,,,,,3,blanco,moreno,EQ003003.PKF,1725071,original
almagro-1590-26553,26553,almagro-1590,Almagro,Perticarari,Ariel Ernesto PERTICARARI,1,False,Defensa,DF,Lateral derecho,57,57,57,56,57,59,53,65,64,60,65,19,1969-11-19,28,Argentina,Argentina,S. Martín (BA),,,,,,22,blanco,castano,EQ003003.PKF,1725206,original
almagro-1590-26554,26554,almagro-1590,Almagro,Orellano,Andrés Osvaldo ORELLANO,1,False,Defensa,DF,Central derecho,64,64,65,64,64,66,54,58,66,66,64,19,1972-01-03,26,Argentina,Argentina,Darragueira (BS),,,,,,5,blanco,moreno,EQ003003.PKF,1725345,original
almagro-1590-26555,26555,almagro-1590,Almagro,Miño,Juán Mariano MIÑO,1,False,Defensa,DF,Lateral izquierdo,58,58,59,56,55,62,53,64,66,56,66,19,1978-08-04,19,Argentina,Argentina,Santa Fe,,,,,,21,blanco,moreno,EQ003003.PKF,1725480,original
almagro-1590-26556,26556,almagro-1590,Almagro,Lupardo,Martín Alberto LUPARDO,1,False,Defensa,DF,Lateral derecho,58,58,58,58,57,59,55,60,59,59,66,19,1977-02-24,21,Argentina,Argentina,S. Antonio (BA),,,,,,20,blanco,moreno,EQ003003.PKF,1725594,original
almagro-1590-26557,26557,almagro-1590,Almagro,Cobián,Mariano César COBIÁN,1,False,Defensa,DF,Lateral derecho,64,64,64,62,65,67,60,65,65,64,64,19,1977-04-12,21,Argentina,Argentina,Capital Federal,,,,,,2,blanco,moreno,EQ003003.PKF,1725725,original
almagro-1590-25250,25250,almagro-1590,Almagro,Distéfano,Juan José DISTEFANO,0,False,Defensa,DF,Lateral izquierdo,62,62,63,61,60,65,60,60,51,46,64,19,1971-12-04,26,Argentina,Argentina,Bernal (BA),176,65,,,,4,blanco,moreno,EQ003003.PKF,1725858,original
almagro-1590-26558,26558,almagro-1590,Almagro,Toranzo,Matias TORANZO,1,False,Medio,MF,Medio centro organizador,56,56,57,55,56,57,58,58,61,62,58,19,1977-10-15,20,Argentina,Argentina,Capital Federal,,,,,,24,blanco,moreno,EQ003003.PKF,1726039,original
almagro-1590-26559,26559,almagro-1590,Almagro,Scacchi,Martín Pablo SCACCHI,1,False,Medio,MF,Centrocampista derecha,54,54,55,54,52,58,59,62,61,57,59,19,1973-09-29,24,Argentina,Argentina,Capital Federal,,,,,,23,blanco,moreno,EQ003003.PKF,1726165,original
almagro-1590-26560,26560,almagro-1590,Almagro,Salaberry,Pedro Iggnacio SALABERRY,1,False,Medio,MF,Interior izquierdo,58,58,60,59,57,57,57,66,64,61,57,19,1969-01-29,29,Argentina,Argentina,Lomas de Zamora,,,,,,12,blanco,moreno,EQ003003.PKF,1726301,original
almagro-1590-26561,26561,almagro-1590,Almagro,Pusineri,Lucás Andrés PUSINERI,1,False,Medio,MF,Media punta izquierda,66,66,68,66,62,69,64,65,67,64,64,19,1976-07-16,21,Argentina,Argentina,Capital Fedeal,,,,,,11,blanco,castano,EQ003003.PKF,1726440,original
almagro-1590-26562,26562,almagro-1590,Almagro,Farías,Alejandro Fabián FARÍAS,1,False,Medio,MF,Interior izquierdo,49,49,49,47,48,54,59,60,63,62,55,19,1970-01-27,28,Argentina,Argentina,Capital Federal,,,,,,19,blanco,moreno,EQ003003.PKF,1726571,original
almagro-1590-26563,26563,almagro-1590,Almagro,Couceiro,Marcelo L. COUCEIRO,1,False,Medio,MF,Medio centro organizador,66,66,68,65,66,67,58,63,66,63,58,19,1974-09-11,23,Argentina,Argentina,Capital Federal,,,,,,10,blanco,castano,EQ003003.PKF,1726712,original
almagro-1590-26564,26564,almagro-1590,Almagro,Akselman,Christian J. AKSELMAN,1,False,Medio,MF,Interior derecho,58,58,59,58,54,62,61,65,65,61,63,19,1974-08-17,23,Argentina,Argentina,Capital Federal,,,,,,15,blanco,moreno,EQ003003.PKF,1726841,original
almagro-1590-25259,25259,almagro-1590,Almagro,F. López,Francisco LOPEZ,0,False,Medio,MF,Centrocampista derecha,62,62,64,63,62,61,65,63,63,62,64,20,1972-08-14,25,Argentina,Argentina,Florencio Varela (BA),176,65,,,,8,blanco,moreno,EQ003003.PKF,1726971,original
almagro-1590-25260,25260,almagro-1590,Almagro,Cinto,Fernando Germán CINTO,0,False,Medio,MF,Media punta por el centro,63,63,66,63,60,66,58,64,60,60,62,19,1970-11-07,27,Argentina,Argentina,Lomas de Zamora (BA),175,77,,,,7,blanco,moreno,EQ003003.PKF,1727162,original
almagro-1590-25262,25262,almagro-1590,Almagro,Milano,Alejandro Carlos MILANO,0,False,Medio,MF,Medio centro defensivo,52,52,52,53,53,51,43,45,45,43,51,14,1975-04-10,23,Argentina,Argentina,Capital Federal,178,73,,,,6,blanco,moreno,EQ003003.PKF,1727346,original
almagro-1590-25264,25264,almagro-1590,Almagro,Sarmiento,Walter SARMIENTO,0,False,Medio,MF,Media punta por el centro,56,56,57,56,55,57,61,64,63,62,55,19,1978-02-08,20,Argentina,Argentina,Capital Federal,168,65,,,,16,blanco,moreno,EQ003003.PKF,1727535,original
almagro-1590-26565,26565,almagro-1590,Almagro,Traspasso,Marcelo Luis Traspasso,1,False,Delantero,FW,Extremo izquierdo,58,58,59,58,56,59,61,63,63,60,55,19,1976-04-30,22,Argentina,Argentina,Capital Federal,,,,,,25,blanco,moreno,EQ003003.PKF,1727720,original
almagro-1590-26566,26566,almagro-1590,Almagro,Solchaga,Pablo RUbén SOLCHAGA,1,False,Delantero,FW,Delantero centro,56,56,58,56,54,59,63,63,61,61,54,19,1976-10-05,21,Argentina,Argentina,Tigre (BA),,,,,,14,blanco,castano,EQ003003.PKF,1727853,original
almagro-1590-26567,26567,almagro-1590,Almagro,Keseller,José María KESELLER,1,False,Delantero,FW,Delantero centro,70,70,70,68,70,72,75,69,67,70,58,19,1976-09-18,21,Argentina,Argentina,Capital Federal,,,,,,9,blanco,moreno,EQ003003.PKF,1727981,original
almagro-1590-26568,26568,almagro-1590,Almagro,Fabbro,Darío Raúl FABBRO,1,False,Delantero,FW,Extremo derecho,58,58,59,58,56,60,65,69,66,66,56,19,1976-03-11,22,Argentina,Argentina,General Deheza,,,,,,18,blanco,moreno,EQ003003.PKF,1728120,original
alte-brown-ar-1763-25961,25961,alte-brown-ar-1763,Alte. Brown (Ar.),Ré,Gastón Maximiliano RÉ,1,False,Portero,GK,Portero,64,64,71,61,64,63,8,9,19,13,47,53,1975-06-12,23,Argentina,Argentina,Totoras (Santa Fe),,,,,,22,blanco,castano,EQ003003.PKF,1728866,original
alte-brown-ar-1763-20769,20769,alte-brown-ar-1763,Alte. Brown (Ar.),Monasterio,César Leonardo MONASTERIO,1,False,Portero,GK,Portero,77,77,75,80,78,77,15,16,24,22,22,84,1971-01-10,27,Argentina,Argentina,Hurlingham (BA),185,74,,,,1,blanco,moreno,EQ003003.PKF,1728995,original
alte-brown-ar-1763-25273,25273,alte-brown-ar-1763,Alte. Brown (Ar.),Jaime,César Osvaldo JAIME,0,False,Portero,GK,Portero,69,69,69,67,69,71,7,14,17,15,47,53,1969-05-02,29,Argentina,Argentina,Rosario (SF),178,72,,,,12,blanco,moreno,EQ003003.PKF,1730950,original
alte-brown-ar-1763-25962,25962,alte-brown-ar-1763,Alte. Brown (Ar.),Araujo,Washington F. ARAUJO,1,False,Defensa,DF,Lateral derecho,60,60,63,59,56,64,48,50,56,57,51,19,1972-02-23,26,Uruguay,Uruguay,Montevideo,,,,,,23,blanco,moreno,EQ003003.PKF,1731121,original
alte-brown-ar-1763-25963,25963,alte-brown-ar-1763,Alte. Brown (Ar.),Taborda,José Gozalo TABORDA,1,False,Defensa,DF,Central izquierdo,63,63,66,65,59,62,46,51,60,55,57,19,1979-05-07,19,Argentina,Argentina,San Francisco (Córdoba),,,,,,18,blanco,moreno,EQ003003.PKF,1731256,original
alte-brown-ar-1763-25964,25964,alte-brown-ar-1763,Alte. Brown (Ar.),Ortiz,Darío Hernán ORTIZ,1,False,Defensa,DF,Lateral derecho,62,62,65,63,59,63,47,53,55,50,48,19,1967-07-14,30,Argentina,Argentina,Mendoza,,,,,,17,blanco,castano,EQ003003.PKF,1731407,original
alte-brown-ar-1763-25965,25965,alte-brown-ar-1763,Alte. Brown (Ar.),Pérez,Paulo César PÉREZ,1,False,Defensa,DF,Central izquierdo,63,63,67,63,61,63,54,49,56,55,51,19,1976-11-18,21,Argentina,Argentina,Rafaela (Santa Fe),,,,,,13,blanco,moreno,EQ003003.PKF,1731532,original
alte-brown-ar-1763-25966,25966,alte-brown-ar-1763,Alte. Brown (Ar.),Aranzadi,Julián José ARANZADI,1,False,Defensa,DF,Central izquierdo,52,52,57,55,51,48,52,45,58,54,49,19,1973-09-15,24,Argentina,Argentina,Rosario (Santa Fe),,,,,,6,blanco,moreno,EQ003003.PKF,1731664,original
alte-brown-ar-1763-25967,25967,alte-brown-ar-1763,Alte. Brown (Ar.),Basualdo,Fabién A. BASUALDO,1,False,Defensa,DF,Libre,51,51,52,49,50,55,51,53,57,54,58,19,1964-02-26,34,Argentina,Argentina,Rosario (Santa Fe),,,,,,4,blanco,moreno,EQ003003.PKF,1731811,original
alte-brown-ar-1763-25968,25968,alte-brown-ar-1763,Alte. Brown (Ar.),Osella,Diego Mario F. OSELLA,1,False,Defensa,DF,Central derecho,52,52,56,53,48,53,52,51,57,54,53,19,1970-07-19,27,Argentina,Argentina,Santa Fe,,,,,,2,blanco,moreno,EQ003003.PKF,1731945,original
alte-brown-ar-1763-25274,25274,alte-brown-ar-1763,Alte. Brown (Ar.),O. Rodríguez,Osvaldo Gregorio RODRIGUEZ,0,False,Defensa,DF,Central izquierdo,53,53,55,52,54,52,51,52,57,59,53,19,1964-04-05,34,Argentina,Argentina,Moreno (BA),174,66,,,,3,blanco,moreno,EQ003003.PKF,1732074,original
alte-brown-ar-1763-25969,25969,alte-brown-ar-1763,Alte. Brown (Ar.),Andrizzi,Martín Ezequiel ANDRIZZI,1,False,Medio,MF,Medio centro organizador,62,62,57,66,63,64,56,50,52,57,59,19,1976-07-05,21,Argentina,Argentina,Capital Federal,,,,,,21,blanco,moreno,EQ003003.PKF,1732260,original
alte-brown-ar-1763-25970,25970,alte-brown-ar-1763,Alte. Brown (Ar.),Martínez,Martín G. MARTÍNEZ,1,False,Medio,MF,Media punta por el centro,62,62,66,63,58,63,56,49,53,59,54,19,1978-05-24,20,Argentina,Argentina,Gran Baigorria (Sta. Fe),,,,,,19,blanco,moreno,EQ003003.PKF,1732399,original
alte-brown-ar-1763-25971,25971,alte-brown-ar-1763,Alte. Brown (Ar.),Capece,Federico Martín CAPECE,1,False,Medio,MF,Media punta izquierda,63,63,69,63,59,64,52,50,55,58,57,19,1976-02-19,22,Argentina,Argentina,Capital Federal,,,,,,16,blanco,moreno,EQ003003.PKF,1732553,original
alte-brown-ar-1763-25972,25972,alte-brown-ar-1763,Alte. Brown (Ar.),Quinteros,Daniel E. QUINTEROS,1,False,Medio,MF,Media punta por el centro,62,62,64,62,59,65,52,54,59,54,57,19,1976-03-10,22,Argentina,Argentina,Rosario (Santa Fe),,,,,,14,blanco,castano,EQ003003.PKF,1732683,original
alte-brown-ar-1763-25973,25973,alte-brown-ar-1763,Alte. Brown (Ar.),Muñoz,Raúl Horacio MUNOZ,1,False,Medio,MF,Media punta por el centro,54,54,53,56,53,55,51,54,53,58,53,19,1972-01-08,26,Argentina,Argentina,Viedma (Rio Negro),,,,,,10,blanco,castano,EQ003003.PKF,1732824,original
alte-brown-ar-1763-25281,25281,alte-brown-ar-1763,Alte. Brown (Ar.),Lucio Ramos,Lucio Ramón RAMOS,0,False,Medio,MF,Medio centro defensivo,54,54,57,54,53,55,50,54,60,54,50,19,1972-07-09,25,Argentina,Argentina,Empalme Villa Constitución (SF),188,81,,,,5,blanco,castano,EQ003003.PKF,1732959,original
alte-brown-ar-1763-25282,25282,alte-brown-ar-1763,Alte. Brown (Ar.),Massuero,Carlos Gastón MASSUERO,0,False,Medio,MF,Interior derecho,54,54,55,53,54,56,51,53,60,53,55,19,1972-09-25,25,Argentina,Argentina,Córdoba,176,65,,,,8,blanco,moreno,EQ003003.PKF,1733160,original
alte-brown-ar-1763-25974,25974,alte-brown-ar-1763,Alte. Brown (Ar.),Chávez,Daniel Enrique CHÁVEZ,1,False,Delantero,FW,Delantero centro,62,62,64,69,56,61,57,55,48,60,56,19,1970-11-21,27,Argentina,Argentina,San Nicolás (Buenos Aires),,,,,,24,blanco,moreno,EQ003003.PKF,1733333,original
alte-brown-ar-1763-25975,25975,alte-brown-ar-1763,Alte. Brown (Ar.),Limonchi,Lauriano M. LIMONCHI,1,False,Delantero,FW,Delantero centro,62,62,65,62,59,64,61,53,55,53,46,19,1979-10-07,18,Argentina,Argentina,Rosario (Santa Fe),,,,,,20,blanco,moreno,EQ003003.PKF,1733484,original
alte-brown-ar-1763-25976,25976,alte-brown-ar-1763,Alte. Brown (Ar.),Chiaverano,Gabriel A. CHIAVERANO,1,False,Delantero,FW,Delantero centro,66,66,68,65,62,69,63,57,49,56,54,19,1970-11-26,27,Argentina,Argentina,Rosario (Santa Fe),,,,,,15,blanco,moreno,EQ003003.PKF,1733634,original
alte-brown-ar-1763-25977,25977,alte-brown-ar-1763,Alte. Brown (Ar.),Bianchi,Rafael Alberto BIANCHI,1,False,Delantero,FW,Delantero centro,56,56,60,54,52,58,67,59,51,66,54,19,1971-01-07,27,Uruguay,Uruguay,Montevideo,,,,,,9,blanco,moreno,EQ003003.PKF,1733777,original
alte-brown-ar-1763-25286,25286,alte-brown-ar-1763,Alte. Brown (Ar.),Pelicchia,Flavio Fernando Nicolás PELICCHIA,0,False,Delantero,FW,Delantero centro,54,54,53,54,55,55,66,53,53,59,52,19,1968-09-27,29,Argentina,Argentina,Pergamino (BA),188,84,,,,7,blanco,moreno,EQ003003.PKF,1733914,original
alte-brown-ar-1763-25287,25287,alte-brown-ar-1763,Alte. Brown (Ar.),Pozzi,Adalberto Angel POZZI,0,False,Medio,MF,Media punta izquierda,53,53,54,53,52,54,51,53,55,51,57,19,1970-10-23,27,Argentina,Argentina,Villa Mugueta (Santa Fe),176,65,,,,11,blanco,moreno,EQ003003.PKF,1734111,original
cipoletti-rn-1382-25822,25822,cipoletti-rn-1382,Cipoletti (RN),Yorno,Marcelo Arturo YORNO,1,False,Portero,GK,Portero,65,65,65,62,58,78,7,7,22,15,44,55,1961-02-05,37,Argentina,Argentina,Necochea (Buenos Aires),,,,,,12,blanco,moreno,EQ003003.PKF,1734870,original
cipoletti-rn-1382-25290,25290,cipoletti-rn-1382,Cipoletti (RN),D. Amaya,Daniel Humberto AMAYA,0,False,Portero,GK,Portero,56,56,57,56,56,55,11,12,23,15,46,59,1970-11-15,27,Argentina,Argentina,Los Bulacios (Tucumán),178,72,,,,1,blanco,moreno,EQ003003.PKF,1735010,original
cipoletti-rn-1382-25823,25823,cipoletti-rn-1382,Cipoletti (RN),Squadrone,Leonardo SQUADRONE,1,False,Defensa,DF,Central derecho,67,67,69,66,62,73,58,53,54,55,59,19,1971-12-01,26,Argentina,Argentina,La Plata (Buenos Aires),,,,,,20,blanco,castano,EQ003003.PKF,1735201,original
cipoletti-rn-1382-25824,25824,cipoletti-rn-1382,Cipoletti (RN),Medina,Gabriel del Valle MEDINA,1,False,Defensa,DF,Central izquierdo,61,61,67,62,57,61,53,51,57,52,60,19,1970-12-03,27,Argentina,Argentina,Capital Federal,,,,,,17,blanco,castano,EQ003003.PKF,1735340,original
cipoletti-rn-1382-25825,25825,cipoletti-rn-1382,Cipoletti (RN),Rickemberg,José Javier RICKEMBERG,1,False,Defensa,DF,Lateral izquierdo,65,65,64,73,61,63,53,48,62,57,53,19,1979-02-11,19,Argentina,Argentina,Godoy Cruz (Mendoza),,,,,,13,blanco,castano,EQ003003.PKF,1735479,original
cipoletti-rn-1382-25826,25826,cipoletti-rn-1382,Cipoletti (RN),Beledo,Leandro C. Viana BELEDO,1,False,Defensa,DF,Lateral izquierdo,59,59,59,62,59,57,55,52,58,63,57,13,1969-04-26,29,Uruguay,Uruguay,Las Piedras,,,,,,3,blanco,moreno,EQ003003.PKF,1735624,original
cipoletti-rn-1382-25827,25827,cipoletti-rn-1382,Cipoletti (RN),Chazarreta,Walter René CHAZARRETA,1,False,Defensa,DF,Central derecho,54,54,59,52,51,57,57,55,50,58,54,19,1969-05-14,29,Argentina,Argentina,Arrecifes (Buenos Aires),,,,,,4,blanco,moreno,EQ003003.PKF,1735759,original
cipoletti-rn-1382-25293,25293,cipoletti-rn-1382,Cipoletti (RN),D. Artaza,Daniel Gustavo ARTAZA,0,False,Defensa,DF,Central izquierdo,53,53,55,53,54,52,51,55,57,59,53,19,1972-07-24,25,Argentina,Argentina,Gral. Villegas (BA),176,65,,,,6,blanco,moreno,EQ003003.PKF,1735910,original
cipoletti-rn-1382-25294,25294,cipoletti-rn-1382,Cipoletti (RN),J. Parra,Juan Desiderio PARRA,0,False,Defensa,DF,Lateral derecho,55,55,59,57,54,53,50,54,56,60,57,19,1972-06-24,26,Argentina,Argentina,Allen (Río Negro),176,65,,,,2,blanco,moreno,EQ003003.PKF,1736108,original
cipoletti-rn-1382-25828,25828,cipoletti-rn-1382,Cipoletti (RN),López,Juan Pablo Salas LÓPEZ,1,False,Medio,MF,Centrocampista izquierda,68,68,69,67,64,72,51,55,57,55,62,19,1979-06-09,19,Argentina,Argentina,Neuquén,,,,,,19,blanco,moreno,EQ003003.PKF,1736298,original
cipoletti-rn-1382-25829,25829,cipoletti-rn-1382,Cipoletti (RN),Cuenca,Oscar Miguel CUENCA,1,False,Medio,MF,Media punta por el centro,64,64,68,64,60,64,61,53,54,57,57,19,1975-03-05,23,Argentina,Argentina,Capital Federal,,,,,,15,blanco,castano,EQ003003.PKF,1736426,original
cipoletti-rn-1382-25830,25830,cipoletti-rn-1382,Cipoletti (RN),Frutos,Lorenzo FRUTOS,1,False,Medio,MF,Centrocampista izquierda,62,62,69,63,57,62,66,54,59,61,56,19,1969-05-02,29,Argentina,Argentina,Capital Federal,,,,,,14,blanco,castano,EQ003003.PKF,1736556,original
cipoletti-rn-1382-25831,25831,cipoletti-rn-1382,Cipoletti (RN),Mozas,Daniel Eduardo MOZAS,1,False,Medio,MF,Media punta derecha,55,55,55,59,52,55,56,49,59,63,55,19,1968-07-02,29,Argentina,Argentina,Santa Fe,,,,,,11,blanco,moreno,EQ003003.PKF,1736678,original
cipoletti-rn-1382-25832,25832,cipoletti-rn-1382,Cipoletti (RN),De Bonis,Sergio Gustavo DE BONIS,1,False,Medio,MF,Centrocampista izquierda,54,54,63,49,46,58,54,59,57,65,60,19,1972-02-03,26,Argentina,Argentina,Florida (Buenos Aires),,,,,,10,blanco,castano,EQ003003.PKF,1736801,original
cipoletti-rn-1382-25833,25833,cipoletti-rn-1382,Cipoletti (RN),Díaz,Ceferino Tomás DÍAZ,1,False,Medio,MF,Medio centro organizador,53,53,59,49,52,54,56,53,50,62,57,19,1972-09-02,25,Argentina,Argentina,Juan N. Fernández (Buenos Aires),,,,,,5,blanco,moreno,EQ003003.PKF,1736941,original
cipoletti-rn-1382-25306,25306,cipoletti-rn-1382,Cipoletti (RN),A. Iachetti,Aníbal Daniel IACHETTI,0,False,Medio,MF,Centrocampista derecha,59,59,60,56,59,61,60,54,54,58,57,19,1969-04-10,29,Argentina,Argentina,Cipoletti (RN),176,65,,,,8,blanco,moreno,EQ003003.PKF,1737091,original
cipoletti-rn-1382-25834,25834,cipoletti-rn-1382,Cipoletti (RN),Luque,Osvaldo Mauricio LUQUE,1,False,Delantero,FW,Delantero centro,67,67,70,67,65,69,62,57,66,67,59,19,1978-12-11,19,Argentina,Argentina,Neuquén,,,,,,18,blanco,moreno,EQ003003.PKF,1737283,original
cipoletti-rn-1382-25835,25835,cipoletti-rn-1382,Cipoletti (RN),Penayo,Ramón Silveiro PENAYO,1,False,Delantero,FW,Delantero centro,58,58,61,58,54,61,68,66,56,64,60,19,1969-05-14,29,Argentina,Argentina,Formosa,,,,,,9,blanco,castano,EQ003003.PKF,1737411,original
cipoletti-rn-1382-25836,25836,cipoletti-rn-1382,Cipoletti (RN),Benítez,Arsenio BENÍTEZ,1,False,Delantero,FW,Delantero centro,56,56,59,53,57,56,60,67,57,57,55,19,1971-12-14,26,Paraguay,Paraguay,Luque,,,,,,7,blanco,moreno,EQ003003.PKF,1737535,original
cipoletti-rn-1382-25312,25312,cipoletti-rn-1382,Cipoletti (RN),J. Sánchez,Juan Aurelio SANCHEZ,0,False,Delantero,FW,Delantero centro,66,66,68,67,66,66,59,56,51,57,62,19,1971-08-24,26,Argentina,Argentina,Azul (BA),176,65,,,,16,blanco,moreno,EQ003003.PKF,1737652,original
estudiantes-b-a-1617-26601,26601,estudiantes-b-a-1617,Estudiantes (B.A.),Luna,Alejandro Darío LUNA,1,False,Portero,GK,Portero,67,67,70,65,64,70,19,38,57,22,43,72,1976-03-10,22,Argentina,Argentina,Morón (BA),,,,,,1,blanco,moreno,EQ003003.PKF,1738400,original
estudiantes-b-a-1617-26602,26602,estudiantes-b-a-1617,Estudiantes (B.A.),Lauro,Fernando Aguirre LAURO,1,False,Portero,GK,Portero,64,64,66,61,64,65,20,19,57,19,39,65,1977-06-18,21,Argentina,Argentina,San Martín (BA),,,,,,12,blanco,castano,EQ003003.PKF,1738519,original
estudiantes-b-a-1617-25365,25365,estudiantes-b-a-1617,Estudiantes (B.A.),Raña,Juan Carlos RAÑA,0,False,Portero,GK,Portero,57,57,58,56,58,59,36,34,45,43,54,59,1971-03-31,27,Argentina,Argentina,Vicente López (BA),178,72,,,,17,blanco,moreno,EQ003003.PKF,1738651,original
estudiantes-b-a-1617-26603,26603,estudiantes-b-a-1617,Estudiantes (B.A.),Pilo,Marcelo Alejandro PILO,1,False,Defensa,DF,Lateral derecho,67,67,68,66,65,71,63,64,64,59,70,19,1972-11-28,25,Argentina,Argentina,S. Martín (BA),,,,,,2,blanco,moreno,EQ003003.PKF,1738835,original
estudiantes-b-a-1617-26604,26604,estudiantes-b-a-1617,Estudiantes (B.A.),Castillo,Fernando A. CASTILLO,1,False,Defensa,DF,Central izquierdo,64,64,66,61,62,69,57,57,59,58,70,19,1976-01-29,22,Argentina,Argentina,Capital Federal,,,,,,20,blanco,moreno,EQ003003.PKF,1738974,original
estudiantes-b-a-1617-26605,26605,estudiantes-b-a-1617,Estudiantes (B.A.),Bozzi,Mariano Gastón BOZZI,1,False,Defensa,DF,Central derecho,66,66,64,69,65,68,52,56,56,53,68,19,1977-02-04,21,Argentina,Argentina,Capital Federal,,,,,,13,blanco,moreno,EQ003003.PKF,1739116,original
estudiantes-b-a-1617-26606,26606,estudiantes-b-a-1617,Estudiantes (B.A.),Bidal,Gonzalo Hugo BIDAL,1,False,Defensa,DF,Lateral derecho,61,61,61,63,61,62,56,62,60,53,66,19,1977-10-21,20,Argentina,Argentina,Capital Federal,,,,,,18,blanco,moreno,EQ003003.PKF,1739246,original
estudiantes-b-a-1617-25367,25367,estudiantes-b-a-1617,Estudiantes (B.A.),E. Vázquez,Elvio VAZQUEZ,0,False,Defensa,DF,Central izquierdo,52,52,56,54,51,50,54,53,45,43,42,13,1963-11-11,34,Argentina,Argentina,Lomas de Zamora (BA),176,65,,,,6,blanco,moreno,EQ003003.PKF,1739369,original
estudiantes-b-a-1617-25371,25371,estudiantes-b-a-1617,Estudiantes (B.A.),Codina,Ariel Ricardo CODINA,0,False,Defensa,DF,Lateral derecho,53,53,56,54,52,53,46,45,43,45,59,15,1969-03-21,29,Argentina,Argentina,Merlo (BA),176,65,,,,4,blanco,moreno,EQ003003.PKF,1739553,original
estudiantes-b-a-1617-25374,25374,estudiantes-b-a-1617,Estudiantes (B.A.),Aldaz,Guillermo Daniel ALDAZ,0,False,Defensa,DF,Lateral izquierdo,52,52,52,53,52,51,45,43,56,53,61,17,1968-02-19,30,Argentina,Argentina,Capital Federal,176,65,,,,3,blanco,moreno,EQ003003.PKF,1739733,original
estudiantes-b-a-1617-26607,26607,estudiantes-b-a-1617,Estudiantes (B.A.),Tortoriello,Martín Hernán TORTORIELLO,1,False,Medio,MF,Centrocampista izquierda,67,67,66,67,66,69,57,67,71,64,38,19,1976-04-20,22,Argentina,Argentina,Capital Federal,,,,,,15,blanco,moreno,EQ003003.PKF,1739913,original
estudiantes-b-a-1617-26608,26608,estudiantes-b-a-1617,Estudiantes (B.A.),Requelme,Guillermo O. REQUELME,1,False,Medio,MF,Medio centro organizador,60,60,61,59,60,63,57,62,63,60,66,19,1977-09-22,20,Argentina,Argentina,Palomar (BA),,,,,,25,blanco,moreno,EQ003003.PKF,1740050,original
estudiantes-b-a-1617-26609,26609,estudiantes-b-a-1617,Estudiantes (B.A.),Navarreta,Julio NAVARRETA,1,False,Medio,MF,Interior derecho,65,65,66,65,64,66,59,62,67,63,59,19,1980-07-09,17,Argentina,Argentina,Villa María (CO),,,,,,23,blanco,castano,EQ003003.PKF,1740181,original
estudiantes-b-a-1617-26610,26610,estudiantes-b-a-1617,Estudiantes (B.A.),Matus,José María MATUS,1,False,Medio,MF,Media punta derecha,65,65,68,61,65,68,52,63,66,64,55,19,1977-04-19,21,Argentina,Argentina,Rosario (SF),,,,,,24,blanco,castano,EQ003003.PKF,1740302,original
estudiantes-b-a-1617-26611,26611,estudiantes-b-a-1617,Estudiantes (B.A.),Carballo,Mariano Gastón CARBALLO,1,False,Medio,MF,Centrocampista derecha,63,63,63,60,66,64,59,65,67,57,52,19,1977-09-26,20,Argentina,Argentina,Capital Federal,,,,,,14,blanco,moreno,EQ003003.PKF,1740429,original
estudiantes-b-a-1617-25375,25375,estudiantes-b-a-1617,Estudiantes (B.A.),Di Prinzio,Germán DI PRINZIO,0,False,Medio,MF,Centrocampista derecha,51,51,52,51,52,51,44,43,42,41,52,14,1975-10-02,22,Argentina,Argentina,Capital Federal,176,65,,,,21,blanco,moreno,EQ003003.PKF,1740566,original
estudiantes-b-a-1617-25376,25376,estudiantes-b-a-1617,Estudiantes (B.A.),Checchia,Rubén Darío CHECCHIA,0,False,Defensa,DF,Central izquierdo,52,52,54,52,53,52,45,43,43,44,45,13,1968-04-30,30,Argentina,Argentina,La Plata (BA),174,66,,,,5,blanco,castano,EQ003003.PKF,1740752,original
estudiantes-b-a-1617-25378,25378,estudiantes-b-a-1617,Estudiantes (B.A.),Guiñazú,Luciano GUIÑAZU,0,False,Medio,MF,Media punta por el centro,54,54,54,56,55,54,44,43,32,43,56,14,1971-11-01,26,Argentina,Argentina,Capital Federal,175,71,,,,10,blanco,moreno,EQ003003.PKF,1740927,original
estudiantes-b-a-1617-25379,25379,estudiantes-b-a-1617,Estudiantes (B.A.),Teri,Héctor Alejandro TERI,0,False,Medio,MF,Interior derecho,51,51,53,51,50,51,52,54,45,54,62,15,1971-10-21,26,Argentina,Argentina,Capital Federal,186,76,,,,8,blanco,moreno,EQ003003.PKF,1741102,original
estudiantes-b-a-1617-25381,25381,estudiantes-b-a-1617,Estudiantes (B.A.),S. Juárez,Sergio Ramón JUAREZ,0,False,Medio,MF,Centrocampista derecha,53,53,54,53,52,53,44,45,46,43,43,12,1971-06-20,27,Argentina,Argentina,Santiago del Estero,179,76,,,,11,blanco,moreno,EQ003003.PKF,1741283,original
estudiantes-b-a-1617-26612,26612,estudiantes-b-a-1617,Estudiantes (B.A.),Méndez,Alejandro J. MÉNDEZ,1,False,Delantero,FW,Extremo derecho,68,68,69,67,68,68,65,66,67,65,55,38,1969-05-03,29,Argentina,Argentina,Capital Federal,,,,,,9,blanco,moreno,EQ003003.PKF,1741468,original
estudiantes-b-a-1617-26613,26613,estudiantes-b-a-1617,Estudiantes (B.A.),Jeréz,Roberto Marcelo JERÉZ,1,False,Delantero,FW,Delantero centro,65,65,66,65,63,69,64,67,66,70,53,19,1977-09-25,20,Argentina,Argentina,Castelar (BA),,,,,,7,blanco,castano,EQ003003.PKF,1741595,original
estudiantes-b-a-1617-26614,26614,estudiantes-b-a-1617,Estudiantes (B.A.),Caiafa,Gabriel Hernán CAIAFA,1,False,Delantero,FW,Delantero centro,64,64,66,60,64,68,68,65,60,68,57,19,1976-12-27,21,Argentina,Argentina,Capital Federal,,,,,,19,blanco,castano,EQ003003.PKF,1741723,original
estudiantes-b-a-1617-26615,26615,estudiantes-b-a-1617,Estudiantes (B.A.),Bedrossian,Pedro Adevis BEDROSSIAN,1,False,Delantero,FW,Extremo derecho,60,60,58,57,59,66,63,67,59,66,58,19,1975-04-12,23,Argentina,Argentina,Mar de Ajó (BA),,,,,,16,blanco,moreno,EQ003003.PKF,1741855,original
estudiantes-b-a-1617-25388,25388,estudiantes-b-a-1617,Estudiantes (B.A.),Botek,Diego H. Luis BOTEK,0,False,Delantero,FW,Delantero centro,51,51,52,53,51,50,62,43,35,57,34,14,1978-10-31,19,Argentina,Argentina,Buenos Aires,176,65,,,,22,blanco,moreno,EQ003003.PKF,1741995,original
olimpo-1855-25391,25391,olimpo-1855,Olimpo,Ciattaglia,Sergio Augusto CIATTAGLIA,0,False,Portero,GK,Portero,58,58,60,58,57,59,10,14,21,14,49,62,1967-06-10,31,Argentina,Argentina,Cañada de Gómez (SF),178,72,,,,1,blanco,castano,EQ003003.PKF,1742725,original
olimpo-1855-25392,25392,olimpo-1855,Olimpo,Sarti,Walter Adrián SARTI,0,False,Portero,GK,Portero,55,55,56,56,55,56,12,15,21,9,56,59,1972-12-02,25,Argentina,Argentina,Bahía Blanca (BA),178,72,,,,12,blanco,moreno,EQ003003.PKF,1742934,original
olimpo-1855-25746,25746,olimpo-1855,Olimpo,Trivisono,Marcelo Angel TRIVISONO,1,False,Defensa,DF,Central izquierdo,57,57,65,57,53,53,49,59,61,54,58,19,1966-06-08,32,Argentina,Argentina,Rosario (Santa Fe),,,,,,17,blanco,moreno,EQ003003.PKF,1743120,original
olimpo-1855-17493,17493,olimpo-1855,Olimpo,Grecco,Horacio Héctor GRECCO,26,False,Defensa,DF,Central izquierdo,78,78,77,82,79,75,68,62,65,68,90,12,1970-03-12,28,Argentina,Argentina,Capital Federal,190,80,,,,4,blanco,moreno,EQ003003.PKF,1743264,original
olimpo-1855-25747,25747,olimpo-1855,Olimpo,Cornejo,Sergio Alejandro CORNEJO,1,False,Defensa,DF,Central derecho,57,57,63,57,53,56,58,59,61,54,59,19,1969-01-22,29,Argentina,Argentina,Esperanza (Santa Fe),,,,,,13,blanco,moreno,EQ003003.PKF,1744129,original
olimpo-1855-25393,25393,olimpo-1855,Olimpo,Cuenca Zaldívar,Enrique Omar CUENCA ZALDIVAR,0,False,Defensa,DF,Lateral izquierdo,54,54,57,55,53,54,62,57,60,62,60,19,1967-09-20,30,Paraguay,Paraguay,Miranda (Paraguay),176,65,,,,3,blanco,moreno,EQ003003.PKF,1744272,original
olimpo-1855-25394,25394,olimpo-1855,Olimpo,C. López,Cecilio LOPEZ,0,False,Defensa,DF,Central izquierdo,55,55,57,54,56,53,58,51,60,57,55,19,1972-01-25,26,Argentina,Argentina,San José (Sgo. del Estero),174,66,,,,2,blanco,moreno,EQ003003.PKF,1744469,original
olimpo-1855-25396,25396,olimpo-1855,Olimpo,Troyansky,Fernando Ariel TROYANSKY,0,False,Defensa,DF,Lateral izquierdo,55,55,58,56,53,53,54,53,58,53,62,19,1977-11-24,20,Argentina,Argentina,Bahía Blanca (BA),176,65,,,,15,blanco,castano,EQ003003.PKF,1744661,original
olimpo-1855-25401,25401,olimpo-1855,Olimpo,M. Fernández,Mario Ariel FERNANDEZ,0,False,Defensa,DF,Central derecho,55,55,57,55,54,54,47,56,53,58,51,19,1969-12-20,28,Argentina,Argentina,Laprida (BA),186,76,,,,5,blanco,moreno,EQ003003.PKF,1744856,original
olimpo-1855-25748,25748,olimpo-1855,Olimpo,Bertola,Carlos Ariel BERTOLA,1,False,Medio,MF,Medio centro organizador,56,56,56,53,50,67,59,58,55,59,57,19,1974-12-14,23,Argentina,Argentina,Córdoba,,,,,,24,blanco,moreno,EQ003003.PKF,1745044,original
olimpo-1855-25749,25749,olimpo-1855,Olimpo,Hidalgo,Alejandro Oscar HIDALGO,1,False,Medio,MF,Interior izquierdo,57,57,57,61,52,59,66,56,60,56,53,19,1973-07-11,24,Argentina,Argentina,Bahía Blanca (Buenos Aires),,,,,,23,blanco,moreno,EQ003003.PKF,1745177,original
olimpo-1855-25750,25750,olimpo-1855,Olimpo,Martínez,Rogelio Salvador MARTÍNEZ,1,False,Medio,MF,Media punta izquierda,59,59,56,61,59,63,59,57,62,59,58,19,1976-08-27,21,Argentina,Argentina,Moreno (Buenos Aires),,,,,,22,blanco,castano,EQ003003.PKF,1745334,original
olimpo-1855-25751,25751,olimpo-1855,Olimpo,Cisneros,Franco Nicolás CISNEROS,1,False,Medio,MF,Media punta por el centro,57,57,64,56,53,57,55,60,58,51,59,19,1978-04-04,20,Argentina,Argentina,Juan Couste (Buenos Aires),,,,,,21,blanco,castano,EQ003003.PKF,1745481,original
olimpo-1855-25752,25752,olimpo-1855,Olimpo,Galarza,Roberto Carlos GALARZA,1,False,Medio,MF,Interior derecho,58,58,66,58,52,56,57,55,51,58,53,19,1975-05-03,23,Argentina,Argentina,Avellaneda (Buenos Aires),,,,,,20,blanco,castano,EQ003003.PKF,1745630,original
olimpo-1855-17422,17422,olimpo-1855,Olimpo,Esmerado,Gastón Rubén ESMERADO,25,False,Medio,MF,Centrocampista izquierda,76,76,78,76,75,77,64,80,83,63,62,18,1978-02-08,20,Argentina,Argentina,Lomas de Zamora (BA),177,69,,,,10,blanco,moreno,EQ003003.PKF,1745773,original
olimpo-1855-25753,25753,olimpo-1855,Olimpo,Landeiro,Diego Alberto LANDEIRO,1,False,Medio,MF,Centrocampista derecha,54,54,58,53,52,55,54,62,58,52,53,19,1972-12-20,25,Argentina,Argentina,Buenos Aires,,,,,,6,blanco,castano,EQ003003.PKF,1748229,original
olimpo-1855-25404,25404,olimpo-1855,Olimpo,Bochile,Alejandro Lucas BOCHILE,0,False,Medio,MF,Media punta por el centro,54,54,54,55,53,54,51,57,54,60,56,19,1976-10-17,21,Argentina,Argentina,Buenos Aires,179,76,,,,19,blanco,moreno,EQ003003.PKF,1748363,original
olimpo-1855-25405,25405,olimpo-1855,Olimpo,Tassara,Sergio Raúl TASSARA,0,False,Medio,MF,Centrocampista izquierda,56,56,59,56,55,56,59,66,51,65,61,19,1969-02-24,29,Argentina,Argentina,Bahía Blanca (BA),188,81,,,,11,blanco,moreno,EQ003003.PKF,1748542,original
olimpo-1855-25408,25408,olimpo-1855,Olimpo,Novarese,Sandro Roberto NOVARESE,0,False,Medio,MF,Extremo derecho,54,54,55,54,53,54,62,58,60,65,60,19,1969-05-19,29,Argentina,Argentina,Capital Federal,179,76,,,,14,blanco,moreno,EQ003003.PKF,1748736,original
olimpo-1855-25754,25754,olimpo-1855,Olimpo,Amaya,Guillermo Ariel AMAYA,1,False,Delantero,FW,Delantero centro,57,57,59,63,53,55,61,53,65,57,59,19,1975-08-12,22,Argentina,Argentina,Bahía Blanca (Buenos Aires),,,,,,25,blanco,moreno,EQ003003.PKF,1748916,original
olimpo-1855-25755,25755,olimpo-1855,Olimpo,Pais,Diego Joaquín PAIS,1,False,Delantero,FW,Media punta por el centro,55,55,61,52,48,60,58,53,59,54,57,19,1976-07-06,21,Argentina,Argentina,Bahía Blanca (Buenos Aires),,,,,,18,blanco,castano,EQ003003.PKF,1749064,original
olimpo-1855-25756,25756,olimpo-1855,Olimpo,Saavedra,Roberto Carlos SAAVEDRA,1,False,Delantero,FW,Delantero centro,61,61,60,64,60,63,65,62,52,56,61,19,1970-04-08,28,Argentina,Argentina,Sunchales (Santa Fe),,,,,,16,blanco,castano,EQ003003.PKF,1749205,original
olimpo-1855-20785,20785,olimpo-1855,Olimpo,Fernández,Fabián Oscar FERNANDEZ,20,False,Delantero,FW,Delantero centro,79,79,83,78,75,83,82,81,65,81,63,18,1968-10-20,29,Argentina,Argentina,Coronel Suárez (BA),175,69,,,,7,blanco,rubio,EQ003003.PKF,1749352,original
olimpo-1855-25757,25757,olimpo-1855,Olimpo,Gorozo,Martín Alejandro GOROZO,1,False,Delantero,FW,Delantero centro,56,56,60,55,51,60,65,69,60,68,59,19,1974-07-18,23,Argentina,Argentina,Tandil (Buenos Aires),,,,,,9,blanco,castano,EQ003003.PKF,1753775,original
olimpo-1855-25417,25417,olimpo-1855,Olimpo,R. Cisneros,Renato Oscar CISNEROS,0,False,Delantero,FW,Extremo izquierdo,54,54,54,55,54,53,63,58,52,60,58,19,1977-04-20,21,Argentina,Argentina,Algarrobo (BA),175,71,,,,8,blanco,moreno,EQ003003.PKF,1753914,original
san-martín-mza-1603-25896,25896,san-martín-mza-1603,San Martín (Mza),Demaría,Claudio DEMARÍA,1,False,Defensa,DF,Lateral derecho,58,58,65,56,53,58,48,55,66,59,63,19,1972-08-13,25,Argentina,Argentina,Córdoba,,,,,,21,blanco,castano,EQ003003.PKF,1754679,original
san-martín-mza-1603-25897,25897,san-martín-mza-1603,San Martín (Mza),Cerdá,Antonio CERDÁ,1,False,Defensa,DF,Lateral izquierdo,59,59,62,56,62,59,59,57,67,59,54,19,1975-06-13,23,Argentina,Argentina,San Martín (Mendoza),,,,,,20,blanco,moreno,EQ003003.PKF,1754797,original
san-martín-mza-1603-25898,25898,san-martín-mza-1603,San Martín (Mza),Camus,Gustavo Andrés CAMUS,1,False,Defensa,DF,Central derecho,58,58,67,55,52,58,64,53,57,59,57,19,1975-08-24,22,Argentina,Argentina,San Martín (Mendoza),,,,,,16,blanco,moreno,EQ003003.PKF,1754925,original
san-martín-mza-1603-25899,25899,san-martín-mza-1603,San Martín (Mza),Medina,Darío MEDINA,1,False,Defensa,DF,Central derecho,54,54,61,56,46,55,54,57,62,57,56,19,1979-02-12,19,Argentina,Argentina,San Martín (Mendoza),,,,,,4,blanco,castano,EQ003003.PKF,1755060,original
san-martín-mza-1603-25422,25422,san-martín-mza-1603,San Martín (Mza),Magistretti,Mauricio Eduardo MAGISTRETTI,0,False,Defensa,DF,Libre,55,55,58,55,56,54,61,57,66,64,61,19,1968-12-28,29,Argentina,Argentina,San Rafael (Mza),176,65,,,,2,blanco,moreno,EQ003003.PKF,1755188,original
san-martín-mza-1603-25424,25424,san-martín-mza-1603,San Martín (Mza),F. Giménez,Fabio Gustavo GIMÉNEZ,0,False,Defensa,DF,Central izquierdo,53,53,56,54,53,52,60,56,58,66,64,19,1969-04-30,29,Argentina,Argentina,Mendoza,176,65,,,,6,blanco,moreno,EQ003003.PKF,1755392,original
san-martín-mza-1603-25426,25426,san-martín-mza-1603,San Martín (Mza),O. Almeida,Osvaldo Iván ALMEIDA,0,False,Defensa,DF,Lateral izquierdo,55,55,58,56,54,53,59,53,64,61,64,19,1971-12-18,26,Argentina,Argentina,Palmira (Mendoza),176,65,,,,3,blanco,rubio,EQ003003.PKF,1755572,original
san-martín-mza-1603-25427,25427,san-martín-mza-1603,San Martín (Mza),R. Sosa,Rolando Mario SOSA,0,False,Defensa,DF,Lateral derecho,55,55,57,54,56,53,54,59,66,64,63,19,1970-02-19,28,Argentina,Argentina,Mendoza,174,66,,,,13,blanco,moreno,EQ003003.PKF,1755765,original
san-martín-mza-1603-25900,25900,san-martín-mza-1603,San Martín (Mza),Almeida,Hermes Rubén ALMEIDA,1,False,Medio,MF,Media punta por el centro,60,60,64,61,55,63,65,61,57,62,58,19,1969-03-09,29,Argentina,Argentina,Mendoza,,,,,,19,blanco,castano,EQ003003.PKF,1755934,original
san-martín-mza-1603-25901,25901,san-martín-mza-1603,San Martín (Mza),Agüero,Sergio J. Jesús AGÜERO,1,False,Medio,MF,Medio centro organizador,61,61,59,66,56,63,65,62,56,58,64,19,1976-01-27,22,Argentina,Argentina,San Martín (Mendoza),,,,,,14,blanco,castano,EQ003003.PKF,1756069,original
san-martín-mza-1603-25902,25902,san-martín-mza-1603,San Martín (Mza),Gervasoni,Marcelo GERVASONI,1,False,Medio,MF,Media punta derecha,60,60,64,60,58,60,57,59,65,69,66,19,1971-04-19,27,Argentina,Argentina,Rafaela (Santa Fe),,,,,,11,blanco,castano,EQ003003.PKF,1756207,original
san-martín-mza-1603-25903,25903,san-martín-mza-1603,San Martín (Mza),Vargas,Omar Francisco VARGAS,1,False,Medio,MF,Media punta izquierda,62,62,62,59,62,65,59,64,62,67,65,19,1967-01-23,31,Argentina,Argentina,San Juan,,,,,,10,blanco,castano,EQ003003.PKF,1756343,original
san-martín-mza-1603-25904,25904,san-martín-mza-1603,San Martín (Mza),Batalla,Alejandro Gabriel BATALLA,1,False,Medio,MF,Medio centro organizador,61,61,64,62,57,62,66,59,63,62,59,19,1973-02-06,25,Argentina,Argentina,Las Palmas (Chaco),,,,,,5,blanco,castano,EQ003003.PKF,1756470,original
san-martín-mza-1603-25433,25433,san-martín-mza-1603,San Martín (Mza),Videla,Ramón Ceferino VIDELA,0,False,Medio,MF,Interior derecho,56,56,58,56,54,56,57,63,60,64,60,19,1974-12-30,23,Argentina,Argentina,San Martín (Mendoza),186,76,,,,8,blanco,moreno,EQ003003.PKF,1756614,original
san-martín-mza-1603-25905,25905,san-martín-mza-1603,San Martín (Mza),Selenzo,Leonardo Daniel SELENZO,1,False,Delantero,FW,Delantero centro,58,58,61,60,56,58,65,62,56,60,56,19,1972-02-25,26,Argentina,Argentina,Ramallo (Buenos Aires),,,,,,23,blanco,castano,EQ003003.PKF,1756804,original
san-martín-mza-1603-25906,25906,san-martín-mza-1603,San Martín (Mza),Sánchez,Federico SÁNCHEZ,1,False,Delantero,FW,Delantero centro,61,61,64,61,59,62,63,67,57,63,58,19,1976-07-01,22,Argentina,Argentina,Belgrano (Santa Fe),,,,,,22,blanco,moreno,EQ003003.PKF,1756951,original
san-martín-mza-1603-25907,25907,san-martín-mza-1603,San Martín (Mza),Arzubialde,Alberto G. ARZUBIALDE,1,False,Delantero,FW,Extremo derecho,58,58,56,61,58,60,58,65,53,58,62,19,1965-12-02,32,Argentina,Argentina,Bell Ville (Córdoba),,,,,,18,blanco,moreno,EQ003003.PKF,1757092,original
san-martín-mza-1603-25908,25908,san-martín-mza-1603,San Martín (Mza),Luque,Luis Fernando LUQUE,1,False,Delantero,FW,Delantero centro,64,64,67,64,62,63,68,58,60,71,59,19,1976-01-28,22,Argentina,Argentina,San Martín (Mendoza),,,,,,17,blanco,castano,EQ003003.PKF,1757233,original
san-martín-mza-1603-25909,25909,san-martín-mza-1603,San Martín (Mza),Armendáriz,Cristian ARMENDÁRIZ,1,False,Delantero,FW,Delantero centro,58,58,60,59,55,61,62,65,58,70,69,11,1977-02-15,21,Argentina,Argentina,Rosario (Santa Fe),,,,,,15,blanco,moreno,EQ003003.PKF,1757367,original
san-martín-mza-1603-25910,25910,san-martín-mza-1603,San Martín (Mza),Dillon,Ricardo Horacio DILLON,1,False,Delantero,FW,Delantero centro,60,60,62,63,55,60,70,67,58,64,59,19,1965-08-04,32,Argentina,Argentina,Mendoza,,,,,,7,blanco,castano,EQ003003.PKF,1757506,original
san-martín-mza-1603-25444,25444,san-martín-mza-1603,San Martín (Mza),Riquelme,Carlos Eduardo RIQUELME,0,False,Delantero,FW,Extremo derecho,54,54,54,53,55,54,72,67,59,69,65,19,1968-03-02,30,Argentina,Argentina,Villa Mercedes (San Luis),175,71,,,,9,blanco,moreno,EQ003003.PKF,1757636,original
san-martín-mza-1603-25911,25911,san-martín-mza-1603,San Martín (Mza),Martín,Luis MARTÍN,1,False,Portero,GK,Portero,59,59,62,60,55,60,10,7,9,18,57,59,1975-07-18,22,Argentina,Argentina,Rivadavia (Mendoza),,,,,,12,blanco,castano,EQ003003.PKF,1757839,original
san-martín-mza-1603-25912,25912,san-martín-mza-1603,San Martín (Mza),Aguirre,Leonardo AAdrián AGUIRRE,1,False,Portero,GK,Portero,59,59,62,59,55,63,13,15,21,13,46,56,1971-02-19,27,Argentina,Argentina,Buenos Aires,,,,,,1,blanco,moreno,EQ003003.PKF,1757978,original
juv-antoniana-1439-25913,25913,juv-antoniana-1439,Juv. Antoniana,García,Javier GARCÍA,1,False,Portero,GK,Portero,52,52,50,52,50,59,2,7,15,10,49,59,1975-05-05,23,Argentina,Argentina,Salta,,,,,,21,blanco,moreno,EQ003003.PKF,1758670,original
juv-antoniana-1439-25914,25914,juv-antoniana-1439,Juv. Antoniana,Bernardas,Cristian BERNARDAS,1,False,Portero,GK,Portero,54,54,50,58,53,56,7,10,20,14,55,62,1971-02-25,27,Argentina,Argentina,Quilmes (Buenos Aires),,,,,,12,blanco,castano,EQ003003.PKF,1758784,original
juv-antoniana-1439-25915,25915,juv-antoniana-1439,Juv. Antoniana,Valdivieso,José Antonio VALDIVIESO,1,False,Portero,GK,Portero,66,66,66,63,64,74,49,50,53,50,59,74,1970-10-07,27,Argentina,Argentina,Targatal (Salta),,,,,,1,blanco,moreno,EQ003003.PKF,1758928,original
juv-antoniana-1439-25916,25916,juv-antoniana-1439,Juv. Antoniana,Jara,Lucas JARA,1,False,Defensa,DF,Lateral izquierdo,51,51,56,50,50,51,66,56,64,65,60,19,1977-04-28,21,Argentina,Argentina,Salta,,,,,,22,blanco,castano,EQ003003.PKF,1759067,original
juv-antoniana-1439-25917,25917,juv-antoniana-1439,Juv. Antoniana,Casal,Alejandro CASAL,1,False,Defensa,DF,Central derecho,55,55,56,55,53,56,65,63,61,67,63,19,1976-12-17,21,Argentina,Argentina,Salta,,,,,,18,blanco,castano,EQ003003.PKF,1759176,original
juv-antoniana-1439-25918,25918,juv-antoniana-1439,Juv. Antoniana,Boggio,Alberto BOGGIO,1,False,Defensa,DF,Central derecho,56,56,59,54,51,60,59,57,66,68,67,19,1969-08-14,28,Argentina,Argentina,Rosario (Santa Fe),,,,,,17,blanco,moreno,EQ003003.PKF,1759291,original
juv-antoniana-1439-25919,25919,juv-antoniana-1439,Juv. Antoniana,Jiménez,Nicolás Darío JIMÉNEZ,1,False,Defensa,DF,Lateral izquierdo,52,52,56,51,48,55,68,59,64,67,64,19,1976-02-06,22,Argentina,Argentina,Salta,,,,,,14,blanco,castano,EQ003003.PKF,1759426,original
juv-antoniana-1439-25920,25920,juv-antoniana-1439,Juv. Antoniana,Contreras,Cristian CONTRERAS,1,False,Defensa,DF,Central derecho,56,56,51,62,56,57,61,55,67,59,63,19,1977-01-06,21,Argentina,Argentina,Salta,,,,,,13,blanco,castano,EQ003003.PKF,1759549,original
juv-antoniana-1439-25921,25921,juv-antoniana-1439,Juv. Antoniana,Berzero,Javier Rubén BERZERO,1,False,Defensa,DF,Libre,68,68,69,67,66,71,57,61,61,55,57,19,1967-01-04,31,Argentina,Argentina,Rafaela (Santa Fe),,,,,,5,blanco,castano,EQ003003.PKF,1759671,original
juv-antoniana-1439-25922,25922,juv-antoniana-1439,Juv. Antoniana,González,Hernán GONZÁLEZ,1,False,Defensa,DF,Lateral derecho,68,68,70,67,69,66,66,57,62,70,57,19,1975-05-15,23,Argentina,Argentina,San Miguel (Tucumán),,,,,,2,blanco,castano,EQ003003.PKF,1759808,original
juv-antoniana-1439-25923,25923,juv-antoniana-1439,Juv. Antoniana,Kalujerovich,Emilio KALUJEROVICH,1,False,Defensa,DF,Central izquierdo,66,66,69,65,61,69,59,65,64,69,65,19,1967-07-21,30,Argentina,Argentina,Buenos Aires,,,,,,3,blanco,moreno,EQ003003.PKF,1759948,original
juv-antoniana-1439-25924,25924,juv-antoniana-1439,Juv. Antoniana,Laspada,Mauro Sebastián LASPADA,1,False,Defensa,DF,Central derecho,66,66,65,70,65,67,66,64,68,67,63,19,1975-01-09,23,Argentina,Argentina,Mendoza,,,,,,4,blanco,castano,EQ003003.PKF,1760081,original
juv-antoniana-1439-25925,25925,juv-antoniana-1439,Juv. Antoniana,Toncovich,Marcos TONCOVICH,1,False,Medio,MF,Centrocampista derecha,54,54,56,54,55,51,61,57,66,71,67,19,1978-03-17,20,Argentina,Argentina,Salta,,,,,,25,blanco,castano,EQ003003.PKF,1760210,original
juv-antoniana-1439-25926,25926,juv-antoniana-1439,Juv. Antoniana,Rufino,Gastóm RUFINO,1,False,Medio,MF,Medio centro organizador,52,52,58,52,49,52,68,61,66,63,65,19,1979-01-30,19,Argentina,Argentina,Salta,,,,,,24,blanco,castano,EQ003003.PKF,1760330,original
juv-antoniana-1439-25927,25927,juv-antoniana-1439,Juv. Antoniana,Puntano,Adolfo PUNTANO,1,False,Medio,MF,Centrocampista izquierda,52,52,50,58,50,51,63,55,67,66,60,19,1977-01-07,21,Argentina,Argentina,Salta,,,,,,23,blanco,castano,EQ003003.PKF,1760444,original
juv-antoniana-1439-25928,25928,juv-antoniana-1439,Juv. Antoniana,Bernuncio,Ramoón Angel BERNUNCIO,1,False,Medio,MF,Interior derecho,49,49,48,45,49,56,57,64,77,71,66,19,1965-06-15,33,Argentina,Argentina,Buenos Aires,,,,,,20,blanco,moreno,EQ003003.PKF,1760560,original
juv-antoniana-1439-25929,25929,juv-antoniana-1439,Juv. Antoniana,Aguirre,Héctor AGUIRRE,1,False,Medio,MF,Media punta derecha,67,67,65,70,67,69,65,68,70,67,63,19,1972-11-21,25,Argentina,Argentina,Salta,,,,,,11,blanco,moreno,EQ003003.PKF,1760698,original
juv-antoniana-1439-25930,25930,juv-antoniana-1439,Juv. Antoniana,Heinze,Hernán Alejandro HEINZE,1,False,Medio,MF,Centrocampista izquierda,69,69,66,74,67,72,69,62,65,69,63,19,1972-01-26,26,Argentina,Argentina,Resistencia (Chaco),,,,,,8,blanco,moreno,EQ003003.PKF,1760814,original
juv-antoniana-1439-25931,25931,juv-antoniana-1439,Juv. Antoniana,Albornoz,Sergio ALBORNOZ,1,False,Medio,MF,Centrocampista derecha,66,66,64,69,66,68,63,67,66,69,57,19,1970-03-10,28,Argentina,Argentina,Berazategui (Buenos Aires),,,,,,6,blanco,castano,EQ003003.PKF,1760952,original
juv-antoniana-1439-25932,25932,juv-antoniana-1439,Juv. Antoniana,Díaz,Cristian DÍAZ,1,False,Delantero,FW,Media punta por el centro,56,56,56,60,52,59,62,66,58,60,57,19,1979-10-23,18,Argentina,Argentina,Salta,,,,,,19,blanco,castano,EQ003003.PKF,1761090,original
juv-antoniana-1439-25933,25933,juv-antoniana-1439,Juv. Antoniana,Lucco,Gustavo LUCCO,1,False,Delantero,FW,Extremo derecho,55,55,55,54,51,61,75,69,60,64,61,19,1973-02-10,25,Argentina,Argentina,Córdoba,,,,,,16,blanco,castano,EQ003003.PKF,1761202,original
juv-antoniana-1439-25934,25934,juv-antoniana-1439,Juv. Antoniana,Dolinsky,Pablo DOLINSKY,1,False,Delantero,FW,Extremo derecho,55,55,54,59,53,54,65,68,69,74,69,19,1976-03-29,22,Argentina,Argentina,Salta,,,,,,15,blanco,castano,EQ003003.PKF,1761327,original
juv-antoniana-1439-25935,25935,juv-antoniana-1439,Juv. Antoniana,Barragán,Roberto M. BARRAGÁN,1,False,Delantero,FW,Delantero centro,70,70,74,72,65,69,71,68,62,75,62,19,1971-03-31,27,Argentina,Argentina,Chivilcoy (Buenos Aires),,,,,,7,blanco,castano,EQ003003.PKF,1761444,original
juv-antoniana-1439-25936,25936,juv-antoniana-1439,Juv. Antoniana,Velarde,Miguel Angel VELARDE,1,False,Delantero,FW,Interior izquierdo,68,68,67,70,67,71,69,65,69,66,66,19,1969-06-05,29,Argentina,Argentina,Ledesma (Jujuy),,,,,,10,blanco,castano,EQ003003.PKF,1761584,original
juv-antoniana-1439-25937,25937,juv-antoniana-1439,Juv. Antoniana,Gómez,Oscar Armando GÓMEZ,1,False,Delantero,FW,Delantero centro,66,66,68,64,61,74,68,64,70,71,66,19,1968-08-16,29,Argentina,Argentina,Santa Fe,,,,,,9,blanco,moreno,EQ003003.PKF,1761721,original
gim-entre-ríos-1658-25938,25938,gim-entre-ríos-1658,Gim. Entre Ríos,Kloster,Javier KLOSTER,1,False,Portero,GK,Portero,55,55,58,54,52,56,11,5,8,15,14,57,1979-02-18,19,Argentina,Argentina,Concepción de Uruguay,,,,,,12,blanco,moreno,EQ003003.PKF,1762423,original
gim-entre-ríos-1658-25939,25939,gim-entre-ríos-1658,Gim. Entre Ríos,Herrera,Jorge Omar HERRERA,1,False,Portero,GK,Portero,63,63,69,63,57,64,57,53,55,45,46,64,1963-12-01,34,Argentina,Argentina,Concepción de Uruguay,,,,,,1,blanco,castano,EQ003003.PKF,1762555,original
gim-entre-ríos-1658-25940,25940,gim-entre-ríos-1658,Gim. Entre Ríos,Rodríguez,Pablo RODRÍGUEZ,1,False,Defensa,DF,Lateral derecho,52,52,52,56,51,52,64,57,57,58,55,19,1979-03-19,19,Argentina,Argentina,Concepción de Uruguay (Entre Rios),,,,,,15,blanco,moreno,EQ003003.PKF,1762691,original
gim-entre-ríos-1658-25941,25941,gim-entre-ríos-1658,Gim. Entre Ríos,Monge,Juan Luis MONGE,1,False,Defensa,DF,Lateral izquierdo,56,56,53,60,59,54,52,55,63,58,61,19,1971-11-03,26,Argentina,Argentina,Rosario del Tala (Entre Rios),,,,,,14,blanco,moreno,EQ003003.PKF,1762839,original
gim-entre-ríos-1658-25942,25942,gim-entre-ríos-1658,Gim. Entre Ríos,Migliasso,Marcelo G. MIGLIASSO,1,False,Defensa,DF,Central derecho,56,56,54,58,54,58,52,54,65,61,58,19,1968-01-08,30,Argentina,Argentina,Colonia de San Bartolomé,,,,,,13,blanco,moreno,EQ003003.PKF,1762978,original
gim-entre-ríos-1658-23052,23052,gim-entre-ríos-1658,Gim. Entre Ríos,Grelak,Alfredo Daniel GRELAK,1,False,Defensa,DF,Central derecho,65,65,65,63,65,70,60,62,68,66,64,19,1970-06-20,28,Argentina,Argentina,Quilmes,176,69,,,,5,blanco,moreno,EQ003003.PKF,1763121,original
gim-entre-ríos-1658-25943,25943,gim-entre-ríos-1658,Gim. Entre Ríos,Segovia,Néstor Eduardo SEGOVIA,1,False,Defensa,DF,Central derecho,65,65,60,69,65,68,59,58,71,62,61,19,1974-08-22,23,Argentina,Argentina,Buenos Aires,,,,,,4,blanco,castano,EQ003003.PKF,1763244,original
gim-entre-ríos-1658-25944,25944,gim-entre-ríos-1658,Gim. Entre Ríos,Alba,Mario Sergio ALBA,1,False,Defensa,DF,Lateral derecho,62,62,60,64,60,65,56,54,65,60,62,19,1968-05-15,30,Argentina,Argentina,Concepción de Uruguay,,,,,,2,blanco,moreno,EQ003003.PKF,1763375,original
gim-entre-ríos-1658-25945,25945,gim-entre-ríos-1658,Gim. Entre Ríos,Vanadía,Gastón Eduardo VANADÍA,1,False,Medio,MF,Media punta izquierda,58,58,60,58,58,56,67,69,68,62,60,19,1974-01-25,24,Argentina,Argentina,Wilde (Buenos Aires),,,,,,24,blanco,moreno,EQ003003.PKF,1763507,original
gim-entre-ríos-1658-25946,25946,gim-entre-ríos-1658,Gim. Entre Ríos,Torres,Nicolás TORRES,1,False,Medio,MF,Media punta derecha,55,55,58,59,50,55,64,64,69,68,57,13,1982-07-05,15,Argentina,Argentina,Concepción de Uruguay (Entre Rios),,,,,,23,blanco,moreno,EQ003003.PKF,1763650,original
gim-entre-ríos-1658-25947,25947,gim-entre-ríos-1658,Gim. Entre Ríos,Leiva,Sergio LEIVA,1,False,Medio,MF,Medio centro organizador,57,57,61,57,53,57,64,62,69,64,57,19,1979-03-23,19,Argentina,Argentina,Concepción de Uruguay (Entre Rios),,,,,,22,blanco,moreno,EQ003003.PKF,1763794,original
gim-entre-ríos-1658-25948,25948,gim-entre-ríos-1658,Gim. Entre Ríos,Leguizamón,Luciano LEGUIZAMÓN,1,False,Medio,MF,Media punta derecha,57,57,57,59,56,59,58,71,64,67,63,19,1982-07-01,16,Argentina,Argentina,Concepción de Uruguay (Entre Rios),,,,,,21,blanco,castano,EQ003003.PKF,1763935,original
gim-entre-ríos-1658-25949,25949,gim-entre-ríos-1658,Gim. Entre Ríos,Cosenza,Gabrile COSENZA,1,False,Medio,MF,Media punta por el centro,55,55,56,55,53,59,65,63,67,65,61,19,1974-03-06,24,Argentina,Argentina,Buenos Aires,,,,,,20,blanco,castano,EQ003003.PKF,1764087,original
gim-entre-ríos-1658-25950,25950,gim-entre-ríos-1658,Gim. Entre Ríos,Bernal,José María BERNAL,1,False,Medio,MF,Interior izquierdo,55,55,58,55,52,58,61,64,61,67,57,19,1974-05-25,24,Argentina,Argentina,Posadas (Misiones),,,,,,19,blanco,moreno,EQ003003.PKF,1764208,original
gim-entre-ríos-1658-25951,25951,gim-entre-ríos-1658,Gim. Entre Ríos,Beraza,Guillermo BERAZA,1,False,Medio,MF,Medio centro organizador,54,54,57,53,50,57,64,60,57,66,67,19,1975-10-20,22,Argentina,Argentina,Junín (Buenos Aires),,,,,,18,blanco,moreno,EQ003003.PKF,1764339,original
gim-entre-ríos-1658-25952,25952,gim-entre-ríos-1658,Gim. Entre Ríos,Saboredo,Cristian Alberto SABOREDO,1,False,Medio,MF,Media punta izquierda,59,59,59,62,56,60,62,63,66,71,57,19,1979-04-18,19,Argentina,Argentina,Concepción de Uruguay (Entre Rios),,,,,,17,blanco,moreno,EQ003003.PKF,1764470,original
gim-entre-ríos-1658-25953,25953,gim-entre-ríos-1658,Gim. Entre Ríos,Sena,Oscar SENA,1,False,Medio,MF,Interior izquierdo,62,62,64,67,57,62,64,62,71,62,59,19,1975-05-27,23,Argentina,Argentina,Corrientes,,,,,,8,blanco,moreno,EQ003003.PKF,1764627,original
gim-entre-ríos-1658-25954,25954,gim-entre-ríos-1658,Gim. Entre Ríos,González,Silvio Ricardo GONZÁLEZ,1,False,Medio,MF,Medio centro organizador,65,65,58,73,66,64,64,55,62,70,57,19,1975-10-24,22,Argentina,Argentina,Concepción de Uruguay,,,,,,10,blanco,castano,EQ003003.PKF,1764744,original
gim-entre-ríos-1658-25955,25955,gim-entre-ríos-1658,Gim. Entre Ríos,Orcellet,Hernán A. ORCELLET,1,False,Medio,MF,Extremo derecho,65,65,66,62,67,66,60,64,65,63,62,19,1972-05-07,26,Argentina,Argentina,Concepción de Uruguay,,,,,,7,blanco,moreno,EQ003003.PKF,1764886,original
gim-entre-ríos-1658-25956,25956,gim-entre-ríos-1658,Gim. Entre Ríos,Díaz,Maximiliano L. DÍAZ,1,False,Medio,MF,Centrocampista derecha,59,59,64,59,56,59,57,64,65,59,61,19,1971-08-25,26,Argentina,Argentina,Concordia (Entre Rios),,,,,,6,blanco,castano,EQ003003.PKF,1765023,original
gim-entre-ríos-1658-25957,25957,gim-entre-ríos-1658,Gim. Entre Ríos,Montalbetti,Guillermo A. MONTALBETTI,1,False,Medio,MF,Centrocampista izquierda,64,64,62,69,61,66,53,60,65,58,63,19,1972-03-24,26,Argentina,Argentina,Concepción de Uruguay,,,,,,3,blanco,castano,EQ003003.PKF,1765158,original
gim-entre-ríos-1658-25958,25958,gim-entre-ríos-1658,Gim. Entre Ríos,Reynoso,Nahuel Antonio REYNOSO,1,False,Delantero,FW,Delantero centro,57,57,58,54,56,61,68,66,61,65,63,19,1972-05-15,26,Argentina,Argentina,Las Rosas (Sta. Fe),,,,,,16,blanco,castano,EQ003003.PKF,1765304,original
gim-entre-ríos-1658-25959,25959,gim-entre-ríos-1658,Gim. Entre Ríos,Portabales,Sergio PORTABALES,1,False,Delantero,FW,Extremo izquierdo,64,64,64,69,61,64,67,62,64,72,70,19,1974-10-08,23,Argentina,Argentina,Mar de la Plata (Buenos Aires),,,,,,11,blanco,castano,EQ003003.PKF,1765444,original
gim-entre-ríos-1658-25960,25960,gim-entre-ríos-1658,Gim. Entre Ríos,Stranges,Jorge Adrián STRANGES,1,False,Delantero,FW,Delantero centro,61,61,60,64,58,62,74,66,62,64,53,19,1969-02-16,29,Argentina,Argentina,Rosario (Sta. Fe),,,,,,9,blanco,castano,EQ003003.PKF,1765589,original
el-porvenir-1596-5373,5373,el-porvenir-1596,El Porvenir,N. Cambiasso,NICOLAS Carlos CAMBIASSO Deleau,25,False,Portero,GK,Portero,47,47,37,39,57,58,12,17,33,21,21,60,1978-04-02,20,España,Argentina,Buenos Aires (Argentina),186,76,,,,20,blanco,castano,EQ003003.PKF,1766281,original
el-porvenir-1596-26616,26616,el-porvenir-1596,El Porvenir,Azzaro,Miguel AZZARO Martínez,1,False,Portero,GK,Portero,58,58,60,58,57,60,33,35,28,32,32,70,1977-06-30,21,Argentina,Argentina,Lomas de Zamora,,,,,,12,blanco,castano,EQ003003.PKF,1767459,original
el-porvenir-1596-26617,26617,el-porvenir-1596,El Porvenir,Dubra,Fernando Gabriel DUBRA,1,False,Portero,GK,Portero,66,66,64,66,64,71,53,59,52,46,56,65,1974-05-25,24,Argentina,Argentina,Lanús,,,,,,1,blanco,castano,EQ003003.PKF,1767591,original
el-porvenir-1596-26618,26618,el-porvenir-1596,El Porvenir,Valentini,Mariano Ariel VALENTINI,1,False,Medio,MF,Media punta por el centro,67,67,69,67,66,69,61,63,65,60,57,19,1975-01-24,23,Argentina,Argentina,Lomas de Zamora (BA),,,,,,6,blanco,castano,EQ003003.PKF,1767725,original
el-porvenir-1596-26619,26619,el-porvenir-1596,El Porvenir,Sanfilippo,Walter G. SANFILIPPO,1,False,Medio,MF,Interior izquierdo,59,59,61,60,55,63,58,65,61,61,55,19,1975-11-23,22,Argentina,Argentina,Capital Federal,,,,,,25,blanco,castano,EQ003003.PKF,1767868,original
el-porvenir-1596-26620,26620,el-porvenir-1596,El Porvenir,Sáchez,José Luis SÁNCHEZ,1,False,Medio,MF,Centrocampista derecha,63,63,63,62,60,69,66,65,65,66,57,19,1974-05-26,24,Argentina,Argentina,Capital Federal,,,,,,8,blanco,castano,EQ003003.PKF,1768007,original
el-porvenir-1596-26621,26621,el-porvenir-1596,El Porvenir,Placereano,Marcelo F. PLACEREANO,1,False,Medio,MF,Interior derecho,62,62,62,60,61,66,55,59,67,61,57,17,1969-04-06,29,Argentina,Argentina,Córdoba,,,,,,7,blanco,castano,EQ003003.PKF,1768139,original
el-porvenir-1596-26622,26622,el-porvenir-1596,El Porvenir,Pérez,Mauricio Hernán PÉREZ,1,False,Medio,MF,Interior izquierdo,53,53,54,54,51,55,59,59,61,57,57,19,1977-02-04,21,Argentina,Argentina,Lanús (BA),,,,,,23,blanco,castano,EQ003003.PKF,1768269,original
el-porvenir-1596-26623,26623,el-porvenir-1596,El Porvenir,Monarriz,Diego Óscar MONARRIZ,1,False,Medio,MF,Centrocampista derecha,56,56,56,55,55,58,55,60,61,59,57,19,1968-03-02,30,Argentina,Argentina,Capital Federal,,,,,,16,blanco,moreno,EQ003003.PKF,1768395,original
el-porvenir-1596-26624,26624,el-porvenir-1596,El Porvenir,Mencia,Osvaldo Rogelio MENCIA,1,False,Medio,MF,Interior derecho,57,57,59,58,55,57,59,60,61,59,54,19,1977-01-24,21,Argentina,Argentina,Formosa,,,,,,17,blanco,castano,EQ003003.PKF,1768526,original
el-porvenir-1596-26625,26625,el-porvenir-1596,El Porvenir,Almirón,Alfredo Antonio ALMIRÓN,1,False,Medio,MF,Interior derecho,55,55,59,55,50,58,57,62,67,52,58,19,1970-02-20,28,Argelia,Argentina,Capital Federal,,,,,,24,blanco,castano,EQ003003.PKF,1768647,original
el-porvenir-1596-24686,24686,el-porvenir-1596,El Porvenir,Luengo,Héctor Gustavo LUENGO,0,False,Defensa,DF,Lateral derecho,52,52,55,52,51,50,50,56,55,57,63,19,1969-03-09,29,Argentina,Argentina,Lanús (BA),176,65,,,,14,blanco,moreno,EQ003003.PKF,1768779,original
el-porvenir-1596-26626,26626,el-porvenir-1596,El Porvenir,L. Estalote,Juan C. Lago ESYALOTE,1,False,Defensa,DF,Lateral izquierdo,64,64,66,62,63,68,61,62,67,57,70,19,1976-02-27,22,Argentina,Argentina,Avellaneda (BA),,,,,,3,blanco,castano,EQ003003.PKF,1768945,original
el-porvenir-1596-26627,26627,el-porvenir-1596,El Porvenir,Guglielmetti,Julián Pablo GUGLIELMETTI,1,False,Defensa,DF,Lateral derecho,54,54,55,54,53,57,50,54,58,53,66,19,1977-02-11,21,Argentina,Argentina,Capital Federal,,,,,,18,blanco,castano,EQ003003.PKF,1769082,original
el-porvenir-1596-26628,26628,el-porvenir-1596,El Porvenir,González,Hernán Adrián GONZÁLEZ,1,False,Defensa,DF,Lateral derecho,65,65,66,65,64,66,56,62,59,57,70,19,1976-11-20,21,Argentina,Argentina,Avellaneda (BA),,,,,,2,blanco,castano,EQ003003.PKF,1769225,original
el-porvenir-1596-26629,26629,el-porvenir-1596,El Porvenir,Gómez,Gabriel Alberto GÓMEZ,1,False,Defensa,DF,Central derecho,54,54,54,53,53,57,52,57,59,54,57,19,1977-04-10,21,Argentina,Argentina,Capital Federal,,,,,,19,blanco,rubio,EQ003003.PKF,1769360,original
el-porvenir-1596-26630,26630,el-porvenir-1596,El Porvenir,García,Sebastián Aníbal GARCÍA,1,False,Defensa,DF,Central derecho,56,56,58,55,56,56,55,57,52,50,59,19,1978-02-11,20,Argentina,Argentina,Mar del Plata (BA),,,,,,22,blanco,castano,EQ003003.PKF,1769491,original
el-porvenir-1596-26631,26631,el-porvenir-1596,El Porvenir,Franchini,Marcelo A. FRANCHINI,1,False,Defensa,DF,Central derecho,68,68,69,68,68,69,57,66,66,54,70,19,1968-09-17,29,Argentina,Argentina,Ensenada (BA),,,,,,5,blanco,castano,EQ003003.PKF,1769628,original
el-porvenir-1596-26632,26632,el-porvenir-1596,El Porvenir,Fernández,Lucas Álvao FERNÁNDEZ,1,False,Defensa,DF,Lateral izquierdo,58,58,58,59,57,61,53,60,57,53,70,19,1977-01-04,21,Argentina,Argentina,Capital Federal,,,,,,21,blanco,castano,EQ003003.PKF,1769759,original
el-porvenir-1596-26633,26633,el-porvenir-1596,El Porvenir,Delfino,Iván Raúl DELFINO,1,False,Defensa,DF,Central derecho,64,64,66,61,62,67,56,57,66,61,68,19,1971-09-16,26,Argentina,Argentina,Sunchales,,,,,,4,blanco,castano,EQ003003.PKF,1769899,original
el-porvenir-1596-26634,26634,el-porvenir-1596,El Porvenir,Andrade,Carlos H. ANDRADE,1,False,Defensa,DF,Lateral derecho,55,55,55,53,55,60,56,62,58,57,63,19,1977-02-02,21,Argentina,Argentina,Gualeguaychú,,,,,,13,blanco,castano,EQ003003.PKF,1770027,original
el-porvenir-1596-26635,26635,el-porvenir-1596,El Porvenir,Maurino,Hernán Abel MAURINO,1,False,Delantero,FW,Delantero centro,56,56,57,53,55,60,63,59,60,64,56,19,1977-08-31,20,Argentina,Argentina,Río Cuarto,,,,,,15,blanco,moreno,EQ003003.PKF,1770151,original
el-porvenir-1596-26636,26636,el-porvenir-1596,El Porvenir,Forestello,Rubén Darío FORESTELLO,1,False,Delantero,FW,Extremo derecho,67,67,70,66,64,70,71,66,66,71,53,19,1971-02-15,27,Argentina,Argentina,Urealicó,,,,,,10,blanco,castano,EQ003003.PKF,1770277,original
el-porvenir-1596-26637,26637,el-porvenir-1596,El Porvenir,Coronel,Miguel Jacinto CORONEL,1,False,Delantero,FW,Media punta por el centro,64,64,68,65,60,66,67,69,69,68,56,19,1976-02-10,22,Argentina,Argentina,Capital Federal,,,,,,11,blanco,castano,EQ003003.PKF,1770412,original
el-porvenir-1596-26638,26638,el-porvenir-1596,El Porvenir,Celada,Fabián Alejandro CELADA,1,False,Delantero,FW,Delantero centro,68,68,69,67,66,71,71,68,67,73,54,19,1974-02-27,24,Argentina,Argentina,Pozo de Molle,,,,,,9,blanco,castano,EQ003003.PKF,1770547,original
estrellas-argentina-608-21947,21947,estrellas-argentina-608,Estrellas ARGENTINA,Galca,Constantin GALCA,1,False,Medio,MF,Centrocampista izquierda,80,80,82,80,77,84,75,81,80,78,66,22,1972-03-08,26,Rumania,Rumania,-,179,73,,,,1,blanco,castano,EQ003003.PKF,1771270,original
estrellas-argentina-608-21948,21948,estrellas-argentina-608,Estrellas ARGENTINA,Samways,Vinny SAMWAYS,1,False,Medio,MF,Medio centro organizador,80,80,81,81,81,80,64,82,86,81,71,22,1968-10-27,29,Inglaterra,Inglaterra,-,177,74,,,,2,blanco,moreno,EQ003003.PKF,1771380,original
estrellas-argentina-608-21949,21949,estrellas-argentina-608,Estrellas ARGENTINA,Stojkovic,Dragan STOJKOVIC,1,False,Medio,MF,Media punta por el centro,83,83,86,77,83,89,71,86,84,87,64,12,1965-03-03,33,Yugoslavia,Yugoslavia,-,178,75,,,,3,blanco,moreno,EQ003003.PKF,1771491,original
estrellas-argentina-608-21950,21950,estrellas-argentina-608,Estrellas ARGENTINA,Oséas,OSEAS Reis Dos Santos,1,False,Delantero,FW,Delantero centro,84,84,86,82,83,85,82,89,77,84,53,12,1971-09-12,26,Brasil,Brasil,-,185,83,,,,4,negro,moreno,EQ003003.PKF,1771611,original
estrellas-argentina-608-21951,21951,estrellas-argentina-608,Estrellas ARGENTINA,Turu Flores,José Oscar FLORES,1,False,Delantero,FW,Delantero centro,84,84,88,84,85,82,91,80,78,87,53,12,1971-05-16,27,Argentina,Argentina,-,185,90,,,,5,blanco,moreno,EQ003003.PKF,1771732,original
estrellas-argentina-608-21952,21952,estrellas-argentina-608,Estrellas ARGENTINA,Rodrigo,Rodrigo Fabri,1,False,Medio,MF,Media punta izquierda,88,88,90,86,88,88,72,95,84,86,50,9,1976-01-15,22,Brasil,Brasil,-,181,74,,,,10,blanco,castano,EQ003003.PKF,1771851,original
estrellas-argentina-608-21953,21953,estrellas-argentina-608,Estrellas ARGENTINA,Míchel,"J. Miguel González, MICHEL",1,False,Medio,MF,Centrocampista derecha,81,81,78,76,81,92,77,88,92,92,64,12,1963-03-23,35,España,España,-,183,77,,,,8,blanco,moreno,EQ003003.PKF,1771965,original
estrellas-argentina-608-21954,21954,estrellas-argentina-608,Estrellas ARGENTINA,Butragueño,Emilio BUTRAGUEÑO Santos,1,False,Delantero,FW,Delantero centro,82,82,85,75,73,97,87,97,91,79,58,12,1963-07-22,34,España,España,-,170,68,,,,9,blanco,rubio,EQ003003.PKF,1772093,original
estrellas-argentina-608-21955,21955,estrellas-argentina-608,Estrellas ARGENTINA,Carlos,CARLOS Muñoz Cobos,1,False,Delantero,FW,Delantero centro,78,78,81,76,76,80,88,75,75,86,65,12,1961-08-25,36,España,España,-,176,73,,,,10,blanco,moreno,EQ003003.PKF,1772223,original
estrellas-argentina-608-21956,21956,estrellas-argentina-608,Estrellas ARGENTINA,Hugo Morales,Hugo MORALES,1,False,Medio,MF,Centrocampista derecha,84,84,83,83,85,87,78,82,83,81,67,12,1974-07-30,23,Argentina,Argentina,-,174,75,,,,11,blanco,moreno,EQ003003.PKF,1772334,original
estrellas-argentina-608-21957,21957,estrellas-argentina-608,Estrellas ARGENTINA,Laudrup,Michael LAUDRUP,1,False,Delantero,FW,Media punta por el centro,87,87,91,83,79,97,69,90,93,73,51,12,1964-06-15,34,Dinamarca,Dinamarca,-,182,79,,,,12,blanco,rubio,EQ003003.PKF,1772444,original
juveniles-argentina-2064-27634,27634,juveniles-argentina-2064,Juveniles ARGENTINA,Mallo,Daniel MALLO Castro,28,True,Portero,GK,Portero,80,80,79,82,80,80,20,23,10,10,14,86,1979-01-25,19,Argentina,Argentina,-,184,80,,,,28,blanco,castano,EQ003003.PKF,1773502,original
juveniles-argentina-2064-27635,27635,juveniles-argentina-2064,Juveniles ARGENTINA,Cannoville,Lee CANNOVILLE,27,True,Portero,GK,Portero,82,82,84,82,80,84,20,23,10,10,14,86,1982-10-12,15,Argentina,Argentina,-,183,80,,,,27,blanco,castano,EQ003003.PKF,1773616,original
juveniles-argentina-2064-27636,27636,juveniles-argentina-2064,Juveniles ARGENTINA,Ruiz,Carlos RUIZ Martín,2,True,Portero,GK,Portero,85,85,86,86,83,87,21,23,18,16,21,88,1979-01-29,19,Argentina,Argentina,-,180,73,,,,2,blanco,moreno,EQ003003.PKF,1773728,original
juveniles-argentina-2064-27637,27637,juveniles-argentina-2064,Juveniles ARGENTINA,Moso,Joaquín MOSO Hernández,1,True,Portero,GK,Portero,85,85,86,86,83,87,21,23,18,16,21,88,1978-09-07,19,Argentina,Argentina,-,182,75,,,,1,blanco,castano,EQ003003.PKF,1773841,original
juveniles-argentina-2064-27638,27638,juveniles-argentina-2064,Juveniles ARGENTINA,Allman,Anthony ALLMAN,1,True,Defensa,DF,Lateral izquierdo,74,74,79,80,57,82,66,62,78,71,64,18,1982-02-11,16,Argentina,Argentina,Milán,180,78,,,,40,blanco,castano,EQ003003.PKF,1773956,original
juveniles-argentina-2064-27639,27639,juveniles-argentina-2064,Juveniles ARGENTINA,Zangirolami,Diego ZANGIROLAMI,10,True,Defensa,DF,Libre,79,79,76,82,78,80,26,57,85,76,70,19,1978-10-03,19,Argentina,Argentina,-,178,74,,,,10,blanco,castano,EQ003003.PKF,1774070,original
juveniles-argentina-2064-27640,27640,juveniles-argentina-2064,Juveniles ARGENTINA,Di Bisceglia,Alesio DI BISCEGLIA,33,True,Defensa,DF,Lateral izquierdo,80,80,78,88,69,86,57,73,76,81,80,19,1978-05-20,20,Argentina,Argentina,-,177,73,,,,33,blanco,castano,EQ003003.PKF,1774180,original
juveniles-argentina-2064-27641,27641,juveniles-argentina-2064,Juveniles ARGENTINA,Fitzpatrick,Ian FITZPATRICK,39,True,Defensa,DF,Lateral derecho,82,82,83,83,76,86,61,73,75,57,66,12,1978-06-17,20,Argentina,Argentina,-,176,70,,,,39,blanco,castano,EQ003003.PKF,1774297,original
juveniles-argentina-2064-27642,27642,juveniles-argentina-2064,Juveniles ARGENTINA,Zini,Danilo ZINI,43,True,Defensa,DF,Lateral izquierdo,75,75,83,80,61,76,67,76,73,80,57,19,1978-06-01,20,Argentina,Argentina,-,180,76,,,,43,blanco,moreno,EQ003003.PKF,1774408,original
juveniles-argentina-2064-27643,27643,juveniles-argentina-2064,Juveniles ARGENTINA,Mercuri,Stéfano MERCURI,32,True,Defensa,DF,Lateral izquierdo,83,83,83,90,75,85,64,75,67,63,73,14,1978-02-16,20,Argentina,Argentina,Turín,178,75,,,,32,blanco,moreno,EQ003003.PKF,1774505,original
juveniles-argentina-2064-27644,27644,juveniles-argentina-2064,Juveniles ARGENTINA,D'apice,Luigi D'APICE,49,True,Defensa,DF,Lateral derecho,81,81,84,84,79,80,73,83,74,80,86,15,1978-05-19,20,Argentina,Argentina,-,177,71,,,,49,blanco,moreno,EQ003003.PKF,1774618,original
juveniles-argentina-2064-27645,27645,juveniles-argentina-2064,Juveniles ARGENTINA,Pazzaglia,Massimo PAZZAGLIA,46,True,Defensa,DF,Libre,79,79,84,79,79,76,81,73,76,78,88,15,1977-10-26,20,Argentina,Argentina,-,181,78,,,,46,blanco,moreno,EQ003003.PKF,1774726,original
juveniles-argentina-2064-27646,27646,juveniles-argentina-2064,Juveniles ARGENTINA,Netrella,Luca NETRELLA,44,True,Defensa,DF,Central izquierdo,81,81,84,79,79,83,81,72,75,73,88,18,1978-04-04,20,Argentina,Argentina,-,186,81,,,,44,blanco,moreno,EQ003003.PKF,1774841,original
juveniles-argentina-2064-27647,27647,juveniles-argentina-2064,Juveniles ARGENTINA,Leo,J. Francisco LEO Bermejo,9,True,Defensa,DF,Lateral izquierdo,85,85,81,88,84,87,77,85,79,73,84,21,1979-08-24,18,Argentina,Argentina,-,175,74,,,,9,blanco,castano,EQ003003.PKF,1774957,original
juveniles-argentina-2064-27648,27648,juveniles-argentina-2064,Juveniles ARGENTINA,Higgins,Alex HIGGINS,8,True,Defensa,DF,Libre,81,81,83,86,80,77,77,79,79,73,90,21,1982-10-20,15,Argentina,Argentina,-,186,80,,,,8,blanco,castano,EQ003003.PKF,1775073,original
juveniles-argentina-2064-27649,27649,juveniles-argentina-2064,Juveniles ARGENTINA,Jiménez,Roberto JIMENEZ García,6,True,Defensa,DF,Libre,85,85,81,88,84,87,77,79,79,73,90,21,1978-09-27,19,Argentina,Argentina,-,178,74,,,,6,blanco,castano,EQ003003.PKF,1775182,original
juveniles-argentina-2064-27650,27650,juveniles-argentina-2064,Juveniles ARGENTINA,Heli,HELIodoro Alvarez Barrera,5,True,Defensa,DF,Libre,85,85,81,88,84,87,77,79,79,73,90,21,1979-03-31,19,Argentina,Argentina,-,179,75,,,,5,blanco,moreno,EQ003003.PKF,1775299,original
juveniles-argentina-2064-27651,27651,juveniles-argentina-2064,Juveniles ARGENTINA,Ferrón,Jordi FERRON Forné,4,True,Defensa,DF,Central izquierdo,86,86,86,86,88,87,73,75,74,75,90,16,1978-08-19,19,Argentina,Argentina,-,176,72,,,,4,blanco,castano,EQ003003.PKF,1775415,original
juveniles-argentina-2064-0,0,juveniles-argentina-2064,Juveniles ARGENTINA,"J.Jones ""Intelectual""",Javier de Juan Jones,1,True,Portero,GK,Portero,64,64,69,57,57,76,38,57,38,57,19,76,1970-03-29,28,Argentina,Argentina,Coit D'Or,,,,,,1,negro,moreno,EQ003003.PKF,1775529,original
juveniles-argentina-2064-0-off1775674,0,juveniles-argentina-2064,Juveniles ARGENTINA,Castelló,Javier Castelló,1,True,Delantero,FW,Delantero centro,75,75,57,76,76,93,95,92,81,76,95,39,1974-11-09,23,Argentina,Argentina,El Olimpo (Villalba),170,70,,,,1,negro,moreno,EQ003003.PKF,1775674,original
juveniles-argentina-2064-27652,27652,juveniles-argentina-2064,Juveniles ARGENTINA,Silva,Luca SILVA,17,True,Delantero,FW,Delantero centro,83,83,82,86,81,85,80,77,86,82,72,26,1978-02-27,20,Argentina,Argentina,-,179,75,,,,17,blanco,moreno,EQ003003.PKF,1775812,original
juveniles-argentina-2064-27653,27653,juveniles-argentina-2064,Juveniles ARGENTINA,Nicolazzi,Marco NICOLAZZI,18,True,Delantero,FW,Delantero centro,78,78,85,79,69,81,76,79,77,82,57,11,1978-04-02,20,Argentina,Argentina,-,179,73,,,,18,blanco,moreno,EQ003003.PKF,1775913,original
juveniles-argentina-2064-27654,27654,juveniles-argentina-2064,Juveniles ARGENTINA,Riccardo,Giovanni RICCARDO,12,True,Delantero,FW,Delantero centro,83,83,85,87,76,87,83,82,76,83,46,25,1978-06-03,20,Argentina,Argentina,-,183,78,,,,12,blanco,moreno,EQ003003.PKF,1776023,original
juveniles-argentina-2064-27655,27655,juveniles-argentina-2064,Juveniles ARGENTINA,Paniccia,Giacomo PANICCIA,16,True,Delantero,FW,Delantero centro,73,73,82,76,57,77,66,73,80,72,60,21,1977-05-17,21,Argentina,Argentina,-,175,70,,,,16,blanco,moreno,EQ003003.PKF,1776135,original
juveniles-argentina-2064-27656,27656,juveniles-argentina-2064,Juveniles ARGENTINA,Montanaro,Ivano MONTANARO,36,True,Delantero,FW,Delantero centro,81,81,80,83,76,85,66,78,83,74,42,20,1978-01-18,20,Argentina,Argentina,-,180,75,,,,36,blanco,moreno,EQ003003.PKF,1776245,original
juveniles-argentina-2064-27657,27657,juveniles-argentina-2064,Juveniles ARGENTINA,Stivan,Paul Andrés STIVAN,3,True,Delantero,FW,Delantero centro,81,81,83,82,83,76,73,61,78,73,38,19,1978-01-10,20,Argentina,Argentina,Canelones,176,74,,,,3,blanco,moreno,EQ003003.PKF,1776351,original
juveniles-argentina-2064-27658,27658,juveniles-argentina-2064,Juveniles ARGENTINA,Benito,Eduardo BENITO Fernández,7,True,Delantero,FW,Medio centro organizador,80,80,82,84,72,85,74,84,85,77,66,22,1981-04-02,17,Argentina,Argentina,-,174,71,,,,7,blanco,castano,EQ003003.PKF,1776465,original
juveniles-argentina-2064-27659,27659,juveniles-argentina-2064,Juveniles ARGENTINA,Jonathan,JONATHAN Torres Hernández,42,True,Delantero,FW,Delantero centro,81,81,84,79,79,83,81,83,82,82,63,14,1977-12-11,20,Argentina,Argentina,-,178,75,,,,42,blanco,moreno,EQ003003.PKF,1776577,original
juveniles-argentina-2064-27660,27660,juveniles-argentina-2064,Juveniles ARGENTINA,Luque,José Juan LUQUE Jiménez,41,True,Delantero,FW,Extremo izquierdo,81,81,84,79,79,83,81,83,82,73,66,17,1977-10-16,20,Argentina,Argentina,-,178,75,,,,41,blanco,moreno,EQ003003.PKF,1776699,original
juveniles-argentina-2064-27661,27661,juveniles-argentina-2064,Juveniles ARGENTINA,Mora,Jesús MORA,38,True,Delantero,FW,Delantero centro,81,81,84,76,82,83,82,88,88,82,66,21,1978-01-24,20,Argentina,Argentina,-,175,70,,,,38,blanco,castano,EQ003003.PKF,1776815,original
juveniles-argentina-2064-27662,27662,juveniles-argentina-2064,Juveniles ARGENTINA,Bermejo,Mario BERMEJO,25,True,Delantero,FW,Delantero centro,81,81,75,80,88,84,84,82,76,76,82,23,1981-11-04,16,Argentina,Argentina,-,178,75,,,,25,blanco,moreno,EQ003003.PKF,1776917,original
juveniles-argentina-2064-27663,27663,juveniles-argentina-2064,Juveniles ARGENTINA,Longo,Raffaele LONGO,13,True,Medio,MF,Delantero centro,79,79,78,80,76,82,76,76,88,88,57,19,1977-09-06,20,Argentina,Argentina,-,180,76,,,,13,blanco,moreno,EQ003003.PKF,1777026,original
juveniles-argentina-2064-27664,27664,juveniles-argentina-2064,Juveniles ARGENTINA,Antonelli,Filippo ANTONELLI,34,True,Medio,MF,Medio centro organizador,71,71,76,80,49,80,71,78,81,83,68,19,1978-07-13,19,Argentina,Argentina,-,178,73,,,,34,blanco,castano,EQ003003.PKF,1777127,original
juveniles-argentina-2064-27665,27665,juveniles-argentina-2064,Juveniles ARGENTINA,Varano,Francesco VARANO,37,True,Medio,MF,Medio centro organizador,73,73,76,72,68,79,72,76,84,81,65,19,1978-01-11,20,Argentina,Argentina,-,178,75,,,,37,blanco,castano,EQ003003.PKF,1777235,original
juveniles-argentina-2064-27666,27666,juveniles-argentina-2064,Juveniles ARGENTINA,Corona,"Miguel A. García Pérez, CORONA",29,True,Medio,MF,Centrocampista izquierda,76,76,81,83,67,76,80,82,74,67,59,18,1981-08-07,16,Argentina,Argentina,-,174,70,,,,29,blanco,castano,EQ003003.PKF,1777344,original
juveniles-argentina-2064-27667,27667,juveniles-argentina-2064,Juveniles ARGENTINA,Cortés,CORTES,30,True,Medio,MF,Medio centro organizador,81,81,83,86,73,84,60,71,87,74,62,20,1979-02-04,19,Argentina,Argentina,-,178,75,,,,30,blanco,moreno,EQ003003.PKF,1777462,original
juveniles-argentina-2064-27668,27668,juveniles-argentina-2064,Juveniles ARGENTINA,Gabri,GABRI,26,True,Medio,MF,Medio centro organizador,80,80,85,81,67,87,60,82,84,78,63,20,1979-04-07,19,Argentina,Argentina,-,175,74,,,,26,blanco,moreno,EQ003003.PKF,1777556,original
juveniles-argentina-2064-27669,27669,juveniles-argentina-2064,Juveniles ARGENTINA,Bruno,Alessandro BRUNO,31,True,Medio,MF,Medio centro organizador,84,84,84,88,76,88,73,76,84,76,63,26,1978-03-09,20,Argentina,Argentina,Turín,180,76,,,,31,blanco,moreno,EQ003003.PKF,1777648,original
juveniles-argentina-2064-27670,27670,juveniles-argentina-2064,Juveniles ARGENTINA,Berto,Sandro BERTO,50,True,Medio,MF,Centrocampista izquierda,84,84,84,84,84,85,86,83,84,80,86,7,1978-03-24,20,Argentina,Argentina,-,176,71,,,,50,blanco,moreno,EQ003003.PKF,1777755,original
juveniles-argentina-2064-27671,27671,juveniles-argentina-2064,Juveniles ARGENTINA,Cimadomo,Angelo CIMADOMO,48,True,Medio,MF,Medio centro defensivo,81,81,84,84,79,80,73,74,86,83,70,15,1978-03-13,20,Argentina,Argentina,-,177,71,,,,48,blanco,moreno,EQ003003.PKF,1777859,original
juveniles-argentina-2064-27672,27672,juveniles-argentina-2064,Juveniles ARGENTINA,Ghent,Matthew GHENT,47,True,Defensa,DF,Central derecho,81,81,84,84,79,80,81,86,86,78,70,15,1978-04-11,20,Argentina,Argentina,-,176,71,,,,47,blanco,moreno,EQ003003.PKF,1777970,original
juveniles-argentina-2064-27673,27673,juveniles-argentina-2064,Juveniles ARGENTINA,Holmes,Peter HOLMES,45,True,Medio,MF,Interior derecho,81,81,84,79,79,83,79,82,82,85,70,15,1982-05-23,16,Argentina,Argentina,-,181,78,,,,45,blanco,moreno,EQ003003.PKF,1778077,original
juveniles-argentina-2064-27674,27674,juveniles-argentina-2064,Juveniles ARGENTINA,Johnston,Ray JOHNSTON,35,True,Medio,MF,Medio centro defensivo,79,79,84,76,77,82,70,81,88,82,70,20,1977-09-01,20,Argentina,Argentina,-,177,74,,,,35,blanco,castano,EQ003003.PKF,1778191,original
juveniles-argentina-2064-27675,27675,juveniles-argentina-2064,Juveniles ARGENTINA,Maley,Mark MALEY,24,True,Medio,MF,Medio centro organizador,81,81,75,80,88,84,76,79,82,85,82,23,1980-11-04,17,Argentina,Argentina,-,178,75,,,,24,blanco,moreno,EQ003003.PKF,1778302,original
juveniles-argentina-2064-27676,27676,juveniles-argentina-2064,Juveniles ARGENTINA,Weston,Rhys WESTON,23,True,Medio,MF,Interior derecho,83,83,86,82,88,79,76,90,78,85,68,23,1980-07-03,17,Argentina,Argentina,-,178,75,,,,23,blanco,moreno,EQ003003.PKF,1778407,original
juveniles-argentina-2064-27677,27677,juveniles-argentina-2064,Juveniles ARGENTINA,Nicholson,Kevin NICHOLSON,15,True,Medio,MF,Interior derecho,82,82,84,79,79,86,74,89,83,84,74,18,1979-02-26,19,Argentina,Argentina,-,176,68,,,,15,blanco,moreno,EQ003003.PKF,1778511,original
juveniles-argentina-2064-27678,27678,juveniles-argentina-2064,Juveniles ARGENTINA,Foster,Stephen FOSTER,14,True,Medio,MF,Centrocampista derecha,82,82,85,79,81,85,71,82,83,84,84,24,1980-09-18,17,Argentina,Argentina,-,178,71,,,,14,blanco,moreno,EQ003003.PKF,1778621,original
juveniles-argentina-2064-27679,27679,juveniles-argentina-2064,Juveniles ARGENTINA,Jeffers,Francis JEFFERS,11,True,Delantero,FW,Delantero centro,80,80,80,75,76,89,70,84,90,86,64,19,1981-04-02,17,Argentina,Argentina,-,177,74,,,,11,blanco,castano,EQ003003.PKF,1778732,original
juveniles-argentina-2064-27680,27680,juveniles-argentina-2064,Juveniles ARGENTINA,Parker,Scott PARKER,22,True,Delantero,FW,Delantero centro,82,82,86,82,78,83,76,90,81,78,68,23,1979-05-01,19,Argentina,Argentina,-,179,75,,,,22,blanco,moreno,EQ003003.PKF,1778844,original
juveniles-argentina-2064-27681,27681,juveniles-argentina-2064,Juveniles ARGENTINA,Taylor,Perry TAYLOR,21,True,Delantero,FW,Delantero centro,85,85,84,89,87,80,86,75,74,82,64,11,1982-03-26,16,Argentina,Argentina,-,182,76,,,,21,blanco,castano,EQ003003.PKF,1778953,original
juveniles-argentina-2064-27682,27682,juveniles-argentina-2064,Juveniles ARGENTINA,Standing,Michael STANDING,20,True,Delantero,FW,Delantero centro,85,85,84,89,87,80,86,75,74,82,64,11,1981-09-09,16,Argentina,Argentina,-,179,74,,,,20,blanco,castano,EQ003003.PKF,1779058,original
juveniles-argentina-2064-27683,27683,juveniles-argentina-2064,Juveniles ARGENTINA,Wheatcroft,Paul WHEATCROFT,19,True,Delantero,FW,Delantero centro,85,85,84,89,87,80,77,86,86,82,76,21,1982-01-15,16,Argentina,Argentina,-,176,72,,,,19,blanco,castano,EQ003003.PKF,1779171,original
